priority_rank,risk_score,risk_score_100,risk_band,risk_percentile_group,recommended_action,actual_fraud,months_as_customer,age,policy_state,policy_csl,policy_deductable,policy_annual_premium,umbrella_limit,insured_sex,insured_education_level,insured_occupation,insured_hobbies,insured_relationship,capital-gains,capital-loss,incident_type,collision_type,incident_severity,authorities_contacted,incident_state,incident_city,incident_hour_of_the_day,number_of_vehicles_involved,property_damage,bodily_injuries,witnesses,police_report_available,total_claim_amount,injury_claim,property_claim,vehicle_claim,auto_make,auto_model,auto_year,policy_duration_days,claim_to_premium_ratio,injury_claim_ratio,property_claim_ratio,vehicle_claim_ratio,is_night_incident,multi_vehicle_flag
1,0.9989425162726794,99.89,High,Very High,Immediate Review,0,439,56,IN,250/500,500,1082.49,0,FEMALE,PhD,prof-specialty,chess,unmarried,36100,-55000,Multi-vehicle Collision,Front Collision,Major Damage,Fire,SC,Columbus,12,3,,2,3,,56430,0,6270,50160,Honda,CRV,2014,2291,52.12981182274201,0.0,0.1111111111111111,0.8888888888888888,0,1
2,0.998855921792451,99.89,High,Very High,Immediate Review,0,208,41,IN,100/300,1000,1134.68,0,FEMALE,College,tech-support,chess,husband,0,0,Single Vehicle Collision,Rear Collision,Major Damage,Ambulance,SC,Northbend,18,1,NO,2,2,,69300,6930,13860,48510,Volkswagen,Jetta,1996,210,61.07448796136355,0.1,0.2,0.7,0,0
3,0.9984640670582767,99.85,High,Very High,Immediate Review,1,231,37,OH,250/500,500,920.81,0,FEMALE,High School,sales,chess,wife,0,0,Single Vehicle Collision,Rear Collision,Major Damage,Fire,SC,Hillsdale,14,1,YES,2,0,,71190,0,7910,63280,Mercedes,C300,1997,8464,77.31236628620454,0.0,0.1111111111111111,0.8888888888888888,0,0
4,0.9984331810303437,99.84,High,Very High,Immediate Review,0,229,41,OH,250/500,2000,1107.59,3000000,MALE,PhD,tech-support,chess,not-in-family,65400,0,Single Vehicle Collision,Side Collision,Major Damage,Other,NY,Columbus,23,1,NO,1,3,NO,62640,10440,10440,41760,Mercedes,C300,2009,5882,56.5552235032819,0.1666666666666666,0.1666666666666666,0.6666666666666666,1,0
5,0.9981889443274831,99.82,High,Very High,Immediate Review,1,140,32,IL,250/500,1000,985.97,5000000,FEMALE,College,protective-serv,cross-fit,other-relative,0,0,Single Vehicle Collision,Side Collision,Major Damage,Fire,VA,Northbrook,13,1,,2,3,,82170,14940,7470,59760,Chevrolet,Silverado,1995,6675,83.33924967291094,0.1818181818181818,0.0909090909090909,0.7272727272727273,0,0
6,0.9954838223125361,99.55,High,Very High,Immediate Review,1,456,62,OH,250/500,1000,1395.77,0,FEMALE,MD,protective-serv,chess,own-child,82600,-49500,Multi-vehicle Collision,Side Collision,Major Damage,Other,PA,Hillsdale,13,3,,1,3,NO,66480,5540,11080,49860,Saab,92x,2012,2054,47.629623791885486,0.0833333333333333,0.1666666666666666,0.75,0,1
7,0.9953442471151326,99.53,High,Very High,Immediate Review,0,140,36,OH,500/1000,2000,979.26,0,FEMALE,JD,transport-moving,cross-fit,own-child,0,-67000,Multi-vehicle Collision,Front Collision,Major Damage,Fire,NY,Riverwood,2,4,YES,0,2,YES,72800,14560,14560,43680,Honda,Accord,1998,5343,74.34184996834344,0.2,0.2,0.6,1,1
8,0.9953063156307126,99.53,High,Very High,Immediate Review,1,34,34,OH,500/1000,500,1295.87,0,FEMALE,PhD,priv-house-serv,chess,husband,0,0,Multi-vehicle Collision,Side Collision,Major Damage,Ambulance,NC,Columbus,4,3,,1,0,NO,50800,5080,5080,40640,Audi,A3,1997,8335,39.20146310972552,0.1,0.1,0.8,1,1
9,0.9948412206115183,99.48,High,Very High,Immediate Review,1,87,31,IN,500/1000,1000,1074.07,0,FEMALE,Masters,sales,chess,husband,0,-47500,Multi-vehicle Collision,Rear Collision,Major Damage,Fire,NY,Springfield,16,3,NO,0,3,YES,60940,5540,11080,44320,Nissan,Ultima,2006,2041,56.737456590352586,0.0909090909090909,0.1818181818181818,0.7272727272727273,0,1
10,0.9940150432646686,99.4,High,Very High,Immediate Review,1,202,34,IN,100/300,500,848.07,3000000,MALE,JD,exec-managerial,chess,not-in-family,31000,-30200,Vehicle Theft,,Minor Damage,,VA,Northbrook,5,1,YES,2,1,,5720,1040,520,4160,Suburu,Forrestor,2003,4556,6.744726260803943,0.1818181818181818,0.0909090909090909,0.7272727272727273,1,0
11,0.9930684723874446,99.31,High,Very High,Immediate Review,1,116,34,IN,250/500,500,1737.66,0,MALE,Associate,transport-moving,chess,unmarried,0,-24100,Single Vehicle Collision,Side Collision,Major Damage,Police,WV,Northbrook,1,1,,1,1,,97080,16180,16180,64720,BMW,X5,2001,854,55.86823659404026,0.1666666666666666,0.1666666666666666,0.6666666666666666,1,0
12,0.9923169929918292,99.23,High,Very High,Immediate Review,0,249,43,IL,250/500,1000,1518.46,0,FEMALE,MD,armed-forces,cross-fit,own-child,0,0,Single Vehicle Collision,Front Collision,Major Damage,Fire,SC,Riverwood,16,1,,0,0,YES,53500,5350,5350,42800,Saab,92x,2015,510,35.23306507909329,0.1,0.1,0.8,0,0
13,0.9902348233577093,99.02,High,Very High,Immediate Review,1,171,34,IN,250/500,2000,1277.25,0,FEMALE,College,exec-managerial,yachting,other-relative,84900,0,Single Vehicle Collision,Rear Collision,Major Damage,Police,NY,Springfield,14,1,NO,1,2,,69200,13840,6920,48440,Volkswagen,Passat,1996,6544,54.1788999804267,0.2,0.1,0.7,0,0
14,0.989335313046157,98.93,High,Very High,Immediate Review,1,398,58,OH,100/300,500,990.98,0,FEMALE,Associate,exec-managerial,cross-fit,wife,0,-57900,Single Vehicle Collision,Front Collision,Major Damage,Police,NC,Northbrook,18,1,YES,2,1,,99320,7640,15280,76400,Accura,TL,2002,5191,100.22402066641102,0.0769230769230769,0.1538461538461538,0.7692307692307693,0,0
15,0.9891904243316657,98.92,High,Very High,Immediate Review,1,128,31,IL,100/300,500,1045.12,0,FEMALE,High School,transport-moving,cross-fit,other-relative,0,-28300,Multi-vehicle Collision,Side Collision,Major Damage,Ambulance,NY,Springfield,2,3,NO,0,2,,69930,0,15540,54390,Ford,Escape,2013,7839,66.91097672994489,0.0,0.2222222222222222,0.7777777777777778,1,1
16,0.9869764758416502,98.7,High,Very High,Immediate Review,0,144,35,IL,100/300,500,1427.46,0,MALE,High School,machine-op-inspct,cross-fit,wife,0,0,Multi-vehicle Collision,Side Collision,Major Damage,Police,WV,Springfield,3,3,,0,0,,87900,17580,8790,61530,Dodge,Neon,1995,7823,61.57790761212223,0.2,0.1,0.7,1,1
17,0.9869685798880989,98.7,High,Very High,Immediate Review,1,22,29,IN,250/500,2000,1238.62,6000000,MALE,MD,exec-managerial,yachting,other-relative,0,-56200,Single Vehicle Collision,Rear Collision,Major Damage,Ambulance,SC,Springfield,14,1,,2,3,,70800,7080,14160,49560,Accura,MDX,2012,7556,57.16038817393552,0.1,0.2,0.7,0,0
18,0.9859366124892469,98.59,High,Very High,Immediate Review,1,279,43,OH,500/1000,2000,1281.25,0,MALE,Associate,machine-op-inspct,cross-fit,other-relative,0,0,Single Vehicle Collision,Side Collision,Major Damage,Police,SC,Columbus,13,1,YES,0,1,NO,57690,6410,12820,38460,Mercedes,C300,2010,7208,45.02634146341463,0.1111111111111111,0.2222222222222222,0.6666666666666666,0,0
19,0.984243678877363,98.42,High,Very High,Immediate Review,1,290,45,OH,100/300,1000,1311.3,0,FEMALE,Associate,machine-op-inspct,chess,wife,38500,0,Multi-vehicle Collision,Side Collision,Major Damage,Ambulance,NY,Hillsdale,23,3,YES,0,0,YES,52650,5850,5850,40950,Ford,F150,2001,8577,40.150995195607415,0.1111111111111111,0.1111111111111111,0.7777777777777778,1,1
20,0.9835064329444997,98.35,High,Very High,Immediate Review,0,381,55,OH,500/1000,500,1459.99,0,FEMALE,MD,other-service,chess,wife,35900,0,Single Vehicle Collision,Rear Collision,Major Damage,Fire,SC,Northbrook,8,1,YES,1,2,YES,60600,12120,6060,42420,Accura,TL,2011,8675,41.50713361050418,0.2,0.1,0.7,0,0
21,0.981688997951749,98.17,High,Very High,Immediate Review,1,147,37,IN,500/1000,2000,1375.29,0,FEMALE,Masters,armed-forces,chess,own-child,0,0,Multi-vehicle Collision,Side Collision,Major Damage,Ambulance,SC,Columbus,11,3,,0,1,,56160,6240,6240,43680,Ford,Fusion,2015,651,40.835023885871344,0.1111111111111111,0.1111111111111111,0.7777777777777778,0,1
22,0.9793272593225483,97.93,High,Very High,Immediate Review,0,447,61,OH,100/300,2000,1137.16,0,FEMALE,High School,exec-managerial,skydiving,other-relative,0,-51000,Multi-vehicle Collision,Front Collision,Major Damage,Fire,SC,Springfield,21,3,YES,1,2,YES,114920,17680,17680,79560,Audi,A3,2006,5741,101.05877800837172,0.1538461538461538,0.1538461538461538,0.6923076923076923,0,1
23,0.9759725147012092,97.6,High,Very High,Immediate Review,1,463,59,IL,250/500,1000,979.73,0,FEMALE,JD,exec-managerial,yachting,not-in-family,51700,0,Multi-vehicle Collision,Front Collision,Major Damage,Other,SC,Columbus,14,2,,1,2,NO,72400,7240,14480,50680,Chevrolet,Tahoe,1999,7498,73.89791064885223,0.1,0.2,0.7,0,1
24,0.97505169677194,97.51,High,Very High,Immediate Review,1,256,41,IL,250/500,2000,1415.74,6000000,FEMALE,PhD,armed-forces,board-games,unmarried,48900,-62400,Single Vehicle Collision,Front Collision,Major Damage,Police,OH,Arlington,5,1,,1,2,NO,63400,6340,6340,50720,Chevrolet,Tahoe,2014,8996,44.782234026021726,0.1,0.1,0.8,1,0
25,0.9730300008790258,97.3,High,Very High,Immediate Review,1,242,44,IL,500/1000,2000,1396.89,6000000,FEMALE,College,priv-house-serv,chess,other-relative,0,-61600,Multi-vehicle Collision,Front Collision,Minor Damage,Other,SC,Springfield,15,3,NO,1,2,YES,66900,6690,13380,46830,Suburu,Forrestor,1999,4207,47.89210317204647,0.1,0.2,0.7,0,1
26,0.97233764426131,97.23,High,Very High,Immediate Review,1,177,33,IL,100/300,1000,1609.67,0,MALE,College,adm-clerical,yachting,wife,0,-13200,Single Vehicle Collision,Side Collision,Major Damage,Ambulance,SC,Springfield,22,1,,1,3,,82800,20700,13800,48300,Jeep,Grand Cherokee,2004,4404,51.43911484962756,0.25,0.1666666666666666,0.5833333333333334,0,0
27,0.9719754122068768,97.2,High,Very High,Immediate Review,1,239,39,IN,250/500,2000,625.08,0,FEMALE,JD,protective-serv,hiking,wife,44200,-37000,Single Vehicle Collision,Front Collision,Major Damage,Fire,SC,Riverwood,10,1,NO,2,3,YES,87890,15980,7990,63920,BMW,X6,2014,8904,140.60600243168872,0.1818181818181818,0.0909090909090909,0.7272727272727273,0,0
28,0.971845245116713,97.18,High,Very High,Immediate Review,1,82,27,IL,100/300,1000,1384.51,0,MALE,PhD,adm-clerical,reading,not-in-family,13100,-38200,Single Vehicle Collision,Rear Collision,Major Damage,Other,SC,Springfield,14,1,NO,2,3,,71680,8960,8960,53760,Volkswagen,Jetta,2007,6724,51.7728293764581,0.125,0.125,0.75,0,0
29,0.9700851679334178,97.01,High,Very High,Immediate Review,0,322,44,IL,100/300,1000,1156.19,0,FEMALE,College,machine-op-inspct,cross-fit,husband,49900,-62700,Multi-vehicle Collision,Side Collision,Major Damage,Fire,NY,Northbrook,20,3,YES,0,3,,49400,9880,4940,34580,Jeep,Wrangler,2010,3710,42.726541485396,0.2,0.1,0.7,0,1
30,0.9679614769798162,96.8,High,Very High,Immediate Review,1,111,27,OH,250/500,500,1459.97,5000000,MALE,MD,sales,yachting,other-relative,0,0,Multi-vehicle Collision,Side Collision,Major Damage,Police,SC,Northbend,2,3,NO,1,2,NO,80850,7350,14700,58800,Ford,F150,2011,4541,55.37785022979924,0.0909090909090909,0.1818181818181818,0.7272727272727273,1,1
31,0.9674018899251036,96.74,High,Very High,Immediate Review,1,257,40,IN,100/300,2000,1306.0,0,MALE,Associate,machine-op-inspct,cross-fit,husband,46100,-46900,Multi-vehicle Collision,Front Collision,Major Damage,Ambulance,NY,Columbus,3,3,YES,2,1,,50050,7700,3850,38500,Ford,Fusion,2008,5491,38.32312404287902,0.1538461538461538,0.0769230769230769,0.7692307692307693,1,1
32,0.9666087866196059,96.66,High,Very High,Immediate Review,1,128,32,OH,100/300,2000,768.91,0,FEMALE,College,sales,chess,other-relative,0,-39300,Single Vehicle Collision,Rear Collision,Total Loss,Fire,SC,Columbus,0,1,,1,0,NO,59800,5980,5980,47840,Ford,F150,1999,4981,77.77243110377027,0.1,0.1,0.8,1,0
33,0.9665693995312089,96.66,High,Very High,Immediate Review,1,252,39,IL,500/1000,500,1312.22,9000000,MALE,High School,transport-moving,cross-fit,other-relative,0,-33300,Multi-vehicle Collision,Front Collision,Minor Damage,Other,NC,Riverwood,15,3,,0,3,NO,59400,11880,5940,41580,Jeep,Grand Cherokee,2010,4011,45.26679977442807,0.2,0.1,0.7,0,1
34,0.9663354651553059,96.63,High,Very High,Immediate Review,1,254,39,IN,100/300,500,1362.87,0,FEMALE,MD,exec-managerial,chess,other-relative,35700,0,Multi-vehicle Collision,Front Collision,Minor Damage,Ambulance,NY,Arlington,6,3,YES,2,2,NO,82320,13720,6860,61740,Dodge,Neon,1995,7741,60.401945893592206,0.1666666666666666,0.0833333333333333,0.75,0,1
35,0.9660512921599826,96.61,High,Very High,Immediate Review,1,222,41,OH,100/300,2000,1055.53,0,FEMALE,MD,armed-forces,cross-fit,not-in-family,37800,-50300,Single Vehicle Collision,Front Collision,Total Loss,Other,WV,Northbrook,7,1,NO,0,2,NO,61290,6810,6810,47670,Honda,Civic,1995,5933,58.06561632544789,0.1111111111111111,0.1111111111111111,0.7777777777777778,0,0
36,0.9653147882814287,96.53,High,Very High,Immediate Review,1,102,32,OH,100/300,500,1537.07,3000000,MALE,JD,tech-support,chess,wife,0,0,Single Vehicle Collision,Side Collision,Total Loss,Other,OH,Northbend,11,1,NO,1,0,NO,47400,9480,4740,33180,Chevrolet,Silverado,2004,155,30.83789287410463,0.2,0.1,0.7,0,0
37,0.965122568986243,96.51,High,Very High,Immediate Review,1,235,39,IL,500/1000,2000,1453.61,4000000,MALE,JD,craft-repair,yachting,other-relative,0,0,Single Vehicle Collision,Side Collision,Major Damage,Other,NC,Hillsdale,10,1,,0,3,,60320,9280,9280,41760,Chevrolet,Tahoe,2012,622,41.49668755718522,0.1538461538461538,0.1538461538461538,0.6923076923076923,0,0
38,0.9648127492547824,96.48,High,Very High,Immediate Review,1,414,52,IN,500/1000,500,1335.13,0,FEMALE,High School,farming-fishing,chess,unmarried,44000,-71000,Single Vehicle Collision,Rear Collision,Total Loss,Police,SC,Northbend,13,1,YES,1,1,,54810,6090,6090,42630,Chevrolet,Silverado,1999,4346,41.05218218450637,0.1111111111111111,0.1111111111111111,0.7777777777777778,0,0
39,0.9642142583210345,96.42,High,Very High,Immediate Review,1,152,30,IN,500/1000,500,1448.54,0,FEMALE,JD,craft-repair,polo,wife,58600,0,Single Vehicle Collision,Side Collision,Major Damage,Fire,VA,Northbrook,9,1,YES,1,1,,84590,7690,7690,69210,Toyota,Highlander,2000,1912,58.39673050105624,0.0909090909090909,0.0909090909090909,0.8181818181818182,0,0
40,0.9641230682943022,96.41,High,Very High,Immediate Review,1,142,33,IN,100/300,2000,1362.64,5000000,FEMALE,JD,exec-managerial,cross-fit,wife,0,0,Single Vehicle Collision,Side Collision,Total Loss,Other,NC,Columbus,11,1,YES,1,3,,81360,6780,13560,61020,Suburu,Legacy,2009,7278,59.70762637233605,0.0833333333333333,0.1666666666666666,0.75,0,0
41,0.9635345281893166,96.35,High,Very High,Immediate Review,0,219,43,IN,100/300,1000,1114.29,0,FEMALE,High School,transport-moving,polo,other-relative,51300,0,Single Vehicle Collision,Side Collision,Major Damage,Ambulance,VA,Northbrook,1,1,,2,2,YES,66660,6060,6060,54540,Toyota,Highlander,2006,4585,59.82284683520448,0.0909090909090909,0.0909090909090909,0.8181818181818182,1,0
42,0.9629294715871243,96.29,High,Very High,Immediate Review,0,138,30,OH,500/1000,500,1093.07,4000000,FEMALE,PhD,other-service,reading,wife,27700,-72400,Single Vehicle Collision,Front Collision,Major Damage,Other,VA,Hillsdale,0,1,,2,2,NO,83160,6930,13860,62370,Volkswagen,Jetta,2011,4745,76.07929958740063,0.0833333333333333,0.1666666666666666,0.75,1,0
43,0.9618161576090054,96.18,High,Very High,Immediate Review,1,107,26,IL,500/1000,2000,932.14,0,MALE,MD,sales,cross-fit,own-child,40600,0,Multi-vehicle Collision,Rear Collision,Total Loss,Fire,SC,Columbus,2,3,NO,2,3,NO,78650,14300,7150,57200,Audi,A3,1996,6504,84.37573755015342,0.1818181818181818,0.0909090909090909,0.7272727272727273,1,1
44,0.9610963825371565,96.11,High,Very High,Immediate Review,1,282,43,OH,250/500,500,1452.27,0,MALE,MD,farming-fishing,video-games,not-in-family,75800,0,Single Vehicle Collision,Side Collision,Major Damage,Ambulance,SC,Northbend,19,1,NO,1,2,NO,46800,4680,9360,32760,Audi,A5,2007,3095,32.225412629882875,0.1,0.2,0.7,0,0
45,0.9607958590601964,96.08,High,Very High,Immediate Review,1,206,42,IL,500/1000,1000,1230.76,0,MALE,High School,machine-op-inspct,yachting,unmarried,0,-74200,Single Vehicle Collision,Rear Collision,Major Damage,Fire,VA,Hillsdale,2,1,,1,1,NO,78980,7180,14360,57440,Saab,92x,1997,7755,64.17173128798466,0.0909090909090909,0.1818181818181818,0.7272727272727273,1,0
46,0.960000609197259,96.0,High,Very High,Immediate Review,1,375,50,OH,100/300,1000,1275.39,0,MALE,Associate,sales,bungie-jumping,other-relative,0,0,Single Vehicle Collision,Front Collision,Major Damage,Police,NY,Riverwood,16,1,YES,2,3,NO,37280,0,0,37280,Audi,A5,1996,2916,29.23027466108406,0.0,0.0,1.0,0,0
47,0.9597636275831622,95.98,High,Very High,Immediate Review,1,222,39,OH,500/1000,500,1757.87,0,MALE,High School,transport-moving,board-games,not-in-family,71400,0,Multi-vehicle Collision,Rear Collision,Major Damage,Other,SC,Northbrook,9,3,YES,2,1,,55000,5000,10000,40000,Saab,93,1996,3975,31.287865428046445,0.0909090909090909,0.1818181818181818,0.7272727272727273,0,1
48,0.959164361903653,95.92,High,Very High,Immediate Review,1,140,35,OH,100/300,1000,1520.78,0,FEMALE,High School,craft-repair,chess,wife,0,-42900,Parked Car,,Trivial Damage,,SC,Columbus,5,1,,0,2,YES,2860,520,260,2080,Chevrolet,Tahoe,1997,2497,1.880613895500993,0.1818181818181818,0.0909090909090909,0.7272727272727273,1,0
49,0.9580287027176633,95.8,High,Very High,Immediate Review,1,96,29,IN,250/500,1000,1274.7,5000000,MALE,College,prof-specialty,hiking,other-relative,47500,-58700,Multi-vehicle Collision,Rear Collision,Major Damage,Ambulance,NC,Springfield,15,3,YES,2,3,YES,55400,5540,11080,38780,Chevrolet,Silverado,2004,2940,43.4612065584059,0.1,0.2,0.7,0,1
50,0.9578829451857147,95.79,High,Very High,Immediate Review,1,356,54,OH,500/1000,500,912.3,0,MALE,College,prof-specialty,yachting,wife,58500,-44000,Multi-vehicle Collision,Front Collision,Major Damage,Other,SC,Northbend,23,3,NO,2,1,,68750,12500,12500,43750,Audi,A5,2007,2526,75.35898279074866,0.1818181818181818,0.1818181818181818,0.6363636363636364,1,1
51,0.9577516725465991,95.78,High,Very High,Immediate Review,1,84,32,IL,500/1000,500,1694.09,7000000,FEMALE,Associate,prof-specialty,cross-fit,husband,0,0,Single Vehicle Collision,Rear Collision,Total Loss,Other,NY,Northbend,0,1,YES,0,2,,57240,4770,9540,42930,BMW,X6,1995,5080,33.788051402227744,0.0833333333333333,0.1666666666666666,0.75,1,0
52,0.956698818286903,95.67,High,Very High,Immediate Review,1,290,45,IL,100/300,500,1085.03,0,FEMALE,JD,sales,cross-fit,wife,0,-61000,Multi-vehicle Collision,Side Collision,Total Loss,Police,VA,Arlington,23,3,YES,2,2,NO,64800,12960,6480,45360,Audi,A3,2014,6237,59.72185100872787,0.2,0.1,0.7,1,1
53,0.9543262103269925,95.43,High,Very High,Immediate Review,1,256,39,OH,250/500,1000,1351.1,0,FEMALE,PhD,tech-support,bungie-jumping,unmarried,0,0,Multi-vehicle Collision,Rear Collision,Major Damage,Fire,SC,Arlington,19,3,NO,0,2,NO,64100,6410,6410,51280,Saab,95,2003,3004,47.44282436533196,0.1,0.1,0.8,0,1
54,0.9498730029330826,94.99,High,Very High,Immediate Review,1,338,47,OH,250/500,2000,1486.04,0,FEMALE,Associate,armed-forces,board-games,own-child,0,-56200,Multi-vehicle Collision,Rear Collision,Major Damage,Other,OH,Northbrook,1,3,NO,2,3,,64100,12820,6410,44870,Dodge,RAM,2014,2546,43.1347742994805,0.2,0.1,0.7,1,1
55,0.949790533244555,94.98,High,Very High,Immediate Review,1,245,42,IL,500/1000,1000,1575.74,7000000,MALE,JD,exec-managerial,chess,other-relative,0,-68900,Parked Car,,Minor Damage,Police,PA,Springfield,19,1,,2,2,,6490,590,1180,4720,Toyota,Camry,2011,4602,4.118699785497608,0.0909090909090909,0.1818181818181818,0.7272727272727273,0,0
56,0.948706202912562,94.87,High,Very High,Immediate Review,1,119,34,IL,250/500,500,1299.18,0,FEMALE,College,tech-support,hiking,wife,57100,0,Single Vehicle Collision,Front Collision,Major Damage,Fire,OH,Springfield,7,1,YES,2,1,YES,45540,8280,8280,28980,Honda,Civic,1998,1105,35.052879508613124,0.1818181818181818,0.1818181818181818,0.6363636363636364,0,0
57,0.9473652025656423,94.74,High,Very High,Immediate Review,1,402,54,OH,250/500,2000,1285.09,0,MALE,JD,farming-fishing,board-games,not-in-family,48000,-79600,Single Vehicle Collision,Rear Collision,Major Damage,Other,NY,Springfield,19,1,NO,0,2,YES,67770,7530,15060,45180,Mercedes,ML350,2013,4214,52.735606066501184,0.1111111111111111,0.2222222222222222,0.6666666666666666,0,0
58,0.9451620061554888,94.52,High,Very High,Immediate Review,0,142,30,IN,250/500,2000,1616.58,0,MALE,JD,adm-clerical,polo,husband,58500,-46800,Multi-vehicle Collision,Rear Collision,Major Damage,Other,SC,Hillsdale,13,3,YES,0,3,YES,63600,6360,12720,44520,Dodge,RAM,2010,4593,39.34231525813755,0.1,0.2,0.7,0,1
59,0.944920593652635,94.49,High,Very High,Immediate Review,1,214,41,IL,500/1000,500,1398.51,4000000,MALE,Masters,tech-support,polo,not-in-family,0,-57100,Multi-vehicle Collision,Side Collision,Major Damage,Fire,NC,Northbend,13,3,,2,0,NO,64000,12800,6400,44800,BMW,X6,1996,3752,45.76299061143646,0.2,0.1,0.7,0,1
60,0.9439133603852631,94.39,High,Very High,Immediate Review,1,427,60,IN,100/300,1000,1178.61,7000000,MALE,MD,craft-repair,board-games,own-child,0,-54400,Single Vehicle Collision,Side Collision,Major Damage,Ambulance,NY,Springfield,23,1,YES,1,2,YES,90860,12980,19470,58410,Volkswagen,Jetta,2004,3366,77.09081036135788,0.1428571428571428,0.2142857142857142,0.6428571428571429,1,0
61,0.9409727435018584,94.1,High,Very High,Immediate Review,1,77,26,IL,250/500,2000,785.82,0,MALE,JD,exec-managerial,movies,other-relative,49700,0,Multi-vehicle Collision,Rear Collision,Major Damage,Police,NY,Hillsdale,12,3,YES,2,0,,69080,12560,6280,50240,Audi,A5,2009,2434,87.90817235499223,0.1818181818181818,0.0909090909090909,0.7272727272727273,0,1
62,0.9403675736149714,94.04,High,Very High,Immediate Review,1,193,41,OH,250/500,500,847.03,0,FEMALE,JD,craft-repair,skydiving,not-in-family,0,0,Single Vehicle Collision,Side Collision,Major Damage,Other,SC,Springfield,1,1,,1,0,YES,112320,17280,17280,77760,Suburu,Impreza,2011,7147,132.60451223687474,0.1538461538461538,0.1538461538461538,0.6923076923076923,1,0
63,0.9401085258437494,94.01,High,Very High,Immediate Review,1,451,61,IN,250/500,2000,1618.65,2000000,FEMALE,Associate,transport-moving,polo,unmarried,0,-42600,Multi-vehicle Collision,Rear Collision,Major Damage,Ambulance,OH,Columbus,3,3,YES,2,1,YES,78100,15620,7810,54670,Chevrolet,Tahoe,1997,6075,48.25008494733265,0.2,0.1,0.7,1,1
64,0.9384710388277169,93.85,High,Very High,Immediate Review,1,330,47,IL,100/300,2000,1133.27,0,FEMALE,High School,craft-repair,chess,wife,0,-56400,Multi-vehicle Collision,Side Collision,Total Loss,Other,NY,Northbrook,20,2,,0,2,YES,60500,11000,5500,44000,Ford,F150,1999,277,53.38533623937808,0.1818181818181818,0.0909090909090909,0.7272727272727273,0,1
65,0.9374563713928853,93.75,High,Very High,Immediate Review,1,255,44,OH,500/1000,2000,814.96,6000000,FEMALE,PhD,priv-house-serv,chess,not-in-family,68500,0,Parked Car,,Trivial Damage,Police,NC,Hillsdale,7,1,,2,2,NO,6400,640,1280,4480,Mercedes,ML350,2005,4051,7.853146166683027,0.1,0.2,0.7,0,0
66,0.937443646045908,93.74,High,Very High,Immediate Review,1,177,38,IL,100/300,2000,1540.19,0,FEMALE,College,adm-clerical,skydiving,other-relative,0,-74500,Single Vehicle Collision,Front Collision,Major Damage,Other,VA,Columbus,20,1,YES,2,0,NO,73700,7370,7370,58960,Chevrolet,Silverado,2001,1123,47.85123913283426,0.1,0.1,0.8,0,0
67,0.9363761139553929,93.64,High,Very High,Immediate Review,1,142,29,OH,100/300,2000,1307.68,0,FEMALE,MD,craft-repair,dancing,husband,0,-48500,Single Vehicle Collision,Rear Collision,Major Damage,Police,NY,Columbus,10,1,YES,1,2,NO,54360,4530,9060,40770,Mercedes,E400,1995,1831,41.56980300991068,0.0833333333333333,0.1666666666666666,0.75,0,0
68,0.9349515861367298,93.5,High,Very High,Immediate Review,1,246,44,OH,250/500,2000,1649.18,0,MALE,College,farming-fishing,base-jumping,other-relative,0,-58600,Single Vehicle Collision,Front Collision,Major Damage,Other,NY,Hillsdale,18,1,YES,1,2,YES,61380,11160,5580,44640,Honda,Civic,2009,4974,37.21849646490983,0.1818181818181818,0.0909090909090909,0.7272727272727273,0,0
69,0.9343580418794283,93.44,High,Very High,Immediate Review,1,175,39,IN,500/1000,500,1359.36,5000000,MALE,PhD,exec-managerial,hiking,husband,0,-43600,Multi-vehicle Collision,Front Collision,Major Damage,Other,SC,Arlington,9,3,YES,2,2,YES,71610,13020,6510,52080,Toyota,Highlander,2012,7256,52.679201977401135,0.1818181818181818,0.0909090909090909,0.7272727272727273,0,1
70,0.9315842675640673,93.16,High,Very High,Immediate Review,1,123,29,IN,250/500,500,1209.63,0,FEMALE,Masters,machine-op-inspct,chess,not-in-family,64800,-44200,Single Vehicle Collision,Rear Collision,Minor Damage,Ambulance,NC,Arlington,17,1,YES,1,0,YES,73260,16280,0,56980,Volkswagen,Jetta,2014,892,60.56397410778502,0.2222222222222222,0.0,0.7777777777777778,0,0
71,0.9313689213653806,93.14,High,Very High,Immediate Review,1,317,46,IN,250/500,1000,1012.78,0,MALE,MD,sales,yachting,other-relative,43700,0,Single Vehicle Collision,Front Collision,Major Damage,Fire,WV,Arlington,18,1,NO,2,1,NO,104610,19020,19020,66570,Mercedes,ML350,1999,5667,103.28995438298544,0.1818181818181818,0.1818181818181818,0.6363636363636364,0,0
72,0.9308027655054858,93.08,High,Very High,Immediate Review,1,85,31,IL,250/500,2000,1234.69,9000000,FEMALE,MD,tech-support,paintball,husband,0,0,Multi-vehicle Collision,Front Collision,Major Damage,Other,WV,Arlington,1,2,NO,2,1,,74400,14880,7440,52080,BMW,M5,2003,3985,60.25804047979655,0.2,0.1,0.7,1,1
73,0.9306749060704753,93.07,High,Very High,Immediate Review,1,230,43,IN,500/1000,2000,1101.83,0,MALE,High School,exec-managerial,cross-fit,other-relative,28900,0,Multi-vehicle Collision,Front Collision,Minor Damage,Police,NY,Arlington,0,3,,0,3,YES,51900,5190,10380,36330,BMW,M5,2011,2883,47.1034551609595,0.1,0.2,0.7,1,1
74,0.9270946647068358,92.71,High,Very High,Immediate Review,1,81,25,IN,100/300,500,920.3,5000000,FEMALE,High School,tech-support,hiking,own-child,51000,-67900,Multi-vehicle Collision,Rear Collision,Major Damage,Other,WV,Hillsdale,11,3,,1,0,,73920,13440,6720,53760,Honda,Civic,2003,363,80.32163424970119,0.1818181818181818,0.0909090909090909,0.7272727272727273,0,1
75,0.9269988847788394,92.7,High,Very High,Immediate Review,1,371,50,IN,250/500,1000,1569.33,0,MALE,PhD,machine-op-inspct,board-games,not-in-family,79600,0,Multi-vehicle Collision,Side Collision,Major Damage,Other,WV,Springfield,2,3,NO,2,1,YES,84500,13000,13000,58500,Volkswagen,Passat,2011,7658,53.84463433439748,0.1538461538461538,0.1538461538461538,0.6923076923076923,1,1
76,0.9258456155098902,92.58,High,Very High,Immediate Review,1,373,55,IN,250/500,500,1607.36,0,MALE,MD,sales,yachting,own-child,0,0,Multi-vehicle Collision,Rear Collision,Major Damage,Other,SC,Arlington,21,4,,0,2,NO,60600,6060,12120,42420,Dodge,RAM,2007,2821,37.701572765279714,0.1,0.2,0.7,0,1
77,0.92582633722876,92.58,High,Very High,Immediate Review,0,15,34,IL,100/300,1000,1829.63,0,MALE,JD,tech-support,cross-fit,not-in-family,56700,0,Multi-vehicle Collision,Side Collision,Total Loss,Other,SC,Arlington,21,3,YES,1,0,,67650,12300,6150,49200,Audi,A5,2009,6305,36.97468887152047,0.1818181818181818,0.0909090909090909,0.7272727272727273,0,1
78,0.9253365619909677,92.53,High,Very High,Immediate Review,1,10,26,IN,100/300,2000,765.64,0,MALE,MD,sales,base-jumping,not-in-family,0,-22200,Multi-vehicle Collision,Front Collision,Major Damage,Ambulance,SC,Northbrook,3,3,,0,3,,31350,2850,5700,22800,Honda,Accord,2001,2441,40.9461365654877,0.0909090909090909,0.1818181818181818,0.7272727272727273,1,1
79,0.9244960276697937,92.45,High,Very High,Immediate Review,1,67,29,IL,250/500,1000,1861.43,0,MALE,High School,adm-clerical,polo,husband,60400,-67800,Single Vehicle Collision,Rear Collision,Major Damage,Other,SC,Columbus,16,1,NO,0,3,YES,63800,6380,6380,51040,Saab,92x,1998,7003,34.27472427112489,0.1,0.1,0.8,0,0
80,0.9243399760313596,92.43,High,Very High,Immediate Review,1,258,41,IL,100/300,500,1042.25,0,MALE,Masters,exec-managerial,reading,unmarried,0,-44400,Multi-vehicle Collision,Rear Collision,Major Damage,Fire,NC,Riverwood,0,3,NO,2,3,NO,81240,6770,20310,54160,Mercedes,C300,2008,5106,77.94674982010075,0.0833333333333333,0.25,0.6666666666666666,1,1
81,0.9225595775702272,92.26,High,Very High,Immediate Review,1,157,32,OH,100/300,2000,617.11,0,MALE,College,other-service,reading,other-relative,0,-54100,Multi-vehicle Collision,Front Collision,Major Damage,Other,VA,Columbus,14,3,,1,2,NO,50800,10160,5080,35560,Mercedes,E400,2013,1899,82.31919754986956,0.2,0.1,0.7,0,1
82,0.9206349546562276,92.06,High,Very High,Immediate Review,1,14,28,OH,250/500,2000,1587.96,0,FEMALE,Associate,craft-repair,board-games,unmarried,0,-26900,Single Vehicle Collision,Rear Collision,Major Damage,Fire,WV,Riverwood,18,1,,2,1,YES,71280,12960,12960,45360,Audi,A5,2012,4590,44.88778054862843,0.1818181818181818,0.1818181818181818,0.6363636363636364,0,0
83,0.9203614427778213,92.04,High,Very High,Immediate Review,1,97,26,OH,250/500,1000,1270.55,0,MALE,Masters,protective-serv,chess,unmarried,0,-72100,Multi-vehicle Collision,Side Collision,Total Loss,Other,NC,Riverwood,10,3,YES,2,3,NO,84920,7720,15440,61760,Jeep,Wrangler,2006,6293,66.83719648970919,0.0909090909090909,0.1818181818181818,0.7272727272727273,0,1
84,0.9197687042995991,91.98,High,Very High,Immediate Review,1,134,30,OH,250/500,2000,1443.32,0,FEMALE,PhD,exec-managerial,dancing,unmarried,0,0,Multi-vehicle Collision,Rear Collision,Major Damage,Fire,SC,Northbend,19,3,,0,2,YES,47790,5310,5310,37170,Suburu,Impreza,1995,2658,33.11116038023446,0.1111111111111111,0.1111111111111111,0.7777777777777778,0,1
85,0.917949470347403,91.79,High,Very High,Immediate Review,1,295,42,OH,250/500,2000,1641.73,5000000,MALE,PhD,sales,chess,not-in-family,62400,0,Multi-vehicle Collision,Rear Collision,Total Loss,Fire,VA,Riverwood,16,3,NO,0,0,NO,59130,6570,6570,45990,Ford,Escape,2006,2828,36.01688462780116,0.1111111111111111,0.1111111111111111,0.7777777777777778,0,1
86,0.9166597646271779,91.67,High,Very High,Immediate Review,1,230,37,IL,500/1000,1000,1060.74,0,MALE,PhD,tech-support,reading,own-child,0,-51500,Single Vehicle Collision,Rear Collision,Major Damage,Ambulance,SC,Columbus,15,1,YES,2,3,,49100,9820,4910,34370,Suburu,Impreza,1996,3560,46.28844014555876,0.2,0.1,0.7,0,0
87,0.9161439710849965,91.61,High,Very High,Immediate Review,1,64,29,OH,250/500,2000,1202.28,0,MALE,High School,exec-managerial,cross-fit,other-relative,0,-61400,Single Vehicle Collision,Side Collision,Minor Damage,Ambulance,VA,Hillsdale,4,1,,1,2,NO,43700,4370,4370,34960,Nissan,Pathfinder,2007,1178,36.34760621485844,0.1,0.1,0.8,1,0
88,0.9144273834560223,91.44,High,Very High,Immediate Review,1,421,56,IN,100/300,500,1935.85,4000000,MALE,Masters,machine-op-inspct,reading,own-child,49500,-81100,Single Vehicle Collision,Rear Collision,Major Damage,Ambulance,NY,Hillsdale,7,1,,2,3,,92730,16860,8430,67440,Mercedes,E400,2004,9097,47.90143864452308,0.1818181818181818,0.0909090909090909,0.7272727272727273,0,0
89,0.9117684985769862,91.18,High,Very High,Immediate Review,1,234,41,IN,100/300,500,951.56,0,FEMALE,JD,transport-moving,video-games,wife,59400,-78600,Multi-vehicle Collision,Side Collision,Major Damage,Police,SC,Riverwood,3,3,NO,2,1,,98280,15120,7560,75600,Chevrolet,Tahoe,2007,9034,103.28302997183572,0.1538461538461538,0.0769230769230769,0.7692307692307693,1,1
90,0.9109090930251331,91.09,High,Very High,Immediate Review,1,115,31,OH,500/1000,1000,1051.67,0,FEMALE,Associate,exec-managerial,bungie-jumping,not-in-family,0,0,Multi-vehicle Collision,Side Collision,Major Damage,Ambulance,WV,Riverwood,18,3,YES,0,3,NO,34160,0,4270,29890,Audi,A5,2005,3374,32.48167200737874,0.0,0.125,0.875,0,1
91,0.9096328821107986,90.96,High,Very High,Immediate Review,1,405,58,IL,250/500,500,1237.88,0,MALE,MD,exec-managerial,exercise,not-in-family,0,-46900,Single Vehicle Collision,Front Collision,Major Damage,Police,NY,Arlington,11,1,,0,0,,63580,5780,5780,52020,Mercedes,ML350,1997,994,51.36200601027563,0.0909090909090909,0.0909090909090909,0.8181818181818182,0,0
92,0.9086087101386185,90.86,High,Very High,Immediate Review,1,162,33,OH,250/500,500,964.92,0,FEMALE,Associate,exec-managerial,base-jumping,other-relative,45700,0,Multi-vehicle Collision,Rear Collision,Major Damage,Fire,NY,Hillsdale,17,4,NO,2,1,NO,35300,3530,3530,28240,Mercedes,E400,1996,8801,36.58334369688679,0.1,0.1,0.8,0,1
93,0.9085762171141968,90.86,High,Very High,Immediate Review,1,27,28,IN,100/300,2000,1371.78,0,MALE,JD,farming-fishing,polo,other-relative,0,-32500,Multi-vehicle Collision,Front Collision,Major Damage,Other,PA,Riverwood,10,3,,0,2,YES,53600,5360,10720,37520,Audi,A5,2015,7100,39.07332079487965,0.1,0.2,0.7,0,1
94,0.9083234253818058,90.83,High,Very High,Immediate Review,1,61,26,OH,100/300,2000,1188.28,6000000,FEMALE,JD,farming-fishing,skydiving,wife,0,-53800,Multi-vehicle Collision,Rear Collision,Major Damage,Fire,VA,Hillsdale,16,2,YES,1,0,NO,53820,11960,5980,35880,Ford,F150,2015,1294,45.29235533712593,0.2222222222222222,0.1111111111111111,0.6666666666666666,0,1
95,0.9080179451353485,90.8,High,Very High,Immediate Review,1,19,29,OH,250/500,500,1304.35,0,MALE,JD,transport-moving,cross-fit,not-in-family,0,0,Multi-vehicle Collision,Front Collision,Total Loss,Ambulance,NY,Columbus,6,3,NO,0,2,,75400,11600,11600,52200,Dodge,Neon,2005,4502,57.8065703223828,0.1538461538461538,0.1538461538461538,0.6923076923076923,0,1
96,0.9068858310415092,90.69,High,Very High,Immediate Review,1,80,27,OH,500/1000,500,795.31,0,MALE,JD,farming-fishing,skydiving,husband,0,-51000,Multi-vehicle Collision,Rear Collision,Major Damage,Police,OH,Arlington,16,3,YES,1,3,,40810,3710,7420,29680,Ford,F150,2000,148,51.31332436408445,0.0909090909090909,0.1818181818181818,0.7272727272727273,0,1
97,0.9054831717597037,90.55,High,Very High,Immediate Review,0,285,41,IL,100/300,1000,1436.79,0,FEMALE,PhD,prof-specialty,sleeping,wife,70900,0,Single Vehicle Collision,Rear Collision,Major Damage,Fire,SC,Northbend,23,1,YES,2,3,,108480,18080,18080,72320,Volkswagen,Passat,2015,384,75.50163907042783,0.1666666666666666,0.1666666666666666,0.6666666666666666,1,0
98,0.9044259788444052,90.44,High,Very High,Immediate Review,0,422,60,IN,100/300,1000,1555.52,0,FEMALE,MD,machine-op-inspct,hiking,own-child,43600,-67800,Single Vehicle Collision,Front Collision,Major Damage,Ambulance,NC,Northbrook,11,1,YES,1,1,NO,85250,15500,7750,62000,Mercedes,E400,1999,1553,54.80482411026538,0.1818181818181818,0.0909090909090909,0.7272727272727273,0,0
99,0.9026040101737971,90.26,High,Very High,Immediate Review,1,16,35,IL,250/500,1000,1358.03,0,MALE,JD,sales,chess,own-child,59300,-31400,Single Vehicle Collision,Rear Collision,Total Loss,Other,SC,Hillsdale,0,1,NO,2,1,,55000,10000,10000,35000,Volkswagen,Jetta,2008,8848,40.49984168243706,0.1818181818181818,0.1818181818181818,0.6363636363636364,1,0
100,0.9009996571565945,90.1,High,Very High,Immediate Review,0,146,31,OH,100/300,1000,1457.65,5000000,FEMALE,College,armed-forces,camping,own-child,0,0,Multi-vehicle Collision,Rear Collision,Major Damage,Ambulance,VA,Riverwood,0,3,NO,1,3,,52380,5820,5820,40740,Toyota,Highlander,2010,8901,35.93455219016911,0.1111111111111111,0.1111111111111111,0.7777777777777778,1,1
101,0.9007388199755555,90.07,High,Very High,Immediate Review,1,313,50,OH,100/300,2000,1255.62,0,MALE,MD,armed-forces,polo,unmarried,0,0,Multi-vehicle Collision,Side Collision,Major Damage,Other,OH,Northbrook,18,3,YES,2,1,YES,69000,13800,6900,48300,Ford,F150,1995,3869,54.952931619439006,0.2,0.1,0.7,0,1
102,0.9002931424889954,90.03,High,Very High,Immediate Review,1,199,38,IL,250/500,1000,1281.25,0,FEMALE,High School,tech-support,movies,other-relative,0,-53100,Single Vehicle Collision,Front Collision,Major Damage,Police,WV,Columbus,6,1,,0,2,NO,44440,8080,4040,32320,BMW,X6,2007,8532,34.68487804878049,0.1818181818181818,0.0909090909090909,0.7272727272727273,0,0
103,0.8989355749109283,89.89,High,Very High,Immediate Review,1,147,33,OH,100/300,1000,1334.15,6000000,MALE,High School,craft-repair,reading,not-in-family,53300,-49200,Single Vehicle Collision,Front Collision,Major Damage,Other,WV,Springfield,15,1,YES,2,0,YES,53100,10620,5310,37170,Mercedes,C300,1995,1630,39.80062211895214,0.2,0.1,0.7,0,0
104,0.898773183303039,89.88,High,Very High,Immediate Review,1,440,61,OH,250/500,500,1050.76,0,MALE,PhD,transport-moving,movies,wife,41500,-70200,Single Vehicle Collision,Side Collision,Major Damage,Fire,OH,Riverwood,21,1,,2,3,NO,53640,5960,5960,41720,Nissan,Maxima,2004,8182,51.04876470364308,0.1111111111111111,0.1111111111111111,0.7777777777777778,0,0
105,0.8986818091407104,89.87,High,Very High,Immediate Review,1,448,57,IL,100/300,2000,1376.16,0,FEMALE,PhD,tech-support,hiking,own-child,38600,-50300,Multi-vehicle Collision,Front Collision,Major Damage,Police,SC,Arlington,10,3,NO,2,1,,47760,5970,5970,35820,Suburu,Impreza,2013,3597,34.70526682943844,0.125,0.125,0.75,0,1
106,0.8979457480421057,89.79,High,Very High,Immediate Review,0,131,29,IN,250/500,1000,978.27,0,FEMALE,Associate,sales,paintball,own-child,65700,0,Single Vehicle Collision,Front Collision,Major Damage,Fire,SC,Hillsdale,5,1,,1,3,NO,76400,15280,7640,53480,Suburu,Forrestor,2003,579,78.0970488719883,0.2,0.1,0.7,1,0
107,0.8977442897975889,89.77,High,Very High,Immediate Review,1,15,34,IN,250/500,2000,1586.41,0,FEMALE,High School,sales,video-games,other-relative,33500,-58900,Single Vehicle Collision,Front Collision,Major Damage,Police,WV,Northbrook,10,1,YES,1,3,,75570,6870,13740,54960,BMW,X5,2010,3575,47.63585706091112,0.0909090909090909,0.1818181818181818,0.7272727272727273,0,0
108,0.8942675495596101,89.43,High,Very High,Immediate Review,1,269,44,OH,100/300,500,1297.75,4000000,FEMALE,JD,other-service,chess,own-child,0,-41400,Multi-vehicle Collision,Rear Collision,Total Loss,Ambulance,SC,Columbus,15,3,,0,1,,98670,15180,15180,68310,Chevrolet,Tahoe,2010,4425,76.0315931419765,0.1538461538461538,0.1538461538461538,0.6923076923076923,0,1
109,0.8933433066599985,89.33,High,Very High,Immediate Review,1,289,46,IL,250/500,2000,1209.07,0,MALE,JD,armed-forces,chess,unmarried,0,0,Single Vehicle Collision,Rear Collision,Minor Damage,Ambulance,NC,Arlington,18,1,YES,0,1,YES,56430,6270,6270,43890,BMW,3 Series,1995,3925,46.67223568527877,0.1111111111111111,0.1111111111111111,0.7777777777777778,0,0
110,0.8932807141939857,89.33,High,Very High,Immediate Review,1,310,48,OH,100/300,1000,845.16,0,FEMALE,Masters,priv-house-serv,base-jumping,other-relative,0,0,Single Vehicle Collision,Front Collision,Major Damage,Police,NC,Northbend,21,1,YES,1,0,NO,55170,6130,6130,42910,Audi,A5,2005,4612,65.2775805764589,0.1111111111111111,0.1111111111111111,0.7777777777777778,0,0
111,0.8930505935787822,89.31,High,Very High,Immediate Review,1,20,23,OH,500/1000,1000,1711.72,0,FEMALE,JD,tech-support,base-jumping,wife,0,0,Multi-vehicle Collision,Rear Collision,Major Damage,Fire,SC,Northbrook,21,3,NO,2,2,NO,63250,5750,11500,46000,Chevrolet,Tahoe,2002,5736,36.951136868179375,0.0909090909090909,0.1818181818181818,0.7272727272727273,0,1
112,0.8911574030409963,89.12,High,Very High,Immediate Review,1,183,38,IL,250/500,500,1543.68,0,FEMALE,Masters,prof-specialty,paintball,not-in-family,20200,0,Single Vehicle Collision,Side Collision,Major Damage,Police,NC,Hillsdale,17,1,NO,0,1,YES,51920,9440,4720,37760,Audi,A3,2001,227,33.63391376451078,0.1818181818181818,0.0909090909090909,0.7272727272727273,0,0
113,0.8903236173687944,89.03,High,Very High,Immediate Review,1,438,57,OH,500/1000,500,1119.29,0,FEMALE,MD,machine-op-inspct,chess,husband,0,0,Single Vehicle Collision,Side Collision,Minor Damage,Police,SC,Hillsdale,14,1,,0,0,NO,40700,4070,4070,32560,Volkswagen,Passat,2000,8503,36.36233683853157,0.1,0.1,0.8,0,0
114,0.8889206983830569,88.89,High,Very High,Immediate Review,1,125,35,OH,500/1000,500,1054.83,7000000,MALE,JD,tech-support,cross-fit,husband,0,-51300,Single Vehicle Collision,Front Collision,Total Loss,Fire,NY,Northbend,17,1,YES,2,3,NO,88660,8060,16120,64480,Mercedes,C300,2007,6807,84.05145852886248,0.0909090909090909,0.1818181818181818,0.7272727272727273,0,0
115,0.8873880826633134,88.74,High,Very High,Immediate Review,1,97,26,IL,250/500,1000,1252.08,0,MALE,College,exec-managerial,sleeping,not-in-family,0,0,Multi-vehicle Collision,Rear Collision,Major Damage,Other,VA,Springfield,4,2,YES,2,2,NO,50400,10080,5040,35280,Honda,CRV,2000,8497,40.25301897642324,0.2,0.1,0.7,1,1
116,0.8869466106553059,88.69,High,Very High,Immediate Review,0,265,45,OH,250/500,500,972.5,0,FEMALE,College,exec-managerial,cross-fit,unmarried,0,0,Vehicle Theft,,Trivial Damage,,NC,Springfield,3,1,NO,2,3,NO,3190,290,580,2320,Ford,Escape,1995,5927,3.2802056555269923,0.0909090909090909,0.1818181818181818,0.7272727272727273,1,0
117,0.886945571304931,88.69,High,Very High,Immediate Review,1,179,32,OH,100/300,1000,1433.42,6000000,FEMALE,Associate,protective-serv,base-jumping,own-child,53800,0,Single Vehicle Collision,Rear Collision,Major Damage,Police,NC,Arlington,4,1,YES,1,2,NO,54200,5420,10840,37940,Nissan,Ultima,2014,7473,37.81166720151805,0.1,0.2,0.7,1,0
118,0.8843680720535412,88.44,High,Very High,Immediate Review,1,255,43,IN,500/1000,500,984.02,0,FEMALE,JD,transport-moving,board-games,unmarried,75800,0,Multi-vehicle Collision,Side Collision,Major Damage,Fire,SC,Columbus,14,2,,2,2,,74700,7470,14940,52290,Nissan,Maxima,2007,2837,75.91309119733339,0.1,0.2,0.7,0,1
119,0.8841145899012138,88.41,High,Very High,Immediate Review,1,66,30,IN,500/1000,500,484.67,0,FEMALE,College,adm-clerical,paintball,wife,21100,-60800,Multi-vehicle Collision,Front Collision,Major Damage,Fire,SC,Arlington,2,3,,0,2,YES,65560,11920,11920,41720,Volkswagen,Passat,2015,4232,135.2672952730724,0.1818181818181818,0.1818181818181818,0.6363636363636364,1,1
120,0.8838558948826768,88.39,High,Very High,Immediate Review,1,380,56,OH,100/300,1000,1570.86,0,MALE,MD,farming-fishing,cross-fit,other-relative,66000,0,Single Vehicle Collision,Side Collision,Total Loss,Police,VA,Northbend,10,1,,0,1,YES,58160,7270,7270,43620,Saab,95,1996,3714,37.02430515768433,0.125,0.125,0.75,0,0
121,0.883055251550814,88.31,High,Very High,Immediate Review,1,437,60,OH,500/1000,1000,1269.64,0,FEMALE,College,armed-forces,cross-fit,unmarried,48800,0,Single Vehicle Collision,Front Collision,Minor Damage,Other,SC,Riverwood,10,1,NO,1,3,NO,84480,7680,15360,61440,Chevrolet,Silverado,2012,6235,66.53854635959799,0.0909090909090909,0.1818181818181818,0.7272727272727273,0,0
122,0.8819335756896192,88.19,High,Very High,Immediate Review,1,197,41,OH,500/1000,1000,1324.78,0,FEMALE,PhD,prof-specialty,basketball,not-in-family,0,-64500,Single Vehicle Collision,Front Collision,Major Damage,Police,NC,Northbrook,6,1,NO,2,2,YES,76400,15280,7640,53480,Volkswagen,Jetta,1997,6771,57.66995274687118,0.2,0.1,0.7,0,0
123,0.8793903310861265,87.94,High,Very High,Immediate Review,1,404,56,IN,250/500,1000,1361.16,4000000,FEMALE,Masters,transport-moving,cross-fit,not-in-family,0,-63700,Single Vehicle Collision,Front Collision,Minor Damage,Ambulance,VA,Hillsdale,23,1,NO,2,0,YES,53100,5310,5310,42480,Accura,MDX,2005,1744,39.01084369214493,0.1,0.1,0.8,1,0
124,0.8775054866205579,87.75,High,Very High,Immediate Review,0,94,30,IN,250/500,2000,1025.54,0,FEMALE,High School,armed-forces,paintball,other-relative,0,-52600,Single Vehicle Collision,Rear Collision,Major Damage,Fire,NC,Arlington,19,1,,1,3,YES,64100,6410,6410,51280,Chevrolet,Malibu,2001,4739,62.5036566101761,0.1,0.1,0.8,0,0
125,0.8717046216279005,87.17,High,Very High,Immediate Review,0,419,53,IL,500/1000,2000,736.07,6000000,MALE,College,transport-moving,chess,unmarried,45700,0,Multi-vehicle Collision,Side Collision,Minor Damage,Police,SC,Northbend,17,4,,0,0,YES,62280,5190,10380,46710,Suburu,Forrestor,2012,6216,84.61151792628418,0.0833333333333333,0.1666666666666666,0.75,0,1
126,0.8668267310529161,86.68,High,Very High,Immediate Review,1,257,40,IN,250/500,500,1379.93,0,MALE,MD,armed-forces,base-jumping,husband,0,0,Multi-vehicle Collision,Side Collision,Major Damage,Other,NY,Columbus,6,3,,0,2,YES,51810,9420,4710,37680,Audi,A3,2002,929,37.545382736805486,0.1818181818181818,0.0909090909090909,0.7272727272727273,0,1
127,0.866664487614693,86.67,High,Very High,Immediate Review,1,136,32,IN,100/300,500,1169.62,0,FEMALE,JD,sales,yachting,not-in-family,0,0,Single Vehicle Collision,Side Collision,Major Damage,Police,SC,Arlington,6,1,YES,0,0,NO,55000,10000,10000,35000,Toyota,Camry,2008,5152,47.02381970212548,0.1818181818181818,0.1818181818181818,0.6363636363636364,0,0
128,0.8646637576259892,86.47,High,Very High,Immediate Review,1,151,37,IN,250/500,500,1366.42,0,FEMALE,Associate,protective-serv,cross-fit,unmarried,44000,0,Multi-vehicle Collision,Rear Collision,Total Loss,Fire,SC,Arlington,14,3,NO,1,2,YES,59100,5910,5910,47280,Nissan,Maxima,1998,850,43.251708845011045,0.1,0.1,0.8,0,1
129,0.8642925240592976,86.43,High,Very High,Immediate Review,1,398,55,OH,250/500,2000,1305.26,0,MALE,MD,farming-fishing,skydiving,wife,66200,-49700,Single Vehicle Collision,Rear Collision,Major Damage,Fire,VA,Hillsdale,18,1,,1,3,YES,36740,3340,6680,26720,BMW,X5,1998,8591,28.14764874431148,0.0909090909090909,0.1818181818181818,0.7272727272727273,0,0
130,0.8633562645641724,86.34,High,Very High,Immediate Review,1,284,48,IN,500/1000,2000,769.95,0,MALE,Masters,prof-specialty,movies,not-in-family,0,-44200,Multi-vehicle Collision,Side Collision,Major Damage,Ambulance,NY,Hillsdale,16,2,,2,3,NO,60940,5540,11080,44320,Audi,A3,2013,6458,79.14799662315734,0.0909090909090909,0.1818181818181818,0.7272727272727273,0,1
131,0.8624761890136284,86.25,High,Very High,Immediate Review,1,460,57,OH,100/300,2000,1567.37,0,FEMALE,JD,craft-repair,skydiving,husband,62500,0,Single Vehicle Collision,Front Collision,Major Damage,Other,NY,Riverwood,10,1,,2,3,NO,58300,5830,11660,40810,Nissan,Maxima,2014,6309,37.19606729744732,0.1,0.2,0.7,0,0
132,0.8602332806026388,86.02,High,Very High,Immediate Review,1,16,32,IL,100/300,1000,968.46,0,MALE,MD,tech-support,chess,not-in-family,50800,-66200,Multi-vehicle Collision,Side Collision,Total Loss,Ambulance,WV,Columbus,0,3,,0,2,,59400,6600,13200,39600,Dodge,RAM,1995,4566,61.33448980856205,0.1111111111111111,0.2222222222222222,0.6666666666666666,1,1
133,0.8594513707550258,85.95,High,Very High,Immediate Review,0,80,28,IL,500/1000,1000,1740.57,0,FEMALE,College,farming-fishing,golf,wife,0,-18600,Single Vehicle Collision,Rear Collision,Major Damage,Police,SC,Northbend,3,1,,0,1,,33480,3720,3720,26040,Dodge,Neon,2011,46,19.235078164049707,0.1111111111111111,0.1111111111111111,0.7777777777777778,1,0
134,0.8590356362761968,85.9,High,Very High,Immediate Review,1,227,38,OH,500/1000,500,976.67,0,FEMALE,PhD,handlers-cleaners,polo,unmarried,0,0,Single Vehicle Collision,Rear Collision,Major Damage,Fire,SC,Northbrook,16,1,,1,2,,72200,14440,7220,50540,BMW,M5,2013,451,73.92466237316596,0.2,0.1,0.7,0,0
135,0.8575837325205087,85.76,High,Very High,Immediate Review,1,31,32,IL,100/300,2000,1263.48,4000000,FEMALE,JD,other-service,hiking,wife,46800,-87300,Single Vehicle Collision,Side Collision,Major Damage,Fire,WV,Hillsdale,10,1,,2,0,,63600,5300,10600,47700,Audi,A5,1997,5632,50.33716402317409,0.0833333333333333,0.1666666666666666,0.75,0,0
136,0.8543380248241554,85.43,High,Very High,Immediate Review,1,154,34,IN,100/300,500,795.23,0,MALE,PhD,machine-op-inspct,base-jumping,other-relative,36900,0,Multi-vehicle Collision,Rear Collision,Major Damage,Police,NY,Springfield,15,3,YES,2,1,,69480,15440,0,54040,Nissan,Maxima,2014,9096,87.37094928511249,0.2222222222222222,0.0,0.7777777777777778,0,1
137,0.8540060255635922,85.4,High,Very High,Immediate Review,0,105,28,OH,250/500,500,1082.36,0,FEMALE,Associate,prof-specialty,golf,own-child,0,0,Multi-vehicle Collision,Rear Collision,Major Damage,Fire,SC,Riverwood,12,3,NO,2,2,NO,60500,12100,6050,42350,Audi,A5,1995,6982,55.89637458886138,0.2,0.1,0.7,0,1
138,0.8529807181774023,85.3,High,Very High,Immediate Review,1,163,37,IN,500/1000,1000,1200.33,4000000,FEMALE,High School,craft-repair,cross-fit,own-child,0,-36400,Vehicle Theft,,Minor Damage,Police,WV,Springfield,7,1,,2,1,YES,3900,390,780,2730,Volkswagen,Jetta,2008,1899,3.249106495713679,0.1,0.2,0.7,0,0
139,0.8503057288472067,85.03,High,Very High,Immediate Review,1,58,23,OH,500/1000,2000,1471.44,5000000,MALE,High School,transport-moving,reading,own-child,57500,0,Single Vehicle Collision,Rear Collision,Major Damage,Fire,NC,Riverwood,8,1,NO,2,1,NO,50380,4580,9160,36640,Chevrolet,Tahoe,2007,8271,34.238569020823135,0.0909090909090909,0.1818181818181818,0.7272727272727273,0,0
140,0.8487685521014904,84.88,High,Very High,Immediate Review,1,332,47,IL,100/300,2000,1083.01,0,MALE,MD,craft-repair,paintball,other-relative,91900,0,Multi-vehicle Collision,Front Collision,Major Damage,Police,WV,Arlington,22,4,YES,2,0,,71760,11040,11040,49680,Jeep,Grand Cherokee,2010,8492,66.25977599468149,0.1538461538461538,0.1538461538461538,0.6923076923076923,0,1
141,0.8486568498187563,84.87,High,Very High,Immediate Review,0,434,57,OH,500/1000,2000,1422.95,0,MALE,JD,transport-moving,bungie-jumping,husband,0,0,Multi-vehicle Collision,Rear Collision,Major Damage,Other,SC,Columbus,15,3,NO,1,3,NO,66240,11040,11040,44160,Nissan,Maxima,2003,5321,46.55117888892793,0.1666666666666666,0.1666666666666666,0.6666666666666666,0,1
142,0.8460046608659899,84.6,High,Very High,Immediate Review,1,195,37,IL,100/300,1000,1406.52,8000000,MALE,MD,tech-support,base-jumping,unmarried,0,0,Single Vehicle Collision,Side Collision,Major Damage,Ambulance,SC,Arlington,12,1,NO,0,2,NO,44200,4420,4420,35360,Jeep,Wrangler,2002,8602,31.42507749623184,0.1,0.1,0.8,0,0
143,0.8435823842075462,84.36,High,Very High,Immediate Review,1,51,34,OH,500/1000,500,1430.8,0,MALE,PhD,machine-op-inspct,camping,unmarried,0,0,Single Vehicle Collision,Side Collision,Major Damage,Fire,NY,Springfield,23,1,,2,3,NO,64200,6420,19260,38520,Honda,Civic,2007,414,44.8700027956388,0.1,0.3,0.6,1,0
144,0.8433853774299536,84.34,High,Very High,Immediate Review,1,230,39,IL,100/300,1000,904.7,7000000,FEMALE,MD,craft-repair,bungie-jumping,unmarried,68600,-22300,Single Vehicle Collision,Front Collision,Major Damage,Fire,SC,Riverwood,0,1,,1,3,NO,74200,14840,14840,44520,Accura,TL,2002,5559,82.01613794628054,0.2,0.2,0.6,1,0
145,0.8430910853573176,84.31,High,Very High,Immediate Review,0,468,62,IL,100/300,500,1011.92,0,MALE,PhD,machine-op-inspct,paintball,wife,0,0,Multi-vehicle Collision,Rear Collision,Major Damage,Fire,SC,Riverwood,7,3,YES,0,3,,64350,7150,7150,50050,Chevrolet,Tahoe,2009,5343,63.59198355601234,0.1111111111111111,0.1111111111111111,0.7777777777777778,0,1
146,0.8429141098283205,84.29,High,Very High,Immediate Review,1,435,60,OH,500/1000,500,1064.49,5000000,MALE,Associate,priv-house-serv,chess,other-relative,73500,-43300,Single Vehicle Collision,Front Collision,Total Loss,Ambulance,WV,Arlington,23,1,NO,2,1,,62880,5240,10480,47160,Mercedes,E400,2007,3006,59.07054082236564,0.0833333333333333,0.1666666666666666,0.75,1,0
147,0.8425242312034733,84.25,High,Very High,Immediate Review,0,143,32,IL,500/1000,1000,1464.42,0,FEMALE,High School,exec-managerial,golf,husband,79900,0,Single Vehicle Collision,Rear Collision,Major Damage,Ambulance,SC,Springfield,1,1,,2,0,NO,62260,5660,5660,50940,Saab,92x,1995,5307,42.51512544215457,0.0909090909090909,0.0909090909090909,0.8181818181818182,1,0
148,0.8417255362190603,84.17,High,Very High,Immediate Review,1,325,47,IN,500/1000,1000,1690.27,0,FEMALE,Associate,protective-serv,hiking,not-in-family,61500,0,Single Vehicle Collision,Side Collision,Major Damage,Fire,VA,Springfield,11,1,YES,0,3,NO,72930,6630,6630,59670,Dodge,RAM,2006,3265,43.146952853686095,0.0909090909090909,0.0909090909090909,0.8181818181818182,0,0
149,0.8413015839494192,84.13,High,Very High,Immediate Review,0,46,24,OH,250/500,2000,1568.47,4000000,FEMALE,High School,armed-forces,yachting,unmarried,46800,0,Single Vehicle Collision,Side Collision,Major Damage,Fire,NY,Northbrook,7,1,NO,2,0,,56600,11320,5660,39620,Toyota,Camry,1999,5825,36.086122144510256,0.2,0.1,0.7,0,0
150,0.8377534917895865,83.78,High,Very High,Immediate Review,1,283,46,IL,500/1000,2000,1313.33,0,FEMALE,PhD,transport-moving,reading,husband,53500,-73600,Multi-vehicle Collision,Front Collision,Major Damage,Ambulance,NY,Riverwood,3,3,,1,3,NO,77660,7060,14120,56480,Nissan,Maxima,2004,5245,59.132129776979134,0.0909090909090909,0.1818181818181818,0.7272727272727273,1,1
151,0.8347889654686912,83.48,High,Very High,Immediate Review,1,279,45,IN,250/500,2000,1333.97,6000000,FEMALE,MD,other-service,bungie-jumping,unmarried,61100,-30700,Multi-vehicle Collision,Rear Collision,Major Damage,Other,SC,Arlington,21,3,,1,0,,61050,11100,11100,38850,Dodge,RAM,2011,8385,45.76564690360353,0.1818181818181818,0.1818181818181818,0.6363636363636364,0,1
152,0.8346399935141189,83.46,High,Very High,Immediate Review,0,479,60,IL,100/300,2000,1304.83,0,FEMALE,College,other-service,cross-fit,husband,0,0,Single Vehicle Collision,Rear Collision,Total Loss,Ambulance,NY,Arlington,18,1,NO,0,0,NO,60600,5050,10100,45450,Honda,Civic,2001,6395,46.44283163323959,0.0833333333333333,0.1666666666666666,0.75,0,0
153,0.8319405101668779,83.19,High,Very High,Immediate Review,1,232,43,OH,250/500,500,1483.91,8000000,MALE,College,machine-op-inspct,golf,husband,0,-33600,Multi-vehicle Collision,Rear Collision,Major Damage,Ambulance,NY,Arlington,17,3,NO,0,1,,70600,7060,14120,49420,Volkswagen,Passat,2013,4995,47.57700938736176,0.1,0.2,0.7,0,1
154,0.831627548014984,83.16,High,Very High,Immediate Review,1,413,55,IN,100/300,2000,1268.79,0,MALE,MD,priv-house-serv,chess,own-child,0,-31000,Single Vehicle Collision,Front Collision,Total Loss,Ambulance,WV,Northbend,15,1,,2,2,,98160,8180,16360,73620,Dodge,RAM,2011,8746,77.36504858960112,0.0833333333333333,0.1666666666666666,0.75,0,0
155,0.8312278980996173,83.12,High,Very High,Immediate Review,1,264,43,IL,100/300,500,1508.12,6000000,MALE,PhD,craft-repair,basketball,wife,0,0,Multi-vehicle Collision,Rear Collision,Major Damage,Other,NY,Columbus,0,3,,2,1,NO,60750,13500,6750,40500,Jeep,Wrangler,2015,1725,40.281940429143575,0.2222222222222222,0.1111111111111111,0.6666666666666666,1,1
156,0.8303327444371518,83.03,High,Very High,Immediate Review,0,145,37,OH,250/500,2000,1434.27,0,FEMALE,Associate,tech-support,sleeping,unmarried,0,-35900,Single Vehicle Collision,Rear Collision,Major Damage,Other,VA,Arlington,13,1,,2,3,,55110,5010,10020,40080,Nissan,Maxima,2002,8422,38.42372775000523,0.0909090909090909,0.1818181818181818,0.7272727272727273,0,0
157,0.8299115743878491,82.99,High,Very High,Immediate Review,1,3,29,IL,100/300,500,995.7,5000000,FEMALE,JD,priv-house-serv,chess,unmarried,0,0,Parked Car,,Trivial Damage,Police,PA,Springfield,3,1,,2,1,,5000,500,1000,3500,Mercedes,E400,2008,8102,5.021592849251783,0.1,0.2,0.7,1,0
158,0.8289945347867165,82.9,High,Very High,Immediate Review,1,61,24,IN,100/300,500,922.67,0,FEMALE,College,priv-house-serv,paintball,other-relative,47400,0,Multi-vehicle Collision,Rear Collision,Major Damage,Ambulance,SC,Northbend,15,3,YES,2,1,,65520,9360,9360,46800,Toyota,Highlander,2011,6913,71.01130414991276,0.1428571428571428,0.1428571428571428,0.7142857142857143,0,1
159,0.8284028892801693,82.84,High,Very High,Immediate Review,1,121,34,IN,500/1000,500,1285.42,0,MALE,MD,priv-house-serv,video-games,wife,0,0,Single Vehicle Collision,Front Collision,Major Damage,Fire,VA,Northbrook,11,1,NO,1,1,NO,67300,6730,6730,53840,Dodge,RAM,2000,8745,52.35642824913258,0.1,0.1,0.8,0,0
160,0.8267886415815057,82.68,High,Very High,Immediate Review,0,128,30,OH,100/300,1000,1061.33,0,MALE,MD,machine-op-inspct,movies,own-child,43300,-66200,Single Vehicle Collision,Front Collision,Major Damage,Ambulance,WV,Northbrook,8,1,NO,0,3,NO,68530,12460,6230,49840,Audi,A5,1997,7638,64.56992641308547,0.1818181818181818,0.0909090909090909,0.7272727272727273,0,0
161,0.8252962281158736,82.53,High,Very High,Immediate Review,0,70,26,OH,500/1000,1000,1199.44,5000000,MALE,College,machine-op-inspct,hiking,own-child,63600,0,Multi-vehicle Collision,Rear Collision,Major Damage,Other,NY,Riverwood,0,3,,1,2,YES,52110,5790,5790,40530,Nissan,Maxima,2012,3546,43.44527446141532,0.1111111111111111,0.1111111111111111,0.7777777777777778,1,1
162,0.8227847581060694,82.28,High,Very High,Immediate Review,1,39,22,IN,500/1000,500,1173.21,0,MALE,JD,farming-fishing,polo,not-in-family,0,0,Single Vehicle Collision,Rear Collision,Major Damage,Police,SC,Northbend,14,1,YES,0,1,YES,86130,15660,7830,62640,Suburu,Legacy,2009,8052,73.41396680901117,0.1818181818181818,0.0909090909090909,0.7272727272727273,0,0
163,0.8203963484642157,82.04,High,Very High,Immediate Review,1,218,43,IL,250/500,500,1521.55,0,FEMALE,Associate,priv-house-serv,polo,other-relative,61100,-64500,Single Vehicle Collision,Rear Collision,Major Damage,Fire,SC,Hillsdale,18,1,,1,3,YES,68200,13640,6820,47740,Dodge,RAM,2003,6897,44.822713680128814,0.2,0.1,0.7,0,0
164,0.8198955307247526,81.99,High,Very High,Immediate Review,1,86,26,OH,100/300,500,1382.88,7000000,MALE,JD,tech-support,cross-fit,other-relative,0,-30300,Single Vehicle Collision,Rear Collision,Minor Damage,Police,SC,Northbend,11,1,,1,1,YES,81840,14880,7440,59520,Chevrolet,Malibu,2011,5936,59.18083998611593,0.1818181818181818,0.0909090909090909,0.7272727272727273,0,0
165,0.81947485428071,81.95,High,Very High,Immediate Review,1,112,30,OH,500/1000,1000,1166.54,0,FEMALE,Masters,prof-specialty,sleeping,not-in-family,47700,-59300,Single Vehicle Collision,Front Collision,Major Damage,Fire,SC,Arlington,3,1,YES,2,0,NO,107900,10790,21580,75530,Dodge,Neon,1997,4513,92.49575668215408,0.1,0.2,0.7,1,0
166,0.8181404034000401,81.81,High,Very High,Immediate Review,1,166,37,IL,100/300,2000,1337.28,8000000,MALE,JD,craft-repair,reading,husband,27500,0,Multi-vehicle Collision,Side Collision,Major Damage,Police,WV,Riverwood,10,3,NO,2,2,,67140,7460,7460,52220,Ford,F150,2006,2445,50.20638908829864,0.1111111111111111,0.1111111111111111,0.7777777777777778,0,1
167,0.8180916758052823,81.81,High,Very High,Immediate Review,1,111,29,IL,250/500,500,1239.55,2000000,FEMALE,PhD,farming-fishing,kayaking,own-child,0,0,Single Vehicle Collision,Side Collision,Major Damage,Fire,SC,Riverwood,1,1,,1,1,YES,52800,4800,9600,38400,Mercedes,ML350,1996,1448,42.59610342462991,0.0909090909090909,0.1818181818181818,0.7272727272727273,1,0
168,0.8170248087804864,81.7,High,Very High,Immediate Review,1,188,33,IL,250/500,1000,1340.24,0,MALE,High School,protective-serv,chess,own-child,0,-68800,Multi-vehicle Collision,Rear Collision,Minor Damage,Police,NY,Hillsdale,8,3,YES,1,0,,76010,13820,6910,55280,Dodge,RAM,1995,7618,56.71372291529875,0.1818181818181818,0.0909090909090909,0.7272727272727273,0,1
169,0.8167474649928356,81.67,High,Very High,Immediate Review,1,364,51,IL,100/300,500,1268.35,0,MALE,Masters,transport-moving,board-games,wife,0,0,Single Vehicle Collision,Rear Collision,Major Damage,Other,NY,Northbrook,16,1,YES,2,1,NO,77330,14060,14060,49210,Volkswagen,Jetta,2014,8292,60.96897544053298,0.1818181818181818,0.1818181818181818,0.6363636363636364,0,0
170,0.8156480371017772,81.56,High,Very High,Immediate Review,0,114,30,IL,100/300,1000,1558.29,0,MALE,High School,farming-fishing,video-games,wife,51400,-64000,Multi-vehicle Collision,Front Collision,Major Damage,Ambulance,NY,Hillsdale,1,3,NO,1,2,,77110,14020,14020,49070,Suburu,Impreza,2015,8315,49.48372895930796,0.1818181818181818,0.1818181818181818,0.6363636363636364,1,1
171,0.8148920746026644,81.49,High,Very High,Immediate Review,1,162,31,IN,100/300,1000,1050.24,0,FEMALE,Masters,adm-clerical,chess,wife,30700,0,Parked Car,,Minor Damage,,NC,Arlington,7,1,,0,0,NO,3600,360,720,2520,BMW,X5,2013,3292,3.427787934186472,0.1,0.2,0.7,0,0
172,0.8147007256446913,81.47,High,Very High,Immediate Review,1,264,41,OH,100/300,500,1411.3,0,MALE,PhD,prof-specialty,cross-fit,unmarried,55600,0,Single Vehicle Collision,Rear Collision,Minor Damage,Other,PA,Northbrook,4,1,NO,1,0,,60390,10980,5490,43920,BMW,M5,2004,4498,42.79033515198753,0.1818181818181818,0.0909090909090909,0.7272727272727273,1,0
173,0.8143177647716505,81.43,High,Very High,Immediate Review,1,66,26,IL,250/500,1000,988.29,0,MALE,College,armed-forces,skydiving,own-child,0,0,Single Vehicle Collision,Rear Collision,Major Damage,Police,NY,Northbend,8,1,,2,2,YES,57860,0,10520,47340,Suburu,Impreza,2008,5925,58.545568608404416,0.0,0.1818181818181818,0.8181818181818182,0,0
174,0.8139722248141772,81.4,High,Very High,Immediate Review,1,313,47,IN,250/500,1000,1556.17,0,MALE,College,prof-specialty,reading,wife,63900,-53300,Single Vehicle Collision,Front Collision,Major Damage,Ambulance,SC,Hillsdale,20,1,YES,1,3,NO,40260,3660,7320,29280,Accura,MDX,1996,675,25.87120944369831,0.0909090909090909,0.1818181818181818,0.7272727272727273,0,0
175,0.8121149897127212,81.21,High,Very High,Immediate Review,0,411,56,IL,250/500,1000,1595.28,0,FEMALE,College,protective-serv,exercise,other-relative,0,0,Multi-vehicle Collision,Side Collision,Major Damage,Ambulance,VA,Springfield,23,3,,0,0,,38610,3510,3510,31590,Volkswagen,Passat,2007,8195,24.202647811042574,0.0909090909090909,0.0909090909090909,0.8181818181818182,1,1
176,0.8103824522513421,81.04,High,Very High,Immediate Review,1,253,41,OH,100/300,2000,1312.75,0,FEMALE,PhD,sales,dancing,other-relative,81300,0,Multi-vehicle Collision,Rear Collision,Major Damage,Other,SC,Springfield,10,3,NO,2,2,YES,80740,7340,14680,58720,Toyota,Camry,2014,631,61.50447533803085,0.0909090909090909,0.1818181818181818,0.7272727272727273,0,1
177,0.8085286715760848,80.85,High,Very High,Immediate Review,0,56,42,IL,250/500,500,1339.39,0,FEMALE,Associate,adm-clerical,chess,not-in-family,0,0,Single Vehicle Collision,Rear Collision,Total Loss,Other,NY,Columbus,13,1,,1,2,YES,61490,11180,11180,39130,BMW,X5,1998,6807,45.90895855576046,0.1818181818181818,0.1818181818181818,0.6363636363636364,0,0
178,0.8081752138888846,80.82,High,Very High,Immediate Review,1,344,51,IL,100/300,1000,959.83,0,FEMALE,Masters,sales,paintball,not-in-family,0,-38700,Multi-vehicle Collision,Side Collision,Major Damage,Fire,NY,Northbend,18,3,,2,2,YES,75400,17400,11600,46400,BMW,X6,2006,2411,78.55557755019117,0.2307692307692307,0.1538461538461538,0.6153846153846154,0,1
179,0.807969505705921,80.8,High,Very High,Immediate Review,0,48,35,IL,100/300,500,1090.03,0,FEMALE,JD,exec-managerial,golf,unmarried,0,-51000,Single Vehicle Collision,Rear Collision,Major Damage,Ambulance,WV,Arlington,1,1,YES,0,2,NO,48400,9680,4840,33880,Saab,92x,2005,2450,44.40244763905581,0.2,0.1,0.7,1,0
180,0.8058730168146871,80.59,High,Very High,Immediate Review,1,238,43,OH,250/500,1000,1524.45,4000000,MALE,High School,handlers-cleaners,chess,wife,0,-44800,Multi-vehicle Collision,Rear Collision,Total Loss,Ambulance,NC,Hillsdale,21,4,NO,0,0,NO,42700,4270,4270,34160,Saab,92x,1995,6855,28.010102004001443,0.1,0.1,0.8,0,1
181,0.8052876047663636,80.53,High,Very High,Immediate Review,0,93,31,IL,100/300,2000,1017.18,0,FEMALE,MD,prof-specialty,paintball,husband,0,0,Multi-vehicle Collision,Rear Collision,Major Damage,Police,NC,Arlington,21,3,YES,1,3,NO,48070,8740,8740,30590,Saab,92x,2014,2591,47.2581057433296,0.1818181818181818,0.1818181818181818,0.6363636363636364,0,1
182,0.8051330217798301,80.51,High,Very High,Immediate Review,1,185,34,OH,250/500,500,1257.36,0,FEMALE,PhD,armed-forces,movies,husband,0,0,Multi-vehicle Collision,Side Collision,Major Damage,Fire,SC,Arlington,20,3,YES,1,1,,51370,9340,4670,37360,BMW,M5,2000,1773,40.85544315072851,0.1818181818181818,0.0909090909090909,0.7272727272727273,0,1
183,0.8050390949859105,80.5,High,Very High,Immediate Review,0,254,46,IL,250/500,2000,1472.43,0,MALE,MD,tech-support,basketball,husband,0,-90600,Multi-vehicle Collision,Front Collision,Major Damage,Ambulance,WV,Arlington,3,3,,1,3,YES,63580,5780,11560,46240,Volkswagen,Jetta,2004,3831,43.18032096602215,0.0909090909090909,0.1818181818181818,0.7272727272727273,1,1
184,0.8047816020257603,80.48,High,Very High,Immediate Review,1,270,41,IL,250/500,1000,817.28,0,MALE,High School,sales,cross-fit,unmarried,62200,0,Multi-vehicle Collision,Rear Collision,Total Loss,Ambulance,SC,Columbus,17,3,,1,1,NO,60190,4630,9260,46300,Mercedes,ML350,2014,7501,73.64673061863743,0.0769230769230769,0.1538461538461538,0.7692307692307693,0,1
185,0.8033968881055228,80.34,High,Very High,Immediate Review,1,41,25,IN,100/300,1000,1226.83,0,FEMALE,College,exec-managerial,exercise,not-in-family,0,-56100,Multi-vehicle Collision,Side Collision,Major Damage,Other,SC,Columbus,12,3,YES,2,0,,45120,0,5640,39480,Accura,MDX,2011,8393,36.77771166339265,0.0,0.125,0.875,0,1
186,0.8033595819745799,80.34,High,Very High,Immediate Review,1,150,31,IN,500/1000,1000,1354.5,0,MALE,Masters,machine-op-inspct,base-jumping,husband,52800,0,Multi-vehicle Collision,Front Collision,Major Damage,Ambulance,NY,Arlington,6,3,,0,3,YES,64800,6480,12960,45360,Suburu,Forrestor,2000,7401,47.8405315614618,0.1,0.2,0.7,0,1
187,0.802775524557681,80.28,High,Very High,Immediate Review,1,203,38,IL,250/500,500,1394.43,0,FEMALE,Masters,other-service,skydiving,not-in-family,0,0,Single Vehicle Collision,Front Collision,Major Damage,Ambulance,VA,Columbus,7,1,,0,1,YES,55440,0,6160,49280,Nissan,Maxima,1999,6189,39.7581807620318,0.0,0.1111111111111111,0.8888888888888888,0,0
188,0.7978503632565856,79.79,High,Very High,Immediate Review,0,330,48,OH,250/500,1000,1625.65,0,MALE,College,farming-fishing,skydiving,husband,0,0,Single Vehicle Collision,Side Collision,Major Damage,Ambulance,VA,Springfield,10,1,YES,1,3,,59500,11900,5950,41650,Dodge,Neon,2006,6091,36.60074431765755,0.2,0.1,0.7,0,0
189,0.7978273599784076,79.78,High,Very High,Immediate Review,0,219,43,IN,100/300,1000,1483.25,0,FEMALE,MD,exec-managerial,exercise,not-in-family,90700,-20800,Multi-vehicle Collision,Front Collision,Major Damage,Ambulance,NC,Riverwood,3,3,NO,1,1,,70680,5890,11780,53010,Ford,Fusion,2009,1503,47.65211528737569,0.0833333333333333,0.1666666666666666,0.75,1,1
190,0.7976648245566508,79.77,High,Very High,Immediate Review,0,239,39,IL,100/300,500,1396.83,0,FEMALE,Masters,other-service,reading,husband,0,0,Multi-vehicle Collision,Rear Collision,Major Damage,Ambulance,WV,Northbend,0,4,,0,3,NO,76890,6990,13980,55920,BMW,X6,2007,8964,55.04606859818304,0.0909090909090909,0.1818181818181818,0.7272727272727273,1,1
191,0.7943068033274124,79.43,High,Very High,Immediate Review,1,61,23,IL,250/500,2000,1136.83,4000000,FEMALE,Associate,tech-support,exercise,own-child,0,-62400,Single Vehicle Collision,Side Collision,Major Damage,Police,NY,Columbus,14,1,NO,0,3,,98340,8940,17880,71520,Honda,Accord,2004,7911,86.50369888197883,0.0909090909090909,0.1818181818181818,0.7272727272727273,0,0
192,0.7924109351358563,79.24,High,Very High,Immediate Review,1,440,57,IL,100/300,1000,995.55,5000000,MALE,College,protective-serv,paintball,wife,51500,-52100,Multi-vehicle Collision,Rear Collision,Major Damage,Police,SC,Arlington,19,3,YES,0,3,,68200,12400,12400,43400,Jeep,Wrangler,2007,2881,68.50484656722415,0.1818181818181818,0.1818181818181818,0.6363636363636364,0,1
193,0.7883632486508251,78.84,High,Very High,Immediate Review,1,370,55,IL,100/300,2000,972.18,0,MALE,High School,prof-specialty,paintball,other-relative,72700,-68200,Multi-vehicle Collision,Rear Collision,Major Damage,Ambulance,SC,Hillsdale,20,3,NO,0,0,YES,71520,17880,5960,47680,Suburu,Forrestor,2000,7534,73.56662346479048,0.25,0.0833333333333333,0.6666666666666666,0,1
194,0.7865439524031277,78.65,High,Very High,Immediate Review,1,123,28,IL,100/300,2000,1836.02,0,MALE,Masters,transport-moving,movies,own-child,38000,-41200,Single Vehicle Collision,Side Collision,Major Damage,Ambulance,NC,Riverwood,5,1,,2,1,YES,79800,13300,6650,59850,Volkswagen,Passat,2011,759,43.46357882811734,0.1666666666666666,0.0833333333333333,0.75,1,0
195,0.7832411624183939,78.32,High,Very High,Immediate Review,0,458,62,IL,500/1000,2000,1356.92,5000000,MALE,Associate,handlers-cleaners,base-jumping,wife,0,0,Single Vehicle Collision,Rear Collision,Major Damage,Other,NY,Arlington,2,1,,0,1,YES,46980,5220,5220,36540,Audi,A5,1998,1196,34.622527488724465,0.1111111111111111,0.1111111111111111,0.7777777777777778,1,0
196,0.7821744425760231,78.22,High,Very High,Immediate Review,1,225,41,OH,500/1000,2000,1103.58,0,MALE,High School,exec-managerial,exercise,unmarried,41200,-36200,Multi-vehicle Collision,Side Collision,Major Damage,Police,NY,Northbend,20,3,,2,2,NO,70400,6400,12800,51200,Toyota,Highlander,2011,7837,63.79238478406641,0.0909090909090909,0.1818181818181818,0.7272727272727273,0,1
197,0.7809510823220435,78.1,High,Very High,Immediate Review,1,453,60,IN,100/300,500,1298.91,6000000,MALE,PhD,craft-repair,dancing,unmarried,52600,-38800,Single Vehicle Collision,Front Collision,Major Damage,Fire,NC,Springfield,0,1,YES,0,0,,70000,14000,7000,49000,Ford,F150,2015,4312,53.89133966171636,0.2,0.1,0.7,1,0
198,0.7786392498516418,77.86,High,Very High,Immediate Review,1,147,31,IN,250/500,500,1054.92,6000000,FEMALE,PhD,prof-specialty,exercise,own-child,51900,0,Single Vehicle Collision,Front Collision,Major Damage,Other,NY,Northbrook,4,1,,0,0,,68240,8530,0,59710,Toyota,Corolla,2013,6549,64.68736965836271,0.125,0.0,0.875,1,0
199,0.7752058321141636,77.52,High,Very High,Immediate Review,1,152,33,OH,100/300,1000,840.81,0,FEMALE,High School,farming-fishing,chess,husband,0,0,Single Vehicle Collision,Rear Collision,Minor Damage,Ambulance,NY,Arlington,2,1,YES,0,2,,82610,7510,7510,67590,Ford,Escape,2002,3569,98.25049654499828,0.0909090909090909,0.0909090909090909,0.8181818181818182,1,0
200,0.7737005081289225,77.37,High,Very High,Immediate Review,1,298,47,IL,500/1000,2000,1338.5,0,FEMALE,PhD,machine-op-inspct,basketball,other-relative,28800,0,Single Vehicle Collision,Front Collision,Major Damage,Fire,NY,Northbrook,1,1,,0,0,,70590,10860,10860,48870,Saab,93,2000,5927,52.73813970862906,0.1538461538461538,0.1538461538461538,0.6923076923076923,1,0
201,0.7725900050850694,77.26,High,Very High,Immediate Review,0,472,64,IN,250/500,500,989.24,0,MALE,Masters,other-service,skydiving,not-in-family,0,0,Single Vehicle Collision,Front Collision,Major Damage,Fire,NY,Northbrook,13,1,NO,2,3,NO,70900,14180,7090,49630,Mercedes,ML350,2002,910,71.67118191743157,0.2,0.1,0.7,0,0
202,0.77232835858631,77.23,High,Very High,Immediate Review,1,270,44,IL,500/1000,2000,1030.95,0,FEMALE,Associate,machine-op-inspct,paintball,other-relative,47200,0,Multi-vehicle Collision,Rear Collision,Major Damage,Ambulance,NC,Northbend,20,3,,1,0,NO,35900,7180,3590,25130,Audi,A3,2007,4231,34.82225132159658,0.2,0.1,0.7,0,1
203,0.7686993095214136,76.87,High,Very High,Immediate Review,0,309,47,IL,500/1000,500,1527.95,0,MALE,PhD,exec-managerial,hiking,other-relative,69400,0,Multi-vehicle Collision,Rear Collision,Major Damage,Other,WV,Northbend,15,4,YES,0,1,,77800,15560,15560,46680,Dodge,RAM,2002,1357,50.91789652802775,0.2,0.2,0.6,0,1
204,0.7663073827335658,76.63,High,Very High,Immediate Review,1,232,44,OH,250/500,2000,1181.64,0,MALE,College,other-service,exercise,wife,25800,0,Single Vehicle Collision,Rear Collision,Major Damage,Fire,NY,Northbend,22,1,,1,1,YES,55400,5540,11080,38780,Jeep,Grand Cherokee,2002,7433,46.88399174029315,0.1,0.2,0.7,0,0
205,0.7661671326688968,76.62,High,Very High,Immediate Review,1,199,37,IN,250/500,500,1262.08,0,MALE,JD,tech-support,video-games,wife,48500,0,Single Vehicle Collision,Front Collision,Major Damage,Ambulance,NC,Columbus,4,1,,0,3,NO,60170,10940,10940,38290,Nissan,Pathfinder,2011,6374,47.67526622718053,0.1818181818181818,0.1818181818181818,0.6363636363636364,1,0
206,0.765974402986049,76.6,High,Very High,Immediate Review,1,157,31,IN,500/1000,500,1257.83,7000000,MALE,High School,farming-fishing,reading,own-child,40700,-41600,Multi-vehicle Collision,Rear Collision,Major Damage,Other,OH,Arlington,2,4,NO,2,2,NO,47700,4770,9540,33390,Accura,TL,2011,8962,37.922453749711806,0.1,0.2,0.7,1,1
207,0.7656123724619028,76.56,High,Very High,Immediate Review,0,116,31,IN,250/500,500,1194.83,0,FEMALE,MD,prof-specialty,camping,husband,28600,0,Single Vehicle Collision,Side Collision,Major Damage,Police,SC,Riverwood,23,1,NO,0,0,NO,44200,4420,8840,30940,Suburu,Forrestor,1997,2263,36.99271026003699,0.1,0.2,0.7,1,0
208,0.7649034253977094,76.49,High,Very High,Immediate Review,1,389,53,IL,500/1000,2000,791.47,0,MALE,Masters,armed-forces,chess,unmarried,0,0,Vehicle Theft,,Minor Damage,Police,NC,Riverwood,6,1,NO,1,2,NO,6300,630,1260,4410,Mercedes,C300,2001,6130,7.959872136657106,0.1,0.2,0.7,0,0
209,0.7626000529466206,76.26,High,Very High,Immediate Review,1,8,35,OH,100/300,2000,1266.92,0,MALE,Masters,sales,polo,own-child,0,0,Multi-vehicle Collision,Rear Collision,Major Damage,Other,OH,Arlington,16,3,NO,1,3,YES,71500,16500,11000,44000,Ford,Escape,2006,400,56.436081204811664,0.2307692307692307,0.1538461538461538,0.6153846153846154,0,1
210,0.7615225129872012,76.15,High,Very High,Immediate Review,1,39,31,IL,250/500,2000,1366.9,0,FEMALE,High School,handlers-cleaners,polo,husband,0,-15700,Multi-vehicle Collision,Rear Collision,Major Damage,Fire,NC,Northbend,14,3,,1,0,NO,52700,10540,10540,31620,BMW,X6,2014,4383,38.55439315238861,0.2,0.2,0.6,0,1
211,0.7602963175757642,76.03,High,Very High,Immediate Review,1,78,31,IN,250/500,1000,1554.64,4000000,MALE,PhD,protective-serv,board-games,own-child,0,-27900,Single Vehicle Collision,Front Collision,Major Damage,Other,WV,Springfield,21,1,NO,1,0,NO,55660,5060,10120,40480,Honda,CRV,2009,5853,35.80250090053002,0.0909090909090909,0.1818181818181818,0.7272727272727273,0,0
212,0.7594938592894138,75.95,High,Very High,Immediate Review,0,8,31,IN,250/500,500,1229.16,4000000,FEMALE,MD,transport-moving,kayaking,wife,0,-88300,Multi-vehicle Collision,Front Collision,Major Damage,Fire,PA,Hillsdale,2,3,,0,2,YES,48100,11100,7400,29600,Volkswagen,Jetta,2014,4395,39.13241563344072,0.2307692307692307,0.1538461538461538,0.6153846153846154,1,1
213,0.7559537234170657,75.6,High,Very High,Immediate Review,0,129,28,OH,500/1000,1000,1377.94,0,MALE,Masters,machine-op-inspct,base-jumping,not-in-family,0,0,Single Vehicle Collision,Side Collision,Major Damage,Fire,NY,Springfield,23,1,,2,3,,44640,9920,4960,29760,Toyota,Camry,2005,9129,32.39618561040393,0.2222222222222222,0.1111111111111111,0.6666666666666666,1,0
214,0.7556884583047322,75.57,High,Very High,Immediate Review,1,271,42,OH,100/300,500,1105.49,0,FEMALE,Associate,prof-specialty,sleeping,own-child,56200,-50000,Multi-vehicle Collision,Side Collision,Major Damage,Other,SC,Hillsdale,12,2,,2,3,,68310,12420,6210,49680,Audi,A3,2003,1285,61.79160372323585,0.1818181818181818,0.0909090909090909,0.7272727272727273,0,1
215,0.7523918455562975,75.24,High,Very High,Immediate Review,1,167,36,IL,100/300,1000,949.44,0,FEMALE,Masters,exec-managerial,camping,other-relative,0,-38400,Multi-vehicle Collision,Rear Collision,Major Damage,Ambulance,NC,Springfield,22,3,,0,0,NO,69680,8710,8710,52260,Mercedes,ML350,2008,7655,73.3906302662622,0.125,0.125,0.75,0,1
216,0.7487713999498905,74.88,High,Very High,Immediate Review,0,119,27,IN,250/500,2000,1097.64,0,MALE,High School,transport-moving,video-games,other-relative,27100,0,Multi-vehicle Collision,Rear Collision,Major Damage,Other,PA,Northbend,16,2,NO,1,0,,63720,7080,21240,35400,Accura,TL,2006,6394,58.05182026894063,0.1111111111111111,0.3333333333333333,0.5555555555555556,0,1
217,0.7455933765966313,74.56,High,Very High,Immediate Review,0,431,54,IN,500/1000,2000,1155.55,0,FEMALE,MD,craft-repair,bungie-jumping,unmarried,65700,0,Multi-vehicle Collision,Rear Collision,Major Damage,Police,NY,Hillsdale,4,3,,2,0,,62300,12460,6230,43610,Jeep,Wrangler,2007,4440,53.91372073904202,0.2,0.1,0.7,1,1
218,0.7426431958305766,74.26,High,Very High,Immediate Review,0,334,50,OH,500/1000,500,1216.24,0,MALE,Masters,priv-house-serv,polo,wife,26700,-47200,Single Vehicle Collision,Rear Collision,Major Damage,Fire,NY,Columbus,7,1,NO,2,0,,50000,5000,10000,35000,Chevrolet,Silverado,2008,1889,41.11030717621522,0.1,0.2,0.7,0,0
219,0.741832726068575,74.18,High,Very High,Immediate Review,1,276,46,OH,100/300,2000,1090.32,0,MALE,College,handlers-cleaners,chess,husband,0,-70400,Single Vehicle Collision,Front Collision,Minor Damage,Ambulance,SC,Columbus,17,1,NO,1,2,,51390,5710,5710,39970,Volkswagen,Jetta,2007,890,47.13295179396874,0.1111111111111111,0.1111111111111111,0.7777777777777778,0,0
220,0.740530599790721,74.05,High,Very High,Immediate Review,1,11,40,OH,500/1000,2000,1217.69,0,FEMALE,MD,prof-specialty,reading,wife,24000,0,Multi-vehicle Collision,Side Collision,Major Damage,Other,SC,Springfield,6,3,,1,0,,53460,9720,9720,34020,Dodge,Neon,2004,5040,43.9027995631072,0.1818181818181818,0.1818181818181818,0.6363636363636364,0,1
221,0.7398339158759601,73.98,High,Very High,Immediate Review,1,206,36,IL,500/1000,500,1625.45,4000000,FEMALE,MD,other-service,video-games,other-relative,0,-53700,Single Vehicle Collision,Front Collision,Major Damage,Ambulance,NY,Northbrook,11,1,NO,2,1,NO,76560,12760,12760,51040,Ford,Fusion,2008,2010,47.100802854594114,0.1666666666666666,0.1666666666666666,0.6666666666666666,0,0
222,0.738463406848074,73.85,High,Very High,Immediate Review,1,464,61,OH,500/1000,1000,1125.37,0,FEMALE,Associate,prof-specialty,basketball,husband,0,-56400,Multi-vehicle Collision,Rear Collision,Major Damage,Police,VA,Northbend,6,3,,0,2,YES,79800,6650,19950,53200,Saab,95,2000,8864,70.9100118183353,0.0833333333333333,0.25,0.6666666666666666,0,1
223,0.7374577403050165,73.75,High,Very High,Immediate Review,1,159,33,IN,100/300,2000,1462.76,0,FEMALE,College,craft-repair,skydiving,husband,69200,-36900,Multi-vehicle Collision,Rear Collision,Major Damage,Ambulance,NY,Columbus,23,3,YES,2,0,NO,44880,8160,4080,32640,Mercedes,C300,2004,2776,30.68172495829801,0.1818181818181818,0.0909090909090909,0.7272727272727273,1,1
224,0.7345629544387127,73.46,High,Very High,Immediate Review,0,328,48,IL,250/500,500,1411.43,0,MALE,Masters,armed-forces,bungie-jumping,own-child,45100,-32800,Single Vehicle Collision,Front Collision,Major Damage,Ambulance,NY,Riverwood,17,1,YES,2,1,NO,59400,5940,11880,41580,Honda,Civic,2014,3324,42.08497764678376,0.1,0.2,0.7,0,0
225,0.7320907150295328,73.21,High,Very High,Immediate Review,0,163,36,IN,250/500,1000,1503.21,0,MALE,MD,other-service,cross-fit,husband,55700,-49900,Single Vehicle Collision,Side Collision,Total Loss,Ambulance,WV,Springfield,1,1,YES,2,1,NO,51390,5710,11420,34260,Toyota,Corolla,2013,5511,34.18684016205321,0.1111111111111111,0.2222222222222222,0.6666666666666666,1,0
226,0.725917369496816,72.59,High,Very High,Immediate Review,0,26,42,OH,100/300,1000,1484.48,0,MALE,PhD,armed-forces,sleeping,not-in-family,50700,-36300,Single Vehicle Collision,Side Collision,Major Damage,Police,SC,Riverwood,10,1,NO,2,3,,63030,5730,11460,45840,Saab,92x,1996,1627,42.45931235179996,0.0909090909090909,0.1818181818181818,0.7272727272727273,0,0
227,0.725897040767205,72.59,High,Very High,Immediate Review,1,43,43,IL,500/1000,500,1320.39,0,FEMALE,Associate,armed-forces,yachting,not-in-family,0,0,Single Vehicle Collision,Rear Collision,Major Damage,Ambulance,WV,Arlington,16,1,,2,1,,79970,7270,21810,50890,Honda,CRV,1996,6282,60.5654389990836,0.0909090909090909,0.2727272727272727,0.6363636363636364,0,0
228,0.7257429252231379,72.57,High,Very High,Immediate Review,1,152,33,IN,250/500,500,942.51,0,FEMALE,PhD,transport-moving,exercise,wife,0,0,Single Vehicle Collision,Side Collision,Major Damage,Fire,SC,Hillsdale,16,1,YES,0,0,,70400,6400,19200,44800,Suburu,Legacy,2001,5556,74.69416770113845,0.0909090909090909,0.2727272727272727,0.6363636363636364,0,0
229,0.7251416892958449,72.51,High,Very High,Immediate Review,1,360,51,IL,500/1000,1000,1526.61,0,MALE,Masters,handlers-cleaners,chess,not-in-family,0,-32900,Vehicle Theft,,Minor Damage,Police,SC,Hillsdale,5,1,YES,2,2,,4620,840,840,2940,Dodge,RAM,2009,4813,3.0263132037652056,0.1818181818181818,0.1818181818181818,0.6363636363636364,1,0
230,0.7250357369089421,72.5,High,Very High,Immediate Review,0,234,43,OH,250/500,500,1257.04,0,MALE,Associate,protective-serv,reading,own-child,0,-48800,Single Vehicle Collision,Rear Collision,Major Damage,Police,SC,Northbrook,4,1,NO,2,2,YES,51600,10320,5160,36120,Dodge,Neon,2011,9106,41.04881308470693,0.2,0.1,0.7,1,0
231,0.722402121328441,72.24,High,Very High,Immediate Review,0,396,57,IN,100/300,1000,1366.39,0,MALE,High School,protective-serv,exercise,other-relative,0,-22400,Multi-vehicle Collision,Front Collision,Major Damage,Other,NC,Columbus,22,3,YES,2,1,NO,52560,11680,5840,35040,Saab,93,1995,8146,38.466323670401565,0.2222222222222222,0.1111111111111111,0.6666666666666666,0,1
232,0.7213423154676113,72.13,High,Very High,Immediate Review,1,371,51,IN,500/1000,1000,1532.47,0,FEMALE,Associate,tech-support,golf,other-relative,60300,-24700,Single Vehicle Collision,Rear Collision,Major Damage,Fire,NY,Arlington,7,1,YES,0,3,YES,75400,7540,15080,52780,Dodge,RAM,2012,3383,49.20161569231372,0.1,0.2,0.7,0,0
233,0.7193767738895125,71.94,High,Very High,Immediate Review,1,355,47,OH,500/1000,2000,1273.7,4000000,MALE,College,other-service,kayaking,husband,0,0,Multi-vehicle Collision,Front Collision,Major Damage,Fire,WV,Arlington,19,3,NO,2,1,NO,62800,6280,6280,50240,Audi,A3,2003,9064,49.305173902802856,0.1,0.1,0.8,0,1
234,0.7184910749813982,71.85,High,Very High,Immediate Review,1,215,42,OH,500/1000,500,1848.81,0,MALE,JD,transport-moving,video-games,own-child,0,-49000,Multi-vehicle Collision,Front Collision,Major Damage,Fire,WV,Northbend,20,3,YES,2,2,YES,68520,11420,5710,51390,Suburu,Legacy,2003,2292,37.06167751148036,0.1666666666666666,0.0833333333333333,0.75,0,1
235,0.717431440108421,71.74,High,Very High,Immediate Review,1,121,31,IN,100/300,1000,1140.91,0,MALE,Associate,adm-clerical,paintball,other-relative,51300,0,Multi-vehicle Collision,Side Collision,Major Damage,Fire,VA,Northbend,15,3,NO,1,2,,64300,6430,6430,51440,Chevrolet,Silverado,2002,8611,56.35852082986388,0.1,0.1,0.8,0,1
236,0.7123727380430211,71.24,High,Very High,Immediate Review,1,310,48,IN,100/300,500,1516.34,0,FEMALE,JD,adm-clerical,sleeping,unmarried,11000,0,Multi-vehicle Collision,Rear Collision,Major Damage,Police,SC,Springfield,11,4,YES,0,2,NO,59400,13200,6600,39600,Saab,93,1996,5630,39.17327248506272,0.2222222222222222,0.1111111111111111,0.6666666666666666,0,1
237,0.7108548750809257,71.09,High,Very High,Immediate Review,1,85,30,IN,500/1000,1000,1454.42,0,MALE,Associate,protective-serv,reading,other-relative,51600,-73900,Single Vehicle Collision,Side Collision,Major Damage,Other,NY,Springfield,19,1,YES,0,1,YES,74280,12380,12380,49520,Suburu,Forrestor,2006,7764,51.07190495180209,0.1666666666666666,0.1666666666666666,0.6666666666666666,0,0
238,0.7076936117431923,70.77,High,Very High,Immediate Review,1,250,42,IN,100/300,500,1055.6,0,MALE,High School,exec-managerial,paintball,husband,69500,-40700,Single Vehicle Collision,Rear Collision,Major Damage,Other,SC,Columbus,16,1,,1,1,,74800,13600,6800,54400,Ford,Fusion,2009,3691,70.86017430845018,0.1818181818181818,0.0909090909090909,0.7272727272727273,0,0
239,0.702532195062846,70.25,High,Very High,Immediate Review,1,272,41,OH,250/500,2000,945.73,5000000,MALE,MD,protective-serv,chess,wife,38600,-42800,Single Vehicle Collision,Front Collision,Minor Damage,Fire,NY,Arlington,23,1,NO,0,0,NO,84100,16820,8410,58870,Ford,Escape,2009,8703,88.92601482452709,0.2,0.1,0.7,1,0
240,0.6978973557153798,69.79,Medium,Very High,Secondary Review,0,61,23,IL,100/300,500,1111.72,0,MALE,JD,exec-managerial,bungie-jumping,other-relative,54600,0,Single Vehicle Collision,Side Collision,Major Damage,Fire,PA,Riverwood,6,1,,1,2,,41850,4650,4650,32550,Suburu,Legacy,1997,2910,37.64437088475516,0.1111111111111111,0.1111111111111111,0.7777777777777778,0,0
241,0.6970049250160698,69.7,Medium,Very High,Secondary Review,1,184,38,IL,250/500,1000,1437.53,0,FEMALE,College,transport-moving,chess,not-in-family,0,0,Multi-vehicle Collision,Side Collision,Minor Damage,Ambulance,PA,Northbrook,6,3,,0,2,NO,53730,11940,5970,35820,Dodge,RAM,2013,7448,37.376611270721305,0.2222222222222222,0.1111111111111111,0.6666666666666666,0,1
242,0.6886644827974908,68.87,Medium,Very High,Secondary Review,0,48,44,IL,100/300,2000,1400.74,0,MALE,College,sales,base-jumping,other-relative,34000,-55600,Multi-vehicle Collision,Rear Collision,Major Damage,Police,NC,Arlington,23,3,YES,0,2,,87300,17460,17460,52380,Jeep,Wrangler,2013,6561,62.32420006567957,0.2,0.2,0.6,1,1
243,0.6875438172432188,68.75,Medium,Very High,Secondary Review,1,175,34,OH,100/300,500,915.29,0,FEMALE,JD,handlers-cleaners,base-jumping,wife,82400,-57100,Single Vehicle Collision,Front Collision,Major Damage,Other,NY,Arlington,14,1,,2,1,YES,36720,4080,4080,28560,Honda,Accord,2009,7210,40.1184324094003,0.1111111111111111,0.1111111111111111,0.7777777777777778,0,0
244,0.6859174242861604,68.59,Medium,Very High,Secondary Review,1,328,48,OH,250/500,1000,1406.91,0,MALE,MD,craft-repair,sleeping,husband,53300,0,Single Vehicle Collision,Side Collision,Major Damage,Police,SC,Columbus,5,1,YES,1,2,YES,71610,6510,13020,52080,Saab,92x,2004,100,50.89877817344393,0.0909090909090909,0.1818181818181818,0.7272727272727273,1,0
245,0.6848437072785538,68.48,Medium,Very High,Secondary Review,1,266,42,IN,100/300,500,1093.83,4000000,MALE,Associate,adm-clerical,board-games,other-relative,0,-49600,Multi-vehicle Collision,Side Collision,Major Damage,Ambulance,WV,Springfield,18,3,,1,1,NO,53280,4440,8880,39960,Suburu,Impreza,2015,4370,48.70958009928417,0.0833333333333333,0.1666666666666666,0.75,0,1
246,0.683961064520099,68.4,Medium,Very High,Secondary Review,0,56,36,IN,100/300,500,1533.07,0,MALE,JD,farming-fishing,exercise,own-child,0,-28800,Single Vehicle Collision,Rear Collision,Major Damage,Police,NC,Springfield,13,1,YES,1,2,YES,58500,0,6500,52000,Ford,Escape,2001,1899,38.15872725968156,0.0,0.1111111111111111,0.8888888888888888,0,0
247,0.6811712000267223,68.12,Medium,Very High,Secondary Review,0,210,35,IL,500/1000,1000,1346.27,0,MALE,Masters,farming-fishing,cross-fit,not-in-family,44900,-91400,Single Vehicle Collision,Front Collision,Total Loss,Ambulance,WV,Arlington,11,1,NO,0,2,,58200,5820,5820,46560,BMW,X5,2013,8410,43.230555534922416,0.1,0.1,0.8,0,0
248,0.6796945689832493,67.97,Medium,Very High,Secondary Review,1,175,36,OH,500/1000,500,1185.44,0,MALE,Masters,exec-managerial,kayaking,not-in-family,44900,-52500,Multi-vehicle Collision,Rear Collision,Major Damage,Police,NC,Northbend,15,3,YES,2,1,YES,42680,3880,7760,31040,Accura,RSX,2006,8368,36.00350924551221,0.0909090909090909,0.1818181818181818,0.7272727272727273,0,1
249,0.6793540613365,67.94,Medium,Very High,Secondary Review,1,154,34,OH,100/300,1000,1041.36,0,FEMALE,JD,priv-house-serv,cross-fit,husband,53100,-43900,Multi-vehicle Collision,Side Collision,Total Loss,Other,WV,Hillsdale,18,4,,2,3,YES,74360,13520,13520,47320,Toyota,Highlander,2005,5592,71.40662210954906,0.1818181818181818,0.1818181818181818,0.6363636363636364,0,1
250,0.6763542430388699,67.64,Medium,Very High,Secondary Review,1,436,58,OH,250/500,2000,1407.01,5000000,MALE,PhD,tech-support,sleeping,other-relative,47400,-27600,Single Vehicle Collision,Rear Collision,Major Damage,Police,WV,Riverwood,10,1,,0,2,,59900,11980,5990,41930,BMW,X5,1997,4638,42.5725474587956,0.2,0.1,0.7,0,0
251,0.6747165161126172,67.47,Medium,High,Secondary Review,1,156,32,IL,250/500,500,1479.48,0,MALE,Masters,prof-specialty,bungie-jumping,unmarried,0,0,Single Vehicle Collision,Front Collision,Major Damage,Other,NY,Northbrook,15,1,YES,1,3,YES,74690,6790,13580,54320,Dodge,RAM,2008,8334,50.483953821613,0.0909090909090909,0.1818181818181818,0.7272727272727273,0,0
252,0.6733281629693517,67.33,Medium,High,Secondary Review,0,56,29,IL,100/300,1000,1523.17,0,MALE,Masters,prof-specialty,movies,own-child,0,0,Multi-vehicle Collision,Front Collision,Major Damage,Fire,PA,Northbend,10,3,,1,2,YES,94560,7880,15760,70920,Jeep,Grand Cherokee,1995,3159,62.08105464262032,0.0833333333333333,0.1666666666666666,0.75,0,1
253,0.6728601392149671,67.29,Medium,High,Secondary Review,0,303,50,IL,100/300,2000,836.11,5000000,MALE,Masters,sales,camping,not-in-family,0,0,Multi-vehicle Collision,Side Collision,Major Damage,Fire,SC,Springfield,1,4,YES,1,2,NO,72840,12140,6070,54630,Dodge,Neon,2010,6532,87.11772374448338,0.1666666666666666,0.0833333333333333,0.75,1,1
254,0.6651389528677359,66.51,Medium,High,Secondary Review,1,144,37,OH,250/500,2000,1896.91,0,FEMALE,PhD,handlers-cleaners,sleeping,not-in-family,73700,0,Multi-vehicle Collision,Rear Collision,Major Damage,Fire,SC,Columbus,17,3,YES,1,3,NO,54400,5440,10880,38080,Chevrolet,Silverado,2015,835,28.678218787396343,0.1,0.2,0.7,0,1
255,0.6588123732222084,65.88,Medium,High,Secondary Review,1,335,48,IL,500/1000,2000,1017.97,0,FEMALE,MD,machine-op-inspct,chess,wife,59900,-34800,Multi-vehicle Collision,Front Collision,Total Loss,Police,WV,Columbus,21,3,NO,0,0,YES,35860,3260,6520,26080,BMW,X5,2005,7106,35.22697132528464,0.0909090909090909,0.1818181818181818,0.7272727272727273,0,1
256,0.6576176074584718,65.76,Medium,High,Secondary Review,0,194,39,IN,250/500,500,823.17,0,MALE,Masters,adm-clerical,paintball,own-child,0,0,Multi-vehicle Collision,Front Collision,Major Damage,Other,WV,Columbus,3,3,,2,2,NO,61500,6150,12300,43050,Dodge,RAM,2012,3498,74.7111775210467,0.1,0.2,0.7,1,1
257,0.652202223478947,65.22,Medium,High,Secondary Review,0,298,49,OH,250/500,500,862.92,0,MALE,MD,machine-op-inspct,camping,wife,0,-71700,Multi-vehicle Collision,Side Collision,Major Damage,Other,NY,Northbrook,16,3,NO,0,2,NO,69480,11580,11580,46320,Saab,95,2007,6151,80.51731330830205,0.1666666666666666,0.1666666666666666,0.6666666666666666,0,1
258,0.6519191292893183,65.19,Medium,High,Secondary Review,1,343,52,IL,500/1000,1000,1053.02,0,FEMALE,Associate,prof-specialty,bungie-jumping,not-in-family,0,0,Single Vehicle Collision,Front Collision,Major Damage,Other,NY,Arlington,2,1,,0,2,NO,47630,12990,4330,30310,Toyota,Corolla,2005,4774,45.23180946230841,0.2727272727272727,0.0909090909090909,0.6363636363636364,1,0
259,0.6495915613120062,64.96,Medium,High,Secondary Review,1,297,48,IL,500/1000,1000,1243.68,0,MALE,Masters,protective-serv,camping,wife,0,-71400,Multi-vehicle Collision,Front Collision,Major Damage,Other,NY,Springfield,18,3,,0,2,,54960,6870,0,48090,Toyota,Corolla,2002,207,44.19143187958317,0.125,0.0,0.875,0,1
260,0.6491752079686098,64.92,Medium,High,Secondary Review,0,106,30,OH,250/500,500,538.17,0,FEMALE,PhD,transport-moving,reading,own-child,49700,-60200,Single Vehicle Collision,Rear Collision,Total Loss,Other,NC,Arlington,23,1,NO,2,2,NO,51120,5680,5680,39760,Mercedes,E400,2005,4321,94.98857238419087,0.1111111111111111,0.1111111111111111,0.7777777777777778,1,0
261,0.6463334622971387,64.63,Medium,High,Secondary Review,0,278,47,IN,500/1000,500,1285.01,0,MALE,Masters,machine-op-inspct,sleeping,not-in-family,0,-39800,Single Vehicle Collision,Rear Collision,Major Damage,Ambulance,VA,Hillsdale,21,1,NO,2,2,YES,58500,5850,5850,46800,Toyota,Camry,2010,2478,45.52493754912413,0.1,0.1,0.8,0,0
262,0.6434029325373083,64.34,Medium,High,Secondary Review,1,116,30,IN,500/1000,500,951.46,0,MALE,JD,handlers-cleaners,golf,not-in-family,0,-35500,Multi-vehicle Collision,Front Collision,Major Damage,Other,WV,Riverwood,8,3,NO,0,3,,59670,6630,6630,46410,Volkswagen,Passat,2004,4811,62.714144577806735,0.1111111111111111,0.1111111111111111,0.7777777777777778,0,1
263,0.6413901649067506,64.14,Medium,High,Secondary Review,1,269,41,OH,100/300,2000,1422.21,0,FEMALE,Associate,handlers-cleaners,polo,unmarried,0,-46400,Single Vehicle Collision,Side Collision,Major Damage,Ambulance,WV,Riverwood,21,1,YES,2,1,NO,85900,17180,17180,51540,Suburu,Forrestor,2005,6745,60.39895655353288,0.2,0.2,0.6,0,0
264,0.639909946902615,63.99,Medium,High,Secondary Review,1,4,34,OH,500/1000,500,1282.93,0,FEMALE,College,exec-managerial,basketball,other-relative,0,0,Multi-vehicle Collision,Side Collision,Major Damage,Police,WV,Northbrook,0,4,,0,0,,66880,6080,12160,48640,Chevrolet,Silverado,1996,4282,52.130669639029406,0.0909090909090909,0.1818181818181818,0.7272727272727273,1,1
265,0.6369410461609979,63.69,Medium,High,Secondary Review,0,475,61,IL,500/1000,500,1265.72,0,FEMALE,Masters,handlers-cleaners,paintball,wife,0,-59500,Single Vehicle Collision,Front Collision,Major Damage,Fire,SC,Columbus,23,1,YES,0,2,,64350,9900,9900,44550,Mercedes,E400,1998,3842,50.84062825901463,0.1538461538461538,0.1538461538461538,0.6923076923076923,1,0
266,0.6334992984457293,63.35,Medium,High,Secondary Review,0,239,38,OH,250/500,1000,1276.73,5000000,FEMALE,Masters,handlers-cleaners,bungie-jumping,other-relative,0,0,Multi-vehicle Collision,Front Collision,Major Damage,Police,WV,Northbrook,12,3,NO,1,3,,61920,6880,6880,48160,Saab,93,2003,8944,48.49889953239918,0.1111111111111111,0.1111111111111111,0.7777777777777778,0,1
267,0.6309227806809308,63.09,Medium,High,Secondary Review,0,168,32,IN,100/300,1000,1059.52,0,MALE,MD,protective-serv,camping,own-child,0,-40600,Multi-vehicle Collision,Side Collision,Major Damage,Other,VA,Hillsdale,13,2,,1,1,,57720,14430,9620,33670,Saab,93,2007,5414,54.47749924494111,0.25,0.1666666666666666,0.5833333333333334,0,1
268,0.6297847814004163,62.98,Medium,High,Secondary Review,0,229,37,IL,250/500,2000,1212.12,0,FEMALE,MD,craft-repair,paintball,not-in-family,65600,0,Multi-vehicle Collision,Side Collision,Major Damage,Other,WV,Columbus,14,3,YES,1,1,YES,68760,11460,5730,51570,Ford,Fusion,1995,6451,56.727056727056734,0.1666666666666666,0.0833333333333333,0.75,0,1
269,0.6297231658448497,62.97,Medium,High,Secondary Review,0,275,41,OH,100/300,2000,1514.72,0,MALE,High School,transport-moving,board-games,own-child,35700,0,Multi-vehicle Collision,Front Collision,Major Damage,Fire,NY,Northbrook,13,3,YES,0,1,,58300,5830,11660,40810,Suburu,Legacy,2007,6673,38.488961656279706,0.1,0.2,0.7,0,1
270,0.6267548754465538,62.68,Medium,High,Secondary Review,1,371,54,IN,100/300,2000,1317.97,0,MALE,High School,craft-repair,movies,wife,34700,-81000,Multi-vehicle Collision,Front Collision,Major Damage,Ambulance,SC,Columbus,18,3,,1,2,,32280,5380,5380,21520,Ford,Fusion,2010,996,24.49221150709045,0.1666666666666666,0.1666666666666666,0.6666666666666666,0,1
271,0.6237325963072722,62.37,Medium,High,Secondary Review,0,143,31,IL,250/500,500,1163.83,0,MALE,Associate,protective-serv,movies,husband,37700,0,Multi-vehicle Collision,Side Collision,Major Damage,Other,NC,Arlington,21,4,YES,2,0,,76120,6920,13840,55360,Audi,A5,1999,231,65.40474124227765,0.0909090909090909,0.1818181818181818,0.7272727272727273,0,1
272,0.6235979454824694,62.36,Medium,High,Secondary Review,1,222,39,IL,250/500,1000,1232.72,0,MALE,High School,armed-forces,hiking,own-child,87800,-51200,Multi-vehicle Collision,Front Collision,Major Damage,Fire,SC,Springfield,21,3,,1,0,NO,87960,14660,14660,58640,Jeep,Wrangler,1999,1126,71.35440327081575,0.1666666666666666,0.1666666666666666,0.6666666666666666,0,1
273,0.621196833074845,62.12,Medium,High,Secondary Review,1,156,38,IL,100/300,500,1367.99,0,MALE,High School,armed-forces,board-games,own-child,26500,0,Multi-vehicle Collision,Front Collision,Major Damage,Fire,WV,Northbend,23,3,,0,3,,55200,11040,5520,38640,Saab,92x,1998,1980,40.35117215769121,0.2,0.1,0.7,1,1
274,0.6198971862388012,61.99,Medium,High,Secondary Review,0,243,43,IN,500/1000,500,1307.74,0,FEMALE,Associate,machine-op-inspct,board-games,own-child,0,-75700,Multi-vehicle Collision,Front Collision,Major Damage,Ambulance,SC,Riverwood,10,3,,0,1,NO,37530,4170,4170,29190,Jeep,Wrangler,2008,3281,28.69836511844862,0.1111111111111111,0.1111111111111111,0.7777777777777778,0,1
275,0.6168921846075371,61.69,Medium,High,Secondary Review,1,117,28,OH,250/500,500,1264.77,0,FEMALE,Associate,transport-moving,yachting,unmarried,47500,-32500,Multi-vehicle Collision,Rear Collision,Total Loss,Fire,SC,Springfield,13,2,YES,0,1,,55440,5040,10080,40320,Suburu,Forrestor,2009,4308,43.83405678502811,0.0909090909090909,0.1818181818181818,0.7272727272727273,0,1
276,0.6119384059283821,61.19,Medium,High,Secondary Review,1,216,38,IN,100/300,1000,1384.64,5000000,FEMALE,Associate,tech-support,board-games,unmarried,0,0,Single Vehicle Collision,Rear Collision,Total Loss,Police,VA,Columbus,16,1,,2,3,NO,66600,16650,11100,38850,Jeep,Grand Cherokee,2012,220,48.09914490409059,0.25,0.1666666666666666,0.5833333333333334,0,0
277,0.6111757624469775,61.12,Medium,High,Secondary Review,1,274,43,OH,100/300,2000,1352.31,0,MALE,College,farming-fishing,basketball,wife,40700,-47300,Single Vehicle Collision,Front Collision,Major Damage,Fire,NY,Northbend,22,1,YES,0,3,YES,63840,10640,10640,42560,BMW,X5,2006,5017,47.20811056636423,0.1666666666666666,0.1666666666666666,0.6666666666666666,0,0
278,0.6108192804252291,61.08,Medium,High,Secondary Review,0,236,38,OH,250/500,1000,802.24,0,FEMALE,College,other-service,paintball,not-in-family,0,-62500,Single Vehicle Collision,Side Collision,Major Damage,Ambulance,WV,Northbrook,16,1,NO,0,1,,66840,16710,5570,44560,Mercedes,E400,2014,8167,83.31671320303151,0.25,0.0833333333333333,0.6666666666666666,0,0
279,0.6067307228344201,60.67,Medium,High,Secondary Review,1,110,33,IN,250/500,1000,1183.48,0,MALE,Associate,other-service,bungie-jumping,husband,0,0,Single Vehicle Collision,Rear Collision,Major Damage,Ambulance,VA,Northbend,19,1,,2,3,NO,55200,13800,9200,32200,Saab,93,2015,7225,46.64210633048298,0.25,0.1666666666666666,0.5833333333333334,0,0
280,0.6064207340055747,60.64,Medium,High,Secondary Review,1,271,44,OH,250/500,500,1340.71,0,FEMALE,High School,tech-support,base-jumping,other-relative,0,0,Single Vehicle Collision,Rear Collision,Minor Damage,Other,SC,Riverwood,16,1,NO,2,2,NO,76230,6930,13860,55440,Volkswagen,Passat,1997,2524,56.85793348300527,0.0909090909090909,0.1818181818181818,0.7272727272727273,0,0
281,0.6037251780884882,60.37,Medium,High,Secondary Review,0,150,37,OH,500/1000,1000,1007.0,0,FEMALE,PhD,transport-moving,board-games,unmarried,30400,-89400,Single Vehicle Collision,Rear Collision,Total Loss,Police,VA,Arlington,9,1,NO,0,2,,80080,12320,12320,55440,Chevrolet,Silverado,2013,317,79.52333664349553,0.1538461538461538,0.1538461538461538,0.6923076923076923,0,0
282,0.5996604729081605,59.97,Medium,High,Secondary Review,0,72,29,OH,500/1000,500,973.8,0,FEMALE,Associate,craft-repair,exercise,own-child,0,-85900,Single Vehicle Collision,Rear Collision,Major Damage,Ambulance,WV,Arlington,9,1,,1,0,NO,66200,6620,6620,52960,Dodge,Neon,2013,7468,67.98110494968167,0.1,0.1,0.8,0,0
283,0.5970003024363262,59.7,Medium,High,Secondary Review,0,191,38,IL,100/300,2000,1253.44,0,FEMALE,Masters,craft-repair,sleeping,not-in-family,0,0,Multi-vehicle Collision,Side Collision,Major Damage,Ambulance,VA,Hillsdale,19,3,NO,2,0,NO,56320,10240,5120,40960,Volkswagen,Jetta,2007,3366,44.93234618330354,0.1818181818181818,0.0909090909090909,0.7272727272727273,0,1
284,0.595826293824786,59.58,Medium,High,Secondary Review,0,296,46,OH,100/300,1000,1141.35,7000000,MALE,Masters,craft-repair,sleeping,not-in-family,0,0,Single Vehicle Collision,Front Collision,Major Damage,Ambulance,NY,Northbend,18,1,,0,2,NO,54900,5490,5490,43920,Mercedes,C300,2013,7987,48.10093310553293,0.1,0.1,0.8,0,0
285,0.5923860633944591,59.24,Medium,High,Secondary Review,1,140,31,OH,250/500,2000,1554.86,6000000,FEMALE,JD,armed-forces,base-jumping,wife,59000,0,Parked Car,,Minor Damage,,WV,Arlington,2,1,YES,1,2,,6120,680,680,4760,Honda,Civic,2002,6500,3.936045689000939,0.1111111111111111,0.1111111111111111,0.7777777777777778,1,0
286,0.5923817624519359,59.24,Medium,High,Secondary Review,0,288,45,IL,100/300,1000,1046.71,0,MALE,Masters,priv-house-serv,polo,husband,0,0,Multi-vehicle Collision,Rear Collision,Major Damage,Fire,NC,Hillsdale,4,3,,2,1,,48060,10680,5340,32040,Mercedes,C300,2009,4527,45.91529650046336,0.2222222222222222,0.1111111111111111,0.6666666666666666,1,1
287,0.5922669298293688,59.23,Medium,High,Secondary Review,1,283,41,OH,100/300,500,1195.01,0,FEMALE,Associate,sales,reading,own-child,60700,-54300,Multi-vehicle Collision,Side Collision,Major Damage,Other,WV,Northbend,13,3,NO,0,2,,42700,0,6100,36600,Mercedes,ML350,2011,805,35.73191856135095,0.0,0.1428571428571428,0.8571428571428571,0,1
288,0.5905544215701443,59.06,Medium,High,Secondary Review,0,264,44,IL,100/300,500,1047.06,6000000,MALE,College,exec-managerial,sleeping,wife,0,0,Multi-vehicle Collision,Rear Collision,Major Damage,Fire,SC,Springfield,20,3,NO,0,2,NO,69850,12700,6350,50800,Ford,Fusion,1999,1811,66.71059920157393,0.1818181818181818,0.0909090909090909,0.7272727272727273,0,1
289,0.5881613399568496,58.82,Medium,High,Secondary Review,0,316,45,IL,100/300,2000,1290.74,5000000,FEMALE,High School,prof-specialty,kayaking,husband,58300,0,Multi-vehicle Collision,Side Collision,Major Damage,Ambulance,VA,Springfield,6,3,NO,2,0,YES,78870,7170,14340,57360,Suburu,Legacy,2013,416,61.1044826998466,0.0909090909090909,0.1818181818181818,0.7272727272727273,0,1
290,0.5855151135085012,58.55,Medium,High,Secondary Review,0,169,36,IN,250/500,500,1616.26,0,MALE,High School,exec-managerial,yachting,unmarried,50700,-57600,Multi-vehicle Collision,Front Collision,Total Loss,Ambulance,NY,Springfield,0,3,NO,2,3,,77440,14080,7040,56320,Dodge,Neon,2004,5904,47.913083291054654,0.1818181818181818,0.0909090909090909,0.7272727272727273,1,1
291,0.58489008847831,58.49,Medium,High,Secondary Review,1,180,38,OH,250/500,2000,1301.13,0,FEMALE,College,machine-op-inspct,board-games,not-in-family,41300,-55500,Single Vehicle Collision,Rear Collision,Total Loss,Police,SC,Springfield,12,1,NO,0,2,YES,46200,4200,8400,33600,Dodge,Neon,2003,5862,35.50759724239699,0.0909090909090909,0.1818181818181818,0.7272727272727273,0,0
292,0.5845950598348576,58.46,Medium,High,Secondary Review,0,286,41,IL,250/500,1000,1298.85,6000000,FEMALE,High School,sales,camping,other-relative,71300,-70300,Multi-vehicle Collision,Front Collision,Major Damage,Ambulance,NY,Columbus,16,3,,1,3,YES,54450,6050,12100,36300,Saab,92x,2007,5872,41.92169996535397,0.1111111111111111,0.2222222222222222,0.6666666666666666,0,1
293,0.5821004842165615,58.21,Medium,High,Secondary Review,0,241,38,IN,100/300,2000,1003.23,0,FEMALE,Associate,tech-support,kayaking,not-in-family,0,0,Multi-vehicle Collision,Side Collision,Major Damage,Fire,VA,Arlington,23,3,,0,3,YES,77880,12980,12980,51920,Accura,MDX,2008,9009,77.62925749828055,0.1666666666666666,0.1666666666666666,0.6666666666666666,1,1
294,0.5811265464739426,58.11,Medium,High,Secondary Review,0,372,50,OH,500/1000,2000,1368.57,0,FEMALE,MD,tech-support,paintball,other-relative,0,0,Multi-vehicle Collision,Side Collision,Major Damage,Police,NY,Northbend,18,3,NO,2,2,YES,51800,5180,10360,36260,Accura,MDX,2003,3782,37.849726356708096,0.1,0.2,0.7,0,1
295,0.5773761644655164,57.74,Medium,High,Secondary Review,0,146,32,OH,100/300,2000,1276.43,0,MALE,Associate,priv-house-serv,skydiving,own-child,0,0,Single Vehicle Collision,Rear Collision,Major Damage,Fire,NC,Riverwood,12,1,,0,3,,59940,6660,6660,46620,Honda,CRV,1995,7735,46.95909685607514,0.1111111111111111,0.1111111111111111,0.7777777777777778,0,0
296,0.575671674193249,57.57,Medium,High,Secondary Review,1,254,40,IN,100/300,500,1927.87,0,MALE,MD,prof-specialty,yachting,husband,0,0,Single Vehicle Collision,Front Collision,Minor Damage,Fire,VA,Arlington,10,1,YES,0,1,,43280,0,5410,37870,Honda,Civic,1996,7533,22.44964650106076,0.0,0.125,0.875,0,0
297,0.5749586065077297,57.5,Medium,High,Secondary Review,0,103,33,OH,500/1000,2000,1021.14,0,FEMALE,Masters,other-service,paintball,wife,69500,-47700,Multi-vehicle Collision,Side Collision,Major Damage,Ambulance,NY,Northbend,1,3,NO,2,3,,79090,14380,14380,50330,Dodge,RAM,2014,7429,77.45265095873239,0.1818181818181818,0.1818181818181818,0.6363636363636364,1,1
298,0.5744979590253351,57.45,Medium,High,Secondary Review,1,156,31,IL,100/300,2000,1134.08,0,MALE,PhD,other-service,reading,husband,0,0,Single Vehicle Collision,Front Collision,Major Damage,Police,NC,Arlington,3,1,,2,0,,59000,5900,5900,47200,Ford,Fusion,2013,6713,52.02454853273138,0.1,0.1,0.8,1,0
299,0.5711958097957351,57.12,Medium,High,Secondary Review,0,33,33,IL,500/1000,1000,1096.79,6000000,FEMALE,Associate,handlers-cleaners,dancing,unmarried,45500,-60600,Single Vehicle Collision,Rear Collision,Major Damage,Police,VA,Springfield,16,1,,2,1,,81400,8140,8140,65120,BMW,M5,1998,6365,74.2165774669718,0.1,0.1,0.8,0,0
300,0.5696576192890245,56.97,Medium,High,Secondary Review,1,186,38,OH,250/500,2000,1218.56,0,FEMALE,Masters,transport-moving,video-games,husband,39300,-60300,Multi-vehicle Collision,Front Collision,Total Loss,Police,VA,Arlington,23,3,YES,2,2,,68760,11460,5730,51570,Saab,95,1998,3236,56.42725840336135,0.1666666666666666,0.0833333333333333,0.75,1,1
301,0.5654659639742454,56.55,Medium,High,Secondary Review,0,223,40,IN,100/300,500,1201.41,0,FEMALE,JD,priv-house-serv,movies,husband,88400,-46500,Multi-vehicle Collision,Side Collision,Major Damage,Police,NC,Columbus,7,3,YES,1,0,,70510,12820,12820,44870,Suburu,Forrestor,1999,7579,58.6893733196827,0.1818181818181818,0.1818181818181818,0.6363636363636364,0,1
302,0.5604976761986911,56.05,Medium,High,Secondary Review,1,186,33,IN,100/300,1000,1348.32,0,FEMALE,Associate,craft-repair,cross-fit,wife,37600,-37600,Vehicle Theft,,Trivial Damage,Police,NY,Arlington,3,1,NO,2,1,,4730,860,860,3010,Chevrolet,Malibu,2013,1782,3.508069301056129,0.1818181818181818,0.1818181818181818,0.6363636363636364,1,0
303,0.557644790196985,55.76,Medium,High,Secondary Review,0,415,52,IN,250/500,1000,973.5,0,MALE,PhD,machine-op-inspct,polo,not-in-family,50400,0,Multi-vehicle Collision,Rear Collision,Total Loss,Police,WV,Arlington,15,2,YES,1,3,YES,51090,7860,7860,35370,Toyota,Highlander,2003,-20,52.48073959938367,0.1538461538461538,0.1538461538461538,0.6923076923076923,0,1
304,0.5465384668559943,54.65,Medium,High,Secondary Review,1,107,31,IN,250/500,500,1239.22,7000000,FEMALE,High School,tech-support,paintball,not-in-family,43400,-91200,Single Vehicle Collision,Side Collision,Minor Damage,Fire,SC,Springfield,12,1,YES,0,1,NO,89700,13800,13800,62100,Audi,A5,2009,1262,72.38424170042445,0.1538461538461538,0.1538461538461538,0.6923076923076923,0,0
305,0.5367837711337694,53.68,Medium,High,Secondary Review,0,124,29,OH,500/1000,500,1301.72,0,MALE,Masters,handlers-cleaners,golf,husband,0,0,Multi-vehicle Collision,Side Collision,Major Damage,Police,VA,Springfield,14,3,,0,3,YES,72000,7200,7200,57600,Audi,A3,2005,7828,55.31143410257198,0.1,0.1,0.8,0,1
306,0.5347332123134224,53.47,Medium,High,Secondary Review,0,64,25,IL,250/500,1000,954.16,0,MALE,Masters,prof-specialty,video-games,husband,53200,0,Multi-vehicle Collision,Side Collision,Major Damage,Ambulance,SC,Columbus,22,4,NO,0,0,,75600,12600,12600,50400,Toyota,Corolla,2005,5448,79.23199463402365,0.1666666666666666,0.1666666666666666,0.6666666666666666,0,1
307,0.5341895406535441,53.42,Medium,High,Secondary Review,0,29,32,OH,100/300,1000,1722.5,0,MALE,High School,other-service,base-jumping,wife,0,-21500,Single Vehicle Collision,Side Collision,Major Damage,Other,WV,Columbus,22,1,,0,2,,76900,7690,7690,61520,Jeep,Wrangler,1995,4666,44.644412191582006,0.1,0.1,0.8,0,0
308,0.5265085968048785,52.65,Medium,High,Secondary Review,1,81,28,IL,250/500,1000,1139.0,6000000,FEMALE,Masters,sales,sleeping,husband,42400,0,Multi-vehicle Collision,Front Collision,Major Damage,Fire,SC,Northbend,0,3,,1,2,,44730,4970,4970,34790,Saab,92x,2000,1215,39.27129060579456,0.1111111111111111,0.1111111111111111,0.7777777777777778,1,1
309,0.5242218631790065,52.42,Medium,High,Secondary Review,0,94,26,IN,100/300,500,722.66,0,MALE,MD,exec-managerial,camping,husband,50300,0,Multi-vehicle Collision,Front Collision,Major Damage,Fire,OH,Springfield,6,3,YES,1,2,YES,36700,3670,7340,25690,Nissan,Pathfinder,2010,2648,50.78460133396064,0.1,0.2,0.7,0,1
310,0.5208188361525108,52.08,Medium,High,Secondary Review,0,204,40,OH,250/500,2000,1767.02,0,MALE,JD,machine-op-inspct,hiking,husband,0,-49300,Single Vehicle Collision,Rear Collision,Total Loss,Ambulance,SC,Arlington,7,1,YES,1,1,NO,46200,4200,8400,33600,Audi,A5,1997,7851,26.14571425337574,0.0909090909090909,0.1818181818181818,0.7272727272727273,0,0
311,0.5201352017082048,52.01,Medium,High,Secondary Review,1,246,45,IL,250/500,1000,1665.45,0,MALE,JD,machine-op-inspct,hiking,wife,34400,-33100,Multi-vehicle Collision,Side Collision,Major Damage,Fire,PA,Columbus,9,3,,2,2,,53280,11840,5920,35520,Toyota,Camry,2006,5839,31.99135368819238,0.2222222222222222,0.1111111111111111,0.6666666666666666,0,1
312,0.5193752595410368,51.94,Medium,High,Secondary Review,1,211,38,IN,250/500,1000,1055.09,0,FEMALE,Masters,transport-moving,video-games,own-child,0,0,Single Vehicle Collision,Front Collision,Total Loss,Fire,NY,Columbus,12,1,,0,3,YES,91520,8320,16640,66560,BMW,X6,2005,6466,86.74141542427661,0.0909090909090909,0.1818181818181818,0.7272727272727273,0,0
313,0.5142431906125249,51.42,Medium,High,Secondary Review,1,274,45,IN,250/500,1000,1353.53,0,FEMALE,JD,tech-support,cross-fit,unmarried,54700,-47900,Single Vehicle Collision,Side Collision,Minor Damage,Ambulance,NY,Columbus,13,1,YES,0,0,NO,58500,11700,0,46800,Accura,MDX,1995,4250,43.22032019977392,0.2,0.0,0.8,0,0
314,0.504277617332994,50.43,Medium,High,Secondary Review,0,160,38,OH,250/500,500,1733.56,0,MALE,High School,sales,sleeping,wife,0,-43800,Multi-vehicle Collision,Side Collision,Major Damage,Fire,SC,Hillsdale,13,3,NO,2,1,YES,66780,7420,14840,44520,Mercedes,ML350,1996,1938,38.52188559957544,0.1111111111111111,0.2222222222222222,0.6666666666666666,0,1
315,0.501331414687502,50.13,Medium,High,Secondary Review,0,272,41,OH,500/1000,2000,1608.34,0,FEMALE,Associate,farming-fishing,reading,own-child,33300,-10600,Single Vehicle Collision,Side Collision,Major Damage,Other,NY,Springfield,19,1,,1,1,,71060,6460,12920,51680,Saab,92x,2010,8687,44.18220028103511,0.0909090909090909,0.1818181818181818,0.7272727272727273,0,0
316,0.5012858553935691,50.13,Medium,High,Secondary Review,0,126,34,IN,100/300,2000,1078.22,0,FEMALE,Masters,transport-moving,camping,wife,54500,0,Multi-vehicle Collision,Side Collision,Major Damage,Fire,SC,Northbend,2,3,NO,0,1,YES,58410,10620,5310,42480,Chevrolet,Tahoe,2007,2658,54.17261783309529,0.1818181818181818,0.0909090909090909,0.7272727272727273,1,1
317,0.48822233836328865,48.82,Medium,High,Secondary Review,0,156,37,OH,100/300,500,1080.13,0,MALE,Associate,protective-serv,reading,other-relative,0,-61000,Multi-vehicle Collision,Rear Collision,Major Damage,Ambulance,PA,Springfield,15,3,YES,0,3,NO,41490,4610,4610,32270,Nissan,Pathfinder,2001,1651,38.412042994824695,0.1111111111111111,0.1111111111111111,0.7777777777777778,0,1
318,0.486775670241636,48.68,Medium,High,Secondary Review,0,150,30,IN,100/300,1000,1342.02,0,MALE,MD,prof-specialty,polo,own-child,0,0,Parked Car,,Trivial Damage,,VA,Arlington,8,1,YES,0,2,NO,4500,450,450,3600,Saab,93,1999,3755,3.353154200384495,0.1,0.1,0.8,0,0
319,0.48387050932890363,48.39,Medium,High,Secondary Review,0,5,26,IL,250/500,2000,1137.02,0,FEMALE,PhD,farming-fishing,skydiving,not-in-family,31500,0,Single Vehicle Collision,Rear Collision,Total Loss,Ambulance,WV,Springfield,22,1,YES,1,3,,88110,16020,16020,56070,Audi,A5,2003,182,77.49204059735096,0.1818181818181818,0.1818181818181818,0.6363636363636364,0,0
320,0.4611008684715917,46.11,Medium,High,Secondary Review,0,202,38,IL,100/300,2000,1132.74,0,FEMALE,Associate,armed-forces,exercise,husband,0,-37500,Single Vehicle Collision,Side Collision,Major Damage,Other,WV,Hillsdale,12,1,YES,1,1,NO,77440,7040,14080,56320,Nissan,Ultima,2005,2202,68.36520295919628,0.0909090909090909,0.1818181818181818,0.7272727272727273,0,0
321,0.4571258549353464,45.71,Medium,High,Secondary Review,0,80,27,IL,100/300,1000,1474.17,0,FEMALE,College,tech-support,exercise,unmarried,0,0,Single Vehicle Collision,Side Collision,Major Damage,Police,WV,Northbend,13,1,YES,1,0,YES,52800,10560,5280,36960,Saab,95,2004,6772,35.81676468792609,0.2,0.1,0.7,0,0
322,0.44850826948187295,44.85,Medium,High,Secondary Review,0,458,59,IN,100/300,1000,1685.69,0,FEMALE,High School,protective-serv,hiking,wife,31400,0,Single Vehicle Collision,Front Collision,Total Loss,Police,VA,Hillsdale,23,1,,2,2,YES,71800,14360,14360,43080,Jeep,Grand Cherokee,1995,2175,42.5938339789641,0.2,0.2,0.6,1,0
323,0.44649903188621626,44.65,Medium,High,Secondary Review,0,143,33,OH,500/1000,1000,1200.09,0,FEMALE,Associate,craft-repair,board-games,unmarried,38400,-5700,Multi-vehicle Collision,Side Collision,Major Damage,Fire,WV,Arlington,17,3,,2,2,,70400,14080,7040,49280,Accura,RSX,2002,7727,58.662266996641925,0.2,0.1,0.7,0,1
324,0.441168946062194,44.12,Medium,High,Secondary Review,0,237,43,OH,250/500,500,911.53,0,FEMALE,PhD,sales,basketball,husband,53200,0,Single Vehicle Collision,Rear Collision,Major Damage,Police,WV,Northbrook,23,1,NO,0,1,NO,59200,0,11840,47360,Chevrolet,Malibu,1998,2130,64.94575055127095,0.0,0.2,0.8,1,0
325,0.44006493120817847,44.01,Medium,High,Secondary Review,0,287,41,IL,500/1000,2000,968.74,0,MALE,Masters,transport-moving,video-games,wife,0,-49000,Vehicle Theft,,Trivial Damage,,SC,Northbrook,9,1,,2,3,,5170,470,940,3760,Suburu,Forrestor,2001,3948,5.336829283399054,0.0909090909090909,0.1818181818181818,0.7272727272727273,0,0
326,0.4367639651738522,43.68,Medium,High,Secondary Review,0,215,38,IN,250/500,500,1405.71,0,FEMALE,PhD,craft-repair,camping,unmarried,0,0,Single Vehicle Collision,Rear Collision,Total Loss,Police,SC,Arlington,10,1,,0,1,NO,70700,7070,14140,49490,Volkswagen,Passat,2008,1798,50.29486878516906,0.1,0.2,0.7,0,0
327,0.43515362661975254,43.52,Medium,High,Secondary Review,0,32,26,OH,100/300,2000,1260.32,6000000,MALE,JD,other-service,polo,not-in-family,0,-79800,Single Vehicle Collision,Side Collision,Total Loss,Fire,VA,Northbrook,16,1,,1,2,,45500,9100,4550,31850,Toyota,Corolla,2009,106,36.1019423638441,0.2,0.1,0.7,0,0
328,0.4336653950994307,43.37,Medium,High,Secondary Review,1,234,44,IN,500/1000,500,1780.67,0,MALE,Associate,other-service,exercise,other-relative,0,0,Single Vehicle Collision,Side Collision,Major Damage,Ambulance,NC,Springfield,3,1,NO,1,0,NO,70200,7020,7020,56160,Ford,F150,2012,4641,39.423363116130446,0.1,0.1,0.8,1,0
329,0.4336063991978965,43.36,Medium,High,Secondary Review,0,342,53,IN,100/300,1000,1028.44,0,FEMALE,College,prof-specialty,dancing,not-in-family,0,0,Single Vehicle Collision,Front Collision,Major Damage,Ambulance,SC,Springfield,12,1,,0,0,NO,80960,14720,7360,58880,Accura,MDX,2000,3360,78.72116992726848,0.1818181818181818,0.0909090909090909,0.7272727272727273,0,0
330,0.43218850373423595,43.22,Medium,High,Secondary Review,0,108,31,IN,250/500,2000,1112.04,6000000,FEMALE,PhD,other-service,base-jumping,own-child,52800,-54300,Parked Car,,Minor Damage,,SC,Arlington,5,1,NO,1,3,NO,4290,780,780,2730,Volkswagen,Passat,1998,4757,3.857774900183447,0.1818181818181818,0.1818181818181818,0.6363636363636364,1,0
331,0.4285880019061216,42.86,Medium,High,Secondary Review,0,129,30,IL,500/1000,2000,927.23,0,FEMALE,PhD,sales,video-games,husband,51500,0,Single Vehicle Collision,Front Collision,Total Loss,Other,SC,Hillsdale,7,1,NO,1,3,,74360,13520,6760,54080,Suburu,Forrestor,2009,2809,80.1958521618153,0.1818181818181818,0.0909090909090909,0.7272727272727273,0,0
332,0.42764384008819945,42.76,Medium,High,Secondary Review,1,291,46,OH,500/1000,1000,994.74,0,FEMALE,High School,adm-clerical,polo,own-child,0,-55300,Parked Car,,Minor Damage,Police,SC,Hillsdale,8,1,NO,2,2,YES,5580,620,620,4340,Volkswagen,Passat,2005,3209,5.609506001568249,0.1111111111111111,0.1111111111111111,0.7777777777777778,0,0
333,0.42652436447993075,42.65,Medium,High,Secondary Review,0,267,46,OH,100/300,2000,1546.01,0,FEMALE,MD,adm-clerical,polo,wife,0,0,Multi-vehicle Collision,Front Collision,Total Loss,Police,VA,Riverwood,4,4,NO,2,1,,77100,15420,7710,53970,Volkswagen,Jetta,1996,3802,49.87031131752059,0.2,0.1,0.7,1,1
334,0.4262041992610518,42.62,Medium,High,Secondary Review,0,163,31,IN,100/300,1000,1004.63,6000000,MALE,JD,priv-house-serv,hiking,not-in-family,26900,0,Multi-vehicle Collision,Rear Collision,Total Loss,Ambulance,SC,Hillsdale,14,3,YES,2,0,NO,63910,5810,11620,46480,Suburu,Forrestor,1999,4664,63.61546041826344,0.0909090909090909,0.1818181818181818,0.7272727272727273,0,1
335,0.42092007712323704,42.09,Medium,High,Secondary Review,0,225,43,OH,100/300,1000,1517.54,0,MALE,JD,priv-house-serv,camping,own-child,0,-20900,Multi-vehicle Collision,Rear Collision,Major Damage,Police,SC,Columbus,16,3,NO,2,0,YES,64400,6440,6440,51520,BMW,X5,2011,3801,42.43710215216733,0.1,0.1,0.8,0,1
336,0.41862988561003417,41.86,Medium,High,Secondary Review,0,85,30,OH,100/300,1000,796.35,0,FEMALE,MD,craft-repair,video-games,own-child,72400,-77000,Multi-vehicle Collision,Rear Collision,Total Loss,Fire,SC,Northbend,9,3,YES,2,1,YES,58960,5360,10720,42880,Ford,F150,2004,4821,74.03779745086959,0.0909090909090909,0.1818181818181818,0.7272727272727273,0,1
337,0.4154700077473107,41.55,Medium,High,Secondary Review,0,135,34,IL,250/500,2000,1687.53,0,FEMALE,JD,protective-serv,base-jumping,other-relative,0,-69600,Single Vehicle Collision,Side Collision,Total Loss,Fire,NC,Northbend,7,1,,1,2,NO,78200,15640,7820,54740,Audi,A3,2009,6107,46.339916919995495,0.2,0.1,0.7,0,0
338,0.40994248976058084,40.99,Medium,High,Secondary Review,0,212,35,IN,500/1000,2000,1123.89,0,MALE,MD,priv-house-serv,video-games,unmarried,35400,-49200,Multi-vehicle Collision,Front Collision,Total Loss,Fire,NY,Columbus,0,3,,1,3,,50380,4580,4580,41220,Suburu,Forrestor,1996,9033,44.82645098719625,0.0909090909090909,0.0909090909090909,0.8181818181818182,1,1
339,0.40925786138661907,40.93,Medium,High,Secondary Review,0,246,39,IN,250/500,1000,1416.08,0,FEMALE,JD,craft-repair,yachting,other-relative,0,-36600,Single Vehicle Collision,Rear Collision,Minor Damage,Ambulance,WV,Northbrook,16,1,YES,0,3,,45180,5020,5020,35140,Honda,CRV,2004,2840,31.904977119936728,0.1111111111111111,0.1111111111111111,0.7777777777777778,0,0
340,0.40599554023308027,40.6,Medium,High,Secondary Review,0,201,40,OH,250/500,2000,1315.56,0,FEMALE,PhD,transport-moving,video-games,not-in-family,0,0,Vehicle Theft,,Minor Damage,Police,SC,Northbrook,14,1,YES,0,0,YES,6820,1240,1240,4340,Jeep,Grand Cherokee,2003,8453,5.184104107756393,0.1818181818181818,0.1818181818181818,0.6363636363636364,0,0
341,0.40454673766973076,40.45,Medium,High,Secondary Review,0,243,44,IL,250/500,500,809.11,0,MALE,JD,craft-repair,polo,other-relative,33200,0,Multi-vehicle Collision,Side Collision,Minor Damage,Other,NC,Springfield,4,3,,2,1,YES,51400,5140,10280,35980,Honda,Civic,1996,6242,63.5265909456069,0.1,0.2,0.7,1,1
342,0.40115921100404917,40.12,Medium,High,Secondary Review,1,210,35,IL,100/300,500,1433.24,0,FEMALE,College,exec-managerial,yachting,not-in-family,0,-19500,Multi-vehicle Collision,Side Collision,Total Loss,Fire,WV,Riverwood,11,3,NO,2,1,,24570,2730,2730,19110,Saab,95,2006,303,17.142976751974548,0.1111111111111111,0.1111111111111111,0.7777777777777778,0,1
343,0.4003546093092511,40.04,Medium,High,Secondary Review,0,84,30,IN,500/1000,2000,1827.38,0,MALE,Associate,priv-house-serv,polo,other-relative,0,-15900,Vehicle Theft,,Trivial Damage,Police,VA,Springfield,9,1,YES,1,3,,4620,420,840,3360,Audi,A5,1998,7122,2.5282097866891395,0.0909090909090909,0.1818181818181818,0.7272727272727273,0,0
344,0.39980947934449673,39.98,Medium,High,Secondary Review,0,230,43,IN,100/300,2000,1221.14,0,MALE,MD,prof-specialty,board-games,wife,48100,0,Single Vehicle Collision,Side Collision,Total Loss,Ambulance,VA,Hillsdale,13,1,,0,2,,75460,13720,13720,48020,Audi,A5,2002,4574,61.794716412532544,0.1818181818181818,0.1818181818181818,0.6363636363636364,0,0
345,0.39819447286905296,39.82,Medium,High,Secondary Review,0,53,36,OH,500/1000,2000,1712.68,0,MALE,Associate,handlers-cleaners,basketball,not-in-family,72200,0,Multi-vehicle Collision,Side Collision,Major Damage,Fire,VA,Riverwood,17,3,,2,0,YES,51100,10220,5110,35770,Audi,A3,2006,4176,29.83627998225004,0.2,0.1,0.7,0,1
346,0.3922971115706689,39.23,Medium,High,Secondary Review,0,461,57,IL,100/300,500,865.33,7000000,FEMALE,High School,farming-fishing,golf,own-child,0,0,Multi-vehicle Collision,Side Collision,Major Damage,Ambulance,NY,Hillsdale,7,3,NO,0,1,,59040,9840,9840,39360,Dodge,RAM,1995,6235,68.22830596419863,0.1666666666666666,0.1666666666666666,0.6666666666666666,0,1
347,0.3889212772078705,38.89,Medium,High,Secondary Review,0,284,42,OH,100/300,500,1338.54,-1000000,MALE,Associate,machine-op-inspct,kayaking,wife,0,0,Single Vehicle Collision,Side Collision,Major Damage,Ambulance,NC,Arlington,13,1,YES,0,1,,94160,8560,17120,68480,Chevrolet,Malibu,1996,7210,70.34530159726269,0.0909090909090909,0.1818181818181818,0.7272727272727273,0,0
348,0.38762867856292904,38.76,Medium,High,Secondary Review,0,479,60,IL,500/1000,1000,1188.45,0,FEMALE,MD,exec-managerial,camping,other-relative,0,-44800,Multi-vehicle Collision,Rear Collision,Total Loss,Other,SC,Arlington,9,2,,0,3,,53900,5390,10780,37730,Saab,95,2006,4434,45.35319113130548,0.1,0.2,0.7,0,1
349,0.38717539808006846,38.72,Medium,High,Secondary Review,0,189,36,OH,250/500,2000,1388.58,0,FEMALE,MD,priv-house-serv,basketball,own-child,0,-49400,Multi-vehicle Collision,Side Collision,Major Damage,Police,WV,Riverwood,17,3,,1,3,YES,79560,13260,13260,53040,Ford,Escape,2009,2848,57.29594261763817,0.1666666666666666,0.1666666666666666,0.6666666666666666,0,1
350,0.3851570911161156,38.52,Medium,High,Secondary Review,0,172,35,IL,100/300,2000,1219.04,0,MALE,MD,handlers-cleaners,paintball,own-child,63600,-68700,Multi-vehicle Collision,Rear Collision,Major Damage,Police,OH,Hillsdale,19,3,,2,0,NO,79750,14500,14500,50750,Nissan,Pathfinder,1999,3766,65.4203307520672,0.1818181818181818,0.1818181818181818,0.6363636363636364,0,1
351,0.3753232706056826,37.53,Medium,High,Secondary Review,0,127,29,OH,250/500,2000,1326.44,5000000,FEMALE,High School,sales,board-games,own-child,0,0,Multi-vehicle Collision,Front Collision,Total Loss,Fire,SC,Arlington,12,2,YES,1,1,,66950,10300,10300,46350,Saab,93,1995,5558,50.473447724736886,0.1538461538461538,0.1538461538461538,0.6923076923076923,0,1
352,0.3691892509295009,36.92,Medium,High,Secondary Review,0,264,47,IN,250/500,2000,1181.46,10000000,FEMALE,JD,transport-moving,sleeping,other-relative,0,-67400,Multi-vehicle Collision,Front Collision,Total Loss,Ambulance,OH,Arlington,16,4,YES,1,2,YES,62370,5670,5670,51030,Dodge,Neon,2001,3629,52.79061500177746,0.0909090909090909,0.0909090909090909,0.8181818181818182,0,1
353,0.3666668716983923,36.67,Medium,High,Secondary Review,0,338,47,IL,500/1000,500,1143.46,4000000,MALE,MD,priv-house-serv,polo,other-relative,0,0,Single Vehicle Collision,Front Collision,Total Loss,Other,NC,Arlington,4,1,YES,2,1,,58560,9760,9760,39040,Mercedes,E400,2002,7123,51.2129851503332,0.1666666666666666,0.1666666666666666,0.6666666666666666,1,0
354,0.3661294823753133,36.61,Medium,High,Secondary Review,1,168,39,IL,500/1000,1000,1389.59,0,FEMALE,Masters,machine-op-inspct,exercise,own-child,0,-42600,Multi-vehicle Collision,Rear Collision,Major Damage,Fire,NY,Northbend,23,3,YES,1,3,NO,41580,3780,7560,30240,Chevrolet,Malibu,2015,7561,29.92249512446117,0.0909090909090909,0.1818181818181818,0.7272727272727273,1,1
355,0.3656531888289246,36.57,Medium,High,Secondary Review,0,446,61,IL,100/300,1000,1232.79,0,FEMALE,High School,adm-clerical,reading,unmarried,49900,-62100,Single Vehicle Collision,Rear Collision,Minor Damage,Other,VA,Springfield,3,1,YES,2,0,YES,70500,7050,14100,49350,Suburu,Forrestor,2007,5754,57.18735551067092,0.1,0.2,0.7,1,0
356,0.36483544156107334,36.48,Medium,High,Secondary Review,0,312,47,OH,500/1000,1000,1212.07,0,FEMALE,MD,exec-managerial,polo,wife,66900,-51800,Multi-vehicle Collision,Side Collision,Total Loss,Fire,NY,Northbend,17,3,NO,2,3,NO,56320,7040,7040,42240,Mercedes,ML350,2000,4649,46.46596318694465,0.125,0.125,0.75,0,1
357,0.3577320660317846,35.77,Medium,High,Secondary Review,0,259,43,IL,100/300,500,947.75,0,FEMALE,Masters,farming-fishing,base-jumping,not-in-family,0,-39300,Vehicle Theft,,Trivial Damage,Police,SC,Riverwood,15,1,NO,1,3,NO,7680,1280,640,5760,Audi,A5,2008,2039,8.103402796096017,0.1666666666666666,0.0833333333333333,0.75,0,0
358,0.357210207410347,35.72,Medium,High,Secondary Review,1,228,42,IN,250/500,2000,1197.22,5000000,MALE,MD,machine-op-inspct,reading,other-relative,0,0,Vehicle Theft,,Minor Damage,Police,VA,Riverwood,8,1,,0,0,,5070,780,780,3510,Mercedes,E400,2007,3130,4.234810644660129,0.1538461538461538,0.1538461538461538,0.6923076923076923,0,0
359,0.35683754261349887,35.68,Medium,High,Secondary Review,0,146,31,OH,250/500,2000,1082.72,0,FEMALE,PhD,machine-op-inspct,video-games,not-in-family,61400,-57500,Vehicle Theft,,Minor Damage,,SC,Northbend,3,1,YES,2,0,NO,5220,580,580,4060,Accura,MDX,2015,6330,4.821191074331313,0.1111111111111111,0.1111111111111111,0.7777777777777778,1,0
360,0.355169841429171,35.52,Medium,High,Secondary Review,0,198,36,IN,250/500,1000,1096.39,0,MALE,High School,armed-forces,kayaking,own-child,0,0,Multi-vehicle Collision,Rear Collision,Total Loss,Fire,SC,Springfield,11,3,,1,3,YES,49410,5490,5490,38430,Audi,A3,2015,5092,45.066080500551806,0.1111111111111111,0.1111111111111111,0.7777777777777778,0,1
361,0.3488805394840572,34.89,Medium,High,Secondary Review,0,200,35,IN,250/500,2000,1318.06,0,MALE,High School,exec-managerial,video-games,wife,57300,-80600,Vehicle Theft,,Trivial Damage,,VA,Hillsdale,13,1,NO,0,3,YES,6490,1180,1180,4130,Volkswagen,Jetta,2002,7456,4.923903312444047,0.1818181818181818,0.1818181818181818,0.6363636363636364,0,0
362,0.3481577359947116,34.82,Medium,High,Secondary Review,0,136,29,OH,100/300,500,1203.24,0,FEMALE,JD,transport-moving,video-games,other-relative,62500,-66900,Vehicle Theft,,Minor Damage,Police,NY,Columbus,9,1,,2,0,,6200,1240,620,4340,Honda,Accord,1999,1743,5.152754230245005,0.2,0.1,0.7,0,0
363,0.3474117634857526,34.74,Medium,High,Secondary Review,0,41,25,OH,100/300,1000,1004.14,0,MALE,Masters,priv-house-serv,sleeping,wife,35400,0,Multi-vehicle Collision,Front Collision,Major Damage,Fire,NC,Hillsdale,13,3,NO,1,3,NO,48000,9600,4800,33600,Dodge,RAM,1995,4232,47.80209930886132,0.2,0.1,0.7,0,1
364,0.3459644506150498,34.6,Medium,High,Secondary Review,0,27,32,OH,100/300,500,1008.38,0,FEMALE,PhD,adm-clerical,yachting,other-relative,37900,0,Single Vehicle Collision,Front Collision,Total Loss,Ambulance,SC,Arlington,11,1,NO,1,0,,61500,12300,6150,43050,Dodge,Neon,2013,158,60.98891290981575,0.2,0.1,0.7,0,0
365,0.34256407164978625,34.26,Medium,High,Secondary Review,0,284,48,IL,500/1000,500,958.3,0,FEMALE,PhD,machine-op-inspct,exercise,husband,47900,0,Multi-vehicle Collision,Side Collision,Major Damage,Fire,NY,Columbus,19,3,,0,0,,46860,8520,8520,29820,Volkswagen,Passat,1998,2442,48.89909214233539,0.1818181818181818,0.1818181818181818,0.6363636363636364,0,1
366,0.33901078396947254,33.9,Medium,High,Secondary Review,0,322,49,IL,250/500,2000,1277.12,0,FEMALE,PhD,armed-forces,kayaking,own-child,0,-46000,Single Vehicle Collision,Rear Collision,Major Damage,Ambulance,WV,Hillsdale,18,1,,0,2,YES,42240,7680,7680,26880,Chevrolet,Malibu,2007,4865,33.07441743923829,0.1818181818181818,0.1818181818181818,0.6363636363636364,0,0
367,0.3389697708174486,33.9,Medium,High,Secondary Review,1,272,43,OH,100/300,1000,1279.13,0,MALE,PhD,craft-repair,bungie-jumping,other-relative,0,0,Multi-vehicle Collision,Side Collision,Minor Damage,Ambulance,NC,Springfield,5,3,,1,2,YES,81070,7370,14740,58960,Audi,A3,2006,7136,63.37901542454637,0.0909090909090909,0.1818181818181818,0.7272727272727273,1,1
368,0.3288158091129064,32.88,Medium,High,Secondary Review,0,141,30,IL,250/500,1000,1851.78,0,FEMALE,High School,craft-repair,exercise,other-relative,78800,0,Single Vehicle Collision,Front Collision,Total Loss,Fire,SC,Riverwood,13,1,NO,1,0,YES,61740,6860,6860,48020,Audi,A3,2002,5322,33.34089362667272,0.1111111111111111,0.1111111111111111,0.7777777777777778,0,0
369,0.3279636707755195,32.8,Medium,High,Secondary Review,0,22,26,OH,100/300,1000,1276.57,0,MALE,PhD,craft-repair,skydiving,not-in-family,71500,0,Single Vehicle Collision,Rear Collision,Minor Damage,Fire,NY,Arlington,3,1,YES,1,2,NO,78900,15780,7890,55230,Chevrolet,Silverado,1995,2705,61.80624642596959,0.2,0.1,0.7,1,0
370,0.327427870296852,32.74,Medium,High,Secondary Review,0,149,34,IN,250/500,500,664.86,0,FEMALE,PhD,craft-repair,skydiving,wife,0,-60000,Single Vehicle Collision,Rear Collision,Total Loss,Fire,WV,Columbus,3,1,,0,1,NO,105040,16160,16160,72720,Dodge,RAM,1999,3447,157.98814788075686,0.1538461538461538,0.1538461538461538,0.6923076923076923,1,0
371,0.32717923006598093,32.72,Medium,High,Secondary Review,0,198,34,OH,250/500,1000,1576.41,0,MALE,Associate,handlers-cleaners,kayaking,other-relative,0,-55100,Single Vehicle Collision,Side Collision,Major Damage,Other,WV,Hillsdale,18,1,YES,1,1,YES,95000,9500,9500,76000,Ford,F150,2001,4290,60.26351012744146,0.1,0.1,0.8,0,0
372,0.3262370386103311,32.62,Medium,High,Secondary Review,0,362,55,OH,100/300,1000,1097.99,0,FEMALE,JD,other-service,base-jumping,unmarried,44400,-71500,Multi-vehicle Collision,Rear Collision,Total Loss,Police,NY,Hillsdale,0,3,NO,0,3,NO,39690,0,0,39690,Suburu,Legacy,1998,2269,36.147870199182144,0.0,0.0,1.0,1,1
373,0.32445577991472546,32.45,Medium,High,Secondary Review,0,186,38,IN,250/500,2000,1347.31,0,FEMALE,JD,protective-serv,dancing,unmarried,80900,-111100,Multi-vehicle Collision,Rear Collision,Minor Damage,Ambulance,NY,Springfield,1,3,NO,2,3,,73800,12300,12300,49200,Audi,A3,1995,2380,54.77581254499707,0.1666666666666666,0.1666666666666666,0.6666666666666666,1,1
374,0.3205102841880035,32.05,Medium,High,Secondary Review,1,473,58,IN,100/300,2000,1131.4,0,FEMALE,MD,transport-moving,movies,other-relative,55700,0,Multi-vehicle Collision,Side Collision,Major Damage,Other,WV,Hillsdale,12,4,YES,0,0,NO,63120,10520,10520,42080,Accura,MDX,1999,8137,55.78928760827293,0.1666666666666666,0.1666666666666666,0.6666666666666666,0,1
375,0.3184659887954431,31.85,Medium,High,Secondary Review,0,89,32,IN,100/300,2000,1482.53,0,FEMALE,MD,tech-support,kayaking,not-in-family,49100,-45100,Parked Car,,Trivial Damage,Police,WV,Northbrook,5,1,YES,1,2,,100,10,20,70,Audi,A3,2002,6,0.0674522606625161,0.1,0.2,0.7,1,0
376,0.3177201778344084,31.77,Medium,High,Secondary Review,0,194,41,IL,250/500,500,1203.81,0,MALE,JD,transport-moving,video-games,not-in-family,52500,-51300,Multi-vehicle Collision,Rear Collision,Minor Damage,Police,WV,Springfield,17,3,,0,2,,95900,13700,20550,61650,Saab,95,1999,8026,79.66373431023169,0.1428571428571428,0.2142857142857142,0.6428571428571429,0,1
377,0.3149660051696384,31.5,Medium,High,Secondary Review,0,441,55,IN,250/500,500,1270.29,4000000,MALE,College,armed-forces,exercise,husband,24000,-50500,Parked Car,,Minor Damage,,VA,Arlington,4,1,NO,0,0,NO,6400,640,640,5120,Honda,Civic,2002,2031,5.038219619142086,0.1,0.1,0.8,1,0
378,0.3148941855236093,31.49,Medium,High,Secondary Review,0,253,46,IL,100/300,500,1358.2,0,FEMALE,MD,transport-moving,movies,husband,52900,0,Multi-vehicle Collision,Front Collision,Major Damage,Ambulance,NY,Columbus,11,3,YES,0,0,NO,64570,5870,11740,46960,Jeep,Wrangler,2001,3223,47.5408629067884,0.0909090909090909,0.1818181818181818,0.7272727272727273,0,1
379,0.3141679426231577,31.42,Medium,High,Secondary Review,1,88,25,IN,250/500,1000,1194.0,0,FEMALE,JD,handlers-cleaners,movies,husband,0,0,Single Vehicle Collision,Rear Collision,Major Damage,Ambulance,SC,Northbrook,6,1,YES,1,2,YES,66780,7420,7420,51940,Ford,Escape,2013,2668,55.92964824120603,0.1111111111111111,0.1111111111111111,0.7777777777777778,0,0
380,0.3136454694368015,31.36,Medium,High,Secondary Review,0,108,31,IN,500/1000,2000,1175.7,0,MALE,Masters,protective-serv,yachting,not-in-family,0,0,Single Vehicle Collision,Rear Collision,Total Loss,Fire,NY,Columbus,14,1,NO,0,2,NO,57330,6370,6370,44590,Dodge,Neon,2006,3359,48.76243939780556,0.1111111111111111,0.1111111111111111,0.7777777777777778,0,0
381,0.31308473118312835,31.31,Medium,High,Secondary Review,0,65,30,IN,100/300,500,1455.65,4000000,FEMALE,College,transport-moving,skydiving,wife,0,-66300,Multi-vehicle Collision,Side Collision,Total Loss,Fire,WV,Hillsdale,6,3,,2,3,NO,79800,15960,7980,55860,Honda,Civic,1999,1986,54.820870401538826,0.2,0.1,0.7,0,1
382,0.3130411418399024,31.3,Medium,High,Secondary Review,0,180,35,IL,500/1000,1000,1252.48,0,MALE,MD,machine-op-inspct,yachting,wife,0,-55800,Vehicle Theft,,Minor Damage,,OH,Springfield,17,1,,1,3,NO,5100,1020,510,3570,Chevrolet,Malibu,2000,3495,4.071921308124681,0.2,0.1,0.7,0,0
383,0.31193003105555916,31.19,Medium,High,Secondary Review,1,9,24,IL,100/300,2000,1304.46,0,FEMALE,PhD,machine-op-inspct,golf,other-relative,51700,-33300,Vehicle Theft,,Trivial Damage,,NC,Arlington,6,1,NO,0,3,YES,5940,540,1080,4320,Audi,A5,2001,4634,4.553608389678487,0.0909090909090909,0.1818181818181818,0.7272727272727273,0,0
384,0.31020231206957843,31.02,Medium,High,Secondary Review,0,239,41,OH,250/500,1000,1325.44,7000000,FEMALE,JD,farming-fishing,paintball,other-relative,51400,-6300,Parked Car,,Trivial Damage,Police,NC,Arlington,22,1,,0,2,YES,10790,1660,830,8300,Mercedes,E400,2013,464,8.140692901979719,0.1538461538461538,0.0769230769230769,0.7692307692307693,0,0
385,0.30807128133858336,30.81,Medium,High,Secondary Review,0,112,27,OH,100/300,500,965.13,0,FEMALE,Masters,tech-support,exercise,unmarried,60000,-54800,Multi-vehicle Collision,Front Collision,Major Damage,Ambulance,NC,Arlington,21,3,,0,1,,51000,8500,8500,34000,Nissan,Pathfinder,2013,3414,52.8426222374188,0.1666666666666666,0.1666666666666666,0.6666666666666666,0,1
386,0.30595887937392213,30.6,Medium,High,Secondary Review,0,409,57,IN,100/300,1000,1191.8,6000000,MALE,High School,protective-serv,exercise,unmarried,55600,0,Single Vehicle Collision,Side Collision,Major Damage,Other,NY,Riverwood,19,1,NO,1,0,,73320,6110,12220,54990,Ford,Fusion,2012,7101,61.5203893270683,0.0833333333333333,0.1666666666666666,0.75,0,0
387,0.3039438236933043,30.39,Medium,High,Secondary Review,1,113,29,OH,250/500,2000,1091.73,0,MALE,PhD,exec-managerial,golf,not-in-family,36100,-42300,Multi-vehicle Collision,Rear Collision,Minor Damage,Other,NY,Springfield,15,3,,0,2,YES,49950,5550,5550,38850,Nissan,Ultima,2004,2561,45.75307081421231,0.1111111111111111,0.1111111111111111,0.7777777777777778,0,1
388,0.2978507127574702,29.79,Low,High,Monitor,0,118,28,IN,500/1000,2000,1207.36,0,FEMALE,High School,handlers-cleaners,camping,own-child,0,-57000,Multi-vehicle Collision,Front Collision,Major Damage,Ambulance,WV,Columbus,22,2,NO,1,0,,74200,7420,14840,51940,Volkswagen,Passat,1997,8464,61.45640074211504,0.1,0.2,0.7,0,1
389,0.29736929612363705,29.74,Low,High,Monitor,0,240,40,IN,100/300,500,1533.71,9000000,FEMALE,JD,protective-serv,polo,own-child,0,-70900,Multi-vehicle Collision,Rear Collision,Total Loss,Fire,VA,Northbend,18,2,YES,0,2,,66550,6050,12100,48400,Ford,Escape,2008,3773,43.39151469312973,0.0909090909090909,0.1818181818181818,0.7272727272727273,0,1
390,0.29570668766393743,29.57,Low,High,Monitor,0,406,58,OH,250/500,2000,1117.04,0,MALE,MD,exec-managerial,video-games,own-child,0,-42700,Multi-vehicle Collision,Front Collision,Total Loss,Other,WV,Northbend,15,3,,1,2,,65520,10920,5460,49140,Volkswagen,Jetta,2009,4109,58.655016830194086,0.1666666666666666,0.0833333333333333,0.75,0,1
391,0.29130332093099726,29.13,Low,High,Monitor,0,177,34,IL,100/300,2000,1057.77,0,FEMALE,JD,tech-support,bungie-jumping,unmarried,0,-57700,Multi-vehicle Collision,Front Collision,Total Loss,Ambulance,NC,Riverwood,22,3,,1,1,NO,18000,2250,2250,13500,Audi,A3,2009,754,17.01693184718795,0.125,0.125,0.75,0,1
392,0.29108288533164445,29.11,Low,High,Monitor,1,65,23,OH,250/500,1000,1099.95,0,FEMALE,College,sales,dancing,wife,0,-71900,Single Vehicle Collision,Side Collision,Major Damage,Other,NY,Arlington,14,1,NO,1,0,YES,52400,6550,6550,39300,Accura,MDX,2005,5513,47.63852902404655,0.125,0.125,0.75,0,0
393,0.29029025413842824,29.03,Low,High,Monitor,0,69,26,IL,100/300,2000,924.72,0,FEMALE,High School,machine-op-inspct,base-jumping,unmarried,0,0,Single Vehicle Collision,Front Collision,Minor Damage,Fire,NY,Columbus,14,1,NO,2,2,NO,63120,5260,10520,47340,Audi,A5,2008,3211,68.25849987023099,0.0833333333333333,0.1666666666666666,0.75,0,0
394,0.2900975392893177,29.01,Low,High,Monitor,0,84,29,OH,250/500,1000,1117.17,0,FEMALE,High School,machine-op-inspct,video-games,not-in-family,0,-29900,Parked Car,,Trivial Damage,Police,SC,Arlington,6,1,YES,2,0,YES,6820,620,1240,4960,BMW,3 Series,2005,4327,6.104711010857792,0.0909090909090909,0.1818181818181818,0.7272727272727273,0,0
395,0.28976335730727726,28.98,Low,High,Monitor,0,120,34,IN,500/1000,1000,1056.71,0,FEMALE,JD,protective-serv,paintball,not-in-family,77900,0,Parked Car,,Minor Damage,,VA,Columbus,3,1,NO,2,1,,3770,580,580,2610,Jeep,Grand Cherokee,2002,4833,3.5676770353266267,0.1538461538461538,0.1538461538461538,0.6923076923076923,1,0
396,0.28799865480973813,28.8,Low,High,Monitor,0,4,39,IL,100/300,1000,1326.98,6000000,FEMALE,High School,machine-op-inspct,reading,unmarried,64200,0,Multi-vehicle Collision,Front Collision,Minor Damage,Ambulance,VA,Northbend,14,3,YES,1,3,,54120,4510,9020,40590,Jeep,Grand Cherokee,2007,6704,40.7843373675564,0.0833333333333333,0.1666666666666666,0.75,0,1
397,0.2870545626920439,28.71,Low,High,Monitor,0,269,41,IN,100/300,500,1463.82,0,FEMALE,College,protective-serv,yachting,not-in-family,0,-72300,Single Vehicle Collision,Rear Collision,Minor Damage,Police,SC,Northbend,23,1,YES,0,0,,79300,15860,15860,47580,Saab,92x,2007,8863,54.173327321665234,0.2,0.2,0.6,1,0
398,0.28206754055520605,28.21,Low,High,Monitor,0,182,40,IN,100/300,1000,1022.42,0,MALE,PhD,other-service,skydiving,husband,50000,-56900,Single Vehicle Collision,Front Collision,Total Loss,Other,SC,Northbend,13,1,YES,0,2,,71100,7110,14220,49770,Audi,A3,2008,1163,69.54089317501614,0.1,0.2,0.7,0,0
399,0.2805623949406015,28.06,Low,High,Monitor,1,196,36,IN,250/500,2000,1463.07,0,MALE,MD,armed-forces,skydiving,own-child,0,0,Vehicle Theft,,Trivial Damage,Police,WV,Springfield,3,1,,1,1,NO,5300,530,530,4240,Jeep,Grand Cherokee,2001,6948,3.622519770072519,0.1,0.1,0.8,1,0
400,0.2755761936108874,27.56,Low,High,Monitor,0,45,37,IN,250/500,1000,1114.23,0,MALE,College,prof-specialty,dancing,wife,0,0,Single Vehicle Collision,Side Collision,Major Damage,Fire,SC,Arlington,1,1,YES,0,1,YES,52200,10440,5220,36540,Nissan,Pathfinder,2005,1109,46.8484962709674,0.2,0.1,0.7,1,0
401,0.2755729895704587,27.56,Low,High,Monitor,0,295,48,OH,500/1000,1000,1332.07,0,FEMALE,MD,exec-managerial,polo,unmarried,49700,-59100,Multi-vehicle Collision,Side Collision,Total Loss,Ambulance,NY,Hillsdale,20,2,NO,2,1,YES,86060,13240,13240,59580,Volkswagen,Passat,2002,8376,64.60621438813276,0.1538461538461538,0.1538461538461538,0.6923076923076923,0,1
402,0.2752450885549167,27.52,Low,High,Monitor,0,334,46,IL,100/300,1000,876.88,6000000,MALE,MD,sales,reading,other-relative,0,0,Single Vehicle Collision,Rear Collision,Minor Damage,Police,WV,Hillsdale,2,1,NO,2,1,NO,57330,12740,6370,38220,Jeep,Grand Cherokee,1998,728,65.37952741538182,0.2222222222222222,0.1111111111111111,0.6666666666666666,1,0
403,0.27394366635097805,27.39,Low,High,Monitor,0,128,28,OH,500/1000,1000,986.53,0,FEMALE,High School,adm-clerical,polo,other-relative,62700,0,Single Vehicle Collision,Rear Collision,Total Loss,Ambulance,VA,Columbus,11,1,NO,0,2,YES,101860,18520,18520,64820,Honda,CRV,2007,2649,103.25078811592148,0.1818181818181818,0.1818181818181818,0.6363636363636364,0,0
404,0.27240066054083767,27.24,Low,High,Monitor,0,73,29,IL,250/500,1000,1447.78,0,MALE,College,protective-serv,board-games,wife,35100,-59900,Multi-vehicle Collision,Rear Collision,Total Loss,Other,SC,Arlington,15,3,YES,1,0,,44910,4990,4990,34930,Dodge,Neon,2001,8016,31.019906339360958,0.1111111111111111,0.1111111111111111,0.7777777777777778,0,1
405,0.2720905633544545,27.21,Low,High,Monitor,1,10,19,IN,250/500,1000,1185.78,0,FEMALE,JD,craft-repair,yachting,wife,0,-60700,Single Vehicle Collision,Side Collision,Minor Damage,Police,NC,Northbend,5,1,,0,2,,48950,4450,8900,35600,Accura,TL,2011,180,41.2808446760782,0.0909090909090909,0.1818181818181818,0.7272727272727273,1,0
406,0.27199757841630007,27.2,Low,High,Monitor,0,101,29,OH,250/500,500,1380.89,0,MALE,PhD,armed-forces,dancing,own-child,30000,-53000,Multi-vehicle Collision,Rear Collision,Minor Damage,Ambulance,SC,Arlington,0,3,,2,1,,67210,12220,12220,42770,BMW,X6,1996,181,48.671508954370005,0.1818181818181818,0.1818181818181818,0.6363636363636364,1,1
407,0.2695494669709718,26.95,Low,High,Monitor,0,261,42,OH,250/500,500,1337.56,0,FEMALE,College,prof-specialty,video-games,unmarried,0,0,Single Vehicle Collision,Rear Collision,Minor Damage,Police,SC,Riverwood,18,1,,1,2,YES,74700,7470,14940,52290,Dodge,RAM,2010,2192,55.84796196058495,0.1,0.2,0.7,0,0
408,0.2665973084603173,26.66,Low,High,Monitor,0,8,21,IN,500/1000,500,1021.9,0,MALE,High School,handlers-cleaners,hiking,husband,0,0,Single Vehicle Collision,Front Collision,Major Damage,Other,WV,Columbus,21,1,,0,0,,91260,14040,14040,63180,Toyota,Corolla,2012,849,89.304237205206,0.1538461538461538,0.1538461538461538,0.6923076923076923,0,0
409,0.26531891439090116,26.53,Low,High,Monitor,0,91,30,IL,250/500,2000,1316.63,8000000,FEMALE,Masters,machine-op-inspct,golf,unmarried,43900,0,Multi-vehicle Collision,Side Collision,Minor Damage,Other,SC,Northbend,13,3,YES,2,0,,84500,13000,13000,58500,BMW,X6,2009,1665,64.17900245323287,0.1538461538461538,0.1538461538461538,0.6923076923076923,0,1
410,0.2646569575890853,26.47,Low,High,Monitor,0,38,28,OH,250/500,1000,1019.44,0,MALE,Masters,transport-moving,yachting,not-in-family,0,-39700,Vehicle Theft,,Trivial Damage,,NC,Springfield,17,1,,2,1,NO,7200,1440,720,5040,BMW,X5,2004,7259,7.0627010907949455,0.2,0.1,0.7,0,0
411,0.2620387982917785,26.2,Low,High,Monitor,0,265,40,IL,250/500,1000,1454.43,0,FEMALE,MD,protective-serv,yachting,husband,0,0,Multi-vehicle Collision,Rear Collision,Total Loss,Other,NY,Arlington,17,3,NO,2,3,,55120,6890,0,48230,Accura,MDX,2002,3106,37.89800815439725,0.125,0.0,0.875,0,1
412,0.26201608259340997,26.2,Low,High,Monitor,0,2,20,IN,500/1000,1000,1189.98,4000000,FEMALE,High School,craft-repair,golf,other-relative,0,-54700,Single Vehicle Collision,Side Collision,Minor Damage,Other,WV,Columbus,22,1,NO,1,3,YES,48360,4030,8060,36270,Audi,A5,2000,4347,40.63933847627691,0.0833333333333333,0.1666666666666666,0.75,0,0
413,0.2588494830379838,25.88,Low,High,Monitor,0,106,28,OH,100/300,2000,1609.11,0,MALE,High School,craft-repair,polo,own-child,0,0,Vehicle Theft,,Minor Damage,Police,WV,Hillsdale,8,1,YES,2,1,YES,5490,0,1220,4270,Saab,95,1999,9022,3.4118239275127245,0.0,0.2222222222222222,0.7777777777777778,0,0
414,0.25732831167703973,25.73,Low,High,Monitor,0,426,54,IL,500/1000,2000,1097.71,0,FEMALE,Masters,adm-clerical,reading,not-in-family,29600,-22300,Single Vehicle Collision,Side Collision,Minor Damage,Police,SC,Springfield,13,1,YES,2,3,,100800,16800,16800,67200,Dodge,Neon,1997,6289,91.827531861785,0.1666666666666666,0.1666666666666666,0.6666666666666666,0,0
415,0.2565832545183686,25.66,Low,High,Monitor,0,180,33,IN,500/1000,2000,1005.47,0,FEMALE,JD,protective-serv,hiking,own-child,58100,-49000,Multi-vehicle Collision,Rear Collision,Minor Damage,Ambulance,VA,Columbus,12,4,,2,3,YES,57700,11540,5770,40390,Jeep,Grand Cherokee,2002,2128,57.38609804370096,0.2,0.1,0.7,0,1
416,0.2528325966914947,25.28,Low,High,Monitor,0,73,26,IL,250/500,2000,1191.19,4000000,MALE,MD,farming-fishing,basketball,not-in-family,29300,0,Multi-vehicle Collision,Rear Collision,Total Loss,Other,VA,Northbrook,9,3,,0,1,YES,40160,5020,0,35140,Chevrolet,Tahoe,2003,4332,33.714184974689175,0.125,0.0,0.875,0,1
417,0.2526844472920203,25.27,Low,High,Monitor,0,70,29,IN,100/300,1000,1425.79,0,FEMALE,MD,armed-forces,video-games,other-relative,62400,-52300,Single Vehicle Collision,Front Collision,Minor Damage,Ambulance,NC,Riverwood,12,1,NO,0,3,,69360,11560,11560,46240,Dodge,RAM,2009,2948,48.646715154405626,0.1666666666666666,0.1666666666666666,0.6666666666666666,0,0
418,0.25097441635969825,25.1,Low,High,Monitor,0,1,33,IL,250/500,500,903.32,0,FEMALE,High School,transport-moving,yachting,not-in-family,0,0,Multi-vehicle Collision,Rear Collision,Minor Damage,Police,NY,Northbend,1,3,,1,0,,31700,6340,3170,22190,Toyota,Highlander,2006,7062,35.092768896957885,0.2,0.1,0.7,1,1
419,0.250101189297304,25.01,Low,High,Monitor,0,297,47,IN,250/500,500,1616.65,7000000,MALE,MD,adm-clerical,movies,unmarried,0,-59500,Multi-vehicle Collision,Side Collision,Total Loss,Fire,WV,Columbus,0,3,,0,3,YES,44400,5550,5550,33300,Jeep,Grand Cherokee,1999,1874,27.46420066186249,0.125,0.125,0.75,1,1
420,0.24763273994144405,24.76,Low,High,Monitor,0,255,39,OH,250/500,500,1453.95,0,FEMALE,PhD,armed-forces,bungie-jumping,not-in-family,38200,0,Multi-vehicle Collision,Side Collision,Total Loss,Fire,WV,Springfield,17,3,YES,0,3,NO,29300,2930,5860,20510,Audi,A3,2010,4930,20.15199972488737,0.1,0.2,0.7,0,1
421,0.24514600417022325,24.51,Low,High,Monitor,0,65,29,OH,250/500,2000,1441.6,5000000,FEMALE,MD,sales,kayaking,own-child,0,0,Multi-vehicle Collision,Rear Collision,Minor Damage,Other,NC,Columbus,21,3,YES,0,0,,62900,6290,12580,44030,Jeep,Grand Cherokee,1998,3864,43.63207547169812,0.1,0.2,0.7,0,1
422,0.244644928477368,24.46,Low,High,Monitor,0,107,32,OH,100/300,500,1172.82,4000000,MALE,Associate,machine-op-inspct,yachting,other-relative,82100,0,Vehicle Theft,,Trivial Damage,Police,SC,Arlington,8,1,,1,3,NO,3900,780,390,2730,Ford,F150,2010,4677,3.325318463191283,0.2,0.1,0.7,0,0
423,0.24290702184573593,24.29,Low,High,Monitor,0,250,43,OH,500/1000,1000,1243.84,0,FEMALE,JD,tech-support,polo,own-child,47900,-73400,Single Vehicle Collision,Side Collision,Minor Damage,Other,VA,Columbus,22,1,YES,1,3,NO,64900,12980,12980,38940,Volkswagen,Jetta,2011,572,52.17712889117572,0.2,0.2,0.6,0,0
424,0.23970691515606982,23.97,Low,High,Monitor,0,169,34,IN,100/300,500,1469.75,0,FEMALE,JD,sales,reading,not-in-family,0,-57600,Single Vehicle Collision,Rear Collision,Minor Damage,Fire,VA,Arlington,0,1,,0,0,YES,38700,7740,3870,27090,Volkswagen,Passat,2012,6753,26.33100867494472,0.2,0.1,0.7,1,0
425,0.2383893737560043,23.84,Low,High,Monitor,1,46,41,OH,100/300,2000,998.19,0,FEMALE,MD,priv-house-serv,video-games,husband,43700,-66300,Multi-vehicle Collision,Rear Collision,Total Loss,Ambulance,SC,Hillsdale,23,3,NO,1,3,,78600,13100,19650,45850,Dodge,RAM,2004,1543,78.74252396838277,0.1666666666666666,0.25,0.5833333333333334,1,1
426,0.23809990937398512,23.81,Low,High,Monitor,0,193,40,OH,100/300,500,1233.85,0,FEMALE,College,handlers-cleaners,chess,husband,0,0,Multi-vehicle Collision,Side Collision,Total Loss,Ambulance,PA,Hillsdale,23,3,,2,1,YES,64260,0,14280,49980,Ford,Escape,1999,3655,52.08088503464765,0.0,0.2222222222222222,0.7777777777777778,1,1
427,0.23785938698150802,23.79,Low,High,Monitor,0,70,27,IN,250/500,1000,1008.79,4000000,FEMALE,Masters,adm-clerical,video-games,own-child,46000,0,Vehicle Theft,,Trivial Damage,Police,WV,Columbus,19,1,NO,2,3,,4400,0,550,3850,Toyota,Camry,2000,3833,4.361660999811655,0.0,0.125,0.875,0,0
428,0.2366982968422545,23.67,Low,High,Monitor,0,188,37,OH,100/300,500,1457.21,0,FEMALE,JD,adm-clerical,hiking,own-child,46300,0,Single Vehicle Collision,Rear Collision,Total Loss,Ambulance,SC,Columbus,6,1,,2,0,YES,45000,5000,5000,35000,Suburu,Forrestor,2003,7420,30.880929996362912,0.1111111111111111,0.1111111111111111,0.7777777777777778,0,0
429,0.2343288653324736,23.43,Low,High,Monitor,0,164,38,IL,250/500,2000,1269.76,0,FEMALE,PhD,transport-moving,yachting,not-in-family,44300,0,Single Vehicle Collision,Rear Collision,Minor Damage,Fire,NY,Hillsdale,4,1,NO,1,3,YES,90000,18000,9000,63000,Ford,Fusion,2015,6287,70.87953629032258,0.2,0.1,0.7,1,0
430,0.2335212024253702,23.35,Low,High,Monitor,0,134,32,OH,100/300,1000,1000.06,0,FEMALE,PhD,farming-fishing,base-jumping,wife,0,0,Single Vehicle Collision,Side Collision,Total Loss,Other,NY,Columbus,17,1,,1,0,,82720,7520,15040,60160,Audi,A3,2014,4962,82.71503709777414,0.0909090909090909,0.1818181818181818,0.7272727272727273,0,0
431,0.22925443419114366,22.93,Low,High,Monitor,0,194,39,OH,500/1000,1000,1489.24,6000000,FEMALE,JD,other-service,kayaking,wife,0,-45000,Vehicle Theft,,Minor Damage,,SC,Springfield,15,1,YES,2,2,YES,8060,1240,1240,5580,Saab,95,2004,1709,5.4121565362198165,0.1538461538461538,0.1538461538461538,0.6923076923076923,0,0
432,0.22798935855245928,22.8,Low,High,Monitor,0,124,28,OH,250/500,1000,1235.14,0,MALE,MD,exec-managerial,camping,husband,0,-32100,Multi-vehicle Collision,Side Collision,Total Loss,Other,OH,Hillsdale,20,3,,0,1,,60200,6020,6020,48160,Volkswagen,Passat,2012,4819,48.73941415548035,0.1,0.1,0.8,0,1
433,0.22686475385837057,22.69,Low,High,Monitor,0,431,54,OH,100/300,1000,1372.27,0,FEMALE,Masters,craft-repair,paintball,own-child,17600,0,Multi-vehicle Collision,Rear Collision,Total Loss,Fire,WV,Columbus,13,3,NO,2,3,,63240,10540,10540,42160,Suburu,Forrestor,1997,7363,46.084225407536415,0.1666666666666666,0.1666666666666666,0.6666666666666666,0,1
434,0.22654061848712617,22.65,Low,High,Monitor,0,239,42,IL,100/300,1000,969.5,0,MALE,College,exec-managerial,reading,not-in-family,0,0,Vehicle Theft,,Trivial Damage,,NC,Northbrook,10,1,NO,0,0,,5600,700,700,4200,Audi,A3,2007,5607,5.776173285198556,0.125,0.125,0.75,0,0
435,0.224378511429852,22.44,Low,High,Monitor,0,285,44,OH,250/500,2000,1144.3,0,MALE,MD,priv-house-serv,base-jumping,not-in-family,52600,0,Vehicle Theft,,Minor Damage,Police,WV,Northbrook,3,1,YES,1,0,,5500,500,500,4500,Honda,Civic,2010,8568,4.8064318797518135,0.0909090909090909,0.0909090909090909,0.8181818181818182,1,0
436,0.22375655249065438,22.38,Low,High,Monitor,0,223,43,OH,500/1000,500,1235.1,0,FEMALE,Masters,tech-support,exercise,not-in-family,66400,-34400,Single Vehicle Collision,Rear Collision,Minor Damage,Police,SC,Springfield,14,1,NO,2,1,NO,54400,5440,5440,43520,BMW,M5,2011,2103,44.045016597846335,0.1,0.1,0.8,0,0
437,0.2225042939296432,22.25,Low,High,Monitor,0,210,37,OH,500/1000,500,1467.76,0,FEMALE,MD,tech-support,hiking,own-child,38700,-33100,Single Vehicle Collision,Front Collision,Total Loss,Ambulance,NY,Northbend,8,1,,1,3,YES,63300,6330,6330,50640,Toyota,Highlander,2000,957,43.12694173434349,0.1,0.1,0.8,0,0
438,0.22178898583044535,22.18,Low,High,Monitor,0,165,35,IL,250/500,500,900.02,6000000,MALE,College,craft-repair,camping,own-child,0,-49900,Single Vehicle Collision,Front Collision,Total Loss,Other,SC,Springfield,8,1,NO,1,3,YES,69700,6970,6970,55760,BMW,3 Series,2008,785,77.44272349503345,0.1,0.1,0.8,0,0
439,0.22108782204712274,22.11,Low,High,Monitor,0,60,23,OH,500/1000,500,1215.36,3000000,MALE,MD,protective-serv,reading,wife,0,0,Single Vehicle Collision,Rear Collision,Total Loss,Ambulance,SC,Northbend,9,1,YES,1,0,NO,56520,4710,9420,42390,Saab,95,2000,6272,46.5047393364929,0.0833333333333333,0.1666666666666666,0.75,0,0
440,0.22086514204625898,22.09,Low,High,Monitor,1,243,41,IN,100/300,1000,1129.23,0,FEMALE,College,farming-fishing,camping,own-child,17300,-60400,Single Vehicle Collision,Front Collision,Major Damage,Fire,WV,Hillsdale,1,1,,1,0,YES,50300,10060,5030,35210,Suburu,Legacy,1999,6517,44.54362707331544,0.2,0.1,0.7,1,0
441,0.21918153848876218,21.92,Low,High,Monitor,0,339,49,IN,500/1000,2000,1570.77,0,MALE,JD,adm-clerical,paintball,not-in-family,98800,-65300,Vehicle Theft,,Minor Damage,,SC,Columbus,13,1,NO,0,3,NO,6820,1240,620,4960,Mercedes,ML350,2009,7643,4.341819617130452,0.1818181818181818,0.0909090909090909,0.7272727272727273,0,0
442,0.21898683205295177,21.9,Low,High,Monitor,0,85,25,IN,250/500,500,1259.02,0,FEMALE,JD,tech-support,base-jumping,unmarried,67000,-53600,Parked Car,,Trivial Damage,,SC,Northbend,8,1,NO,2,2,,5640,940,940,3760,Nissan,Ultima,2005,2357,4.4796746675986086,0.1666666666666666,0.1666666666666666,0.6666666666666666,0,0
443,0.216539090214959,21.65,Low,High,Monitor,1,108,33,IL,100/300,2000,694.45,0,FEMALE,JD,armed-forces,exercise,not-in-family,0,0,Multi-vehicle Collision,Side Collision,Major Damage,Police,WV,Northbend,6,3,,0,1,YES,64350,5850,11700,46800,Nissan,Pathfinder,2011,9124,92.66325869393044,0.0909090909090909,0.1818181818181818,0.7272727272727273,0,1
444,0.21624061394510216,21.62,Low,High,Monitor,0,253,41,IN,100/300,1000,1435.09,0,FEMALE,College,machine-op-inspct,bungie-jumping,not-in-family,36600,0,Single Vehicle Collision,Rear Collision,Total Loss,Police,SC,Northbrook,17,1,NO,2,0,,56610,6290,6290,44030,Chevrolet,Tahoe,1995,3918,39.44700332383335,0.1111111111111111,0.1111111111111111,0.7777777777777778,0,0
445,0.21592204950907345,21.59,Low,High,Monitor,0,121,34,OH,100/300,1000,936.61,0,FEMALE,MD,armed-forces,bungie-jumping,wife,52800,-32800,Parked Car,,Minor Damage,,SC,Springfield,5,1,NO,1,1,NO,7280,1120,1120,5040,Toyota,Highlander,2010,804,7.772712228141916,0.1538461538461538,0.1538461538461538,0.6923076923076923,1,0
446,0.21523662340484248,21.52,Low,High,Monitor,0,254,41,IL,250/500,2000,1241.04,0,FEMALE,Masters,protective-serv,board-games,own-child,0,0,Single Vehicle Collision,Front Collision,Minor Damage,Police,NY,Riverwood,16,1,NO,2,2,YES,100210,18220,18220,63770,Audi,A5,2014,382,80.74679301231225,0.1818181818181818,0.1818181818181818,0.6363636363636364,0,0
447,0.21472991284798723,21.47,Low,High,Monitor,0,22,21,IN,250/500,1000,1248.05,0,FEMALE,High School,exec-managerial,movies,husband,37500,-54000,Multi-vehicle Collision,Rear Collision,Total Loss,Police,SC,Arlington,3,3,YES,1,2,,53280,5920,0,47360,Chevrolet,Malibu,2015,2783,42.69059733183767,0.1111111111111111,0.0,0.8888888888888888,1,1
448,0.21423836537601118,21.42,Low,High,Monitor,0,89,32,IN,250/500,1000,988.93,0,FEMALE,High School,craft-repair,golf,unmarried,27600,0,Single Vehicle Collision,Front Collision,Total Loss,Other,NY,Columbus,11,1,,2,3,YES,84590,15380,15380,53830,Dodge,Neon,1999,6610,85.53689341004925,0.1818181818181818,0.1818181818181818,0.6363636363636364,0,0
449,0.21416066878485743,21.42,Low,High,Monitor,0,266,46,OH,100/300,2000,1578.54,0,MALE,Associate,handlers-cleaners,chess,husband,0,-41400,Single Vehicle Collision,Front Collision,Minor Damage,Fire,WV,Hillsdale,18,1,NO,1,3,YES,83490,7590,15180,60720,Nissan,Pathfinder,1996,2169,52.89064578661295,0.0909090909090909,0.1818181818181818,0.7272727272727273,0,0
450,0.21311704831755596,21.31,Low,High,Monitor,0,257,43,IN,500/1000,2000,929.7,6000000,FEMALE,PhD,handlers-cleaners,base-jumping,husband,46400,-74300,Single Vehicle Collision,Front Collision,Total Loss,Other,VA,Arlington,12,1,,2,2,YES,63240,10540,5270,47430,Mercedes,E400,2005,5809,68.0219425621168,0.1666666666666666,0.0833333333333333,0.75,0,0
451,0.21245383998865125,21.25,Low,High,Monitor,0,225,37,OH,100/300,1000,1217.84,5000000,FEMALE,High School,farming-fishing,yachting,not-in-family,49600,0,Multi-vehicle Collision,Front Collision,Minor Damage,Fire,WV,Northbrook,19,3,,2,2,NO,57600,9600,9600,38400,Volkswagen,Passat,2015,5181,47.2968534454444,0.1666666666666666,0.1666666666666666,0.6666666666666666,0,1
452,0.20944205506410796,20.94,Low,High,Monitor,0,160,36,OH,100/300,1000,1118.58,0,FEMALE,High School,prof-specialty,board-games,husband,0,-36600,Multi-vehicle Collision,Rear Collision,Total Loss,Fire,NY,Columbus,5,3,NO,2,1,NO,51700,5170,10340,36190,Saab,95,2003,987,46.21931377281911,0.1,0.2,0.7,1,1
453,0.20859057664351777,20.86,Low,High,Monitor,0,101,27,IL,500/1000,500,982.7,6000000,FEMALE,College,transport-moving,video-games,unmarried,30800,-43700,Parked Car,,Minor Damage,,SC,Arlington,9,1,NO,1,0,NO,5170,940,470,3760,Toyota,Camry,2001,6260,5.26101556934975,0.1818181818181818,0.0909090909090909,0.7272727272727273,0,0
454,0.2084899712395701,20.85,Low,High,Monitor,0,280,48,IL,250/500,1000,1387.35,0,MALE,JD,transport-moving,paintball,not-in-family,0,-72000,Single Vehicle Collision,Front Collision,Minor Damage,Fire,WV,Hillsdale,16,1,NO,2,2,,61320,10220,10220,40880,BMW,M5,1998,203,44.19937290517894,0.1666666666666666,0.1666666666666666,0.6666666666666666,0,0
455,0.20813398901440824,20.81,Low,High,Monitor,0,196,41,IL,250/500,2000,1800.76,0,MALE,JD,protective-serv,camping,other-relative,0,-78600,Multi-vehicle Collision,Rear Collision,Minor Damage,Ambulance,SC,Hillsdale,0,3,NO,1,0,NO,47800,4780,4780,38240,Jeep,Grand Cherokee,2009,4941,26.544347941980053,0.1,0.1,0.8,1,1
456,0.20789155119105052,20.79,Low,High,Monitor,0,249,43,OH,100/300,2000,1148.58,0,FEMALE,MD,adm-clerical,golf,not-in-family,0,-71200,Multi-vehicle Collision,Rear Collision,Total Loss,Fire,SC,Arlington,4,3,YES,2,1,YES,57100,5710,5710,45680,Honda,CRV,2014,8919,49.71355935154713,0.1,0.1,0.8,1,1
457,0.2078068996875383,20.78,Low,High,Monitor,0,141,30,IN,500/1000,1000,1347.04,0,MALE,High School,sales,bungie-jumping,own-child,0,-82100,Parked Car,,Minor Damage,,SC,Northbend,6,1,,1,2,YES,6480,540,1080,4860,Honda,Civic,1996,2861,4.810547570970424,0.0833333333333333,0.1666666666666666,0.75,0,0
458,0.20640244966009536,20.64,Low,High,Monitor,0,120,28,IL,250/500,1000,1281.27,0,FEMALE,PhD,tech-support,golf,not-in-family,68900,0,Multi-vehicle Collision,Rear Collision,Minor Damage,Fire,SC,Springfield,9,3,NO,0,3,,65500,6550,6550,52400,BMW,X5,2010,2161,51.12115323077884,0.1,0.1,0.8,0,1
459,0.20331472678485576,20.33,Low,High,Monitor,0,290,47,IN,250/500,1000,1393.34,0,MALE,High School,exec-managerial,bungie-jumping,other-relative,0,-61400,Multi-vehicle Collision,Side Collision,Minor Damage,Ambulance,WV,Northbend,20,3,YES,1,3,YES,56160,6240,12480,37440,Audi,A5,2002,2369,40.30602724388879,0.1111111111111111,0.2222222222222222,0.6666666666666666,0,1
460,0.2032833351645308,20.33,Low,High,Monitor,0,195,38,IL,500/1000,2000,1294.93,6000000,MALE,MD,tech-support,video-games,unmarried,38000,-50300,Multi-vehicle Collision,Front Collision,Minor Damage,Ambulance,WV,Springfield,12,3,YES,1,2,NO,64620,7180,0,57440,Dodge,Neon,2003,7942,49.90231132184751,0.1111111111111111,0.0,0.8888888888888888,0,1
461,0.20239935663147687,20.24,Low,High,Monitor,0,65,26,IN,100/300,500,1285.03,3000000,FEMALE,High School,craft-repair,camping,unmarried,0,-41500,Single Vehicle Collision,Rear Collision,Minor Damage,Fire,VA,Riverwood,0,1,NO,1,3,,52200,5220,10440,36540,Honda,CRV,2011,3422,40.62161972872229,0.1,0.2,0.7,1,0
462,0.20203132759349898,20.2,Low,High,Monitor,0,392,50,OH,100/300,2000,1108.97,0,FEMALE,PhD,exec-managerial,exercise,not-in-family,68400,-66800,Single Vehicle Collision,Side Collision,Minor Damage,Other,WV,Springfield,4,1,NO,2,2,YES,108030,16620,16620,74790,Saab,92x,2002,8546,97.41471816189798,0.1538461538461538,0.1538461538461538,0.6923076923076923,1,0
463,0.20189631370152095,20.19,Low,High,Monitor,0,26,39,IN,250/500,1000,770.76,0,MALE,Masters,tech-support,sleeping,husband,0,-53700,Single Vehicle Collision,Side Collision,Major Damage,Police,WV,Columbus,0,1,NO,0,2,,49800,9960,4980,34860,Mercedes,ML350,2015,8420,64.6115522341585,0.2,0.1,0.7,1,0
464,0.20099119609059116,20.1,Low,High,Monitor,1,156,37,IN,250/500,500,1090.65,0,MALE,High School,exec-managerial,golf,unmarried,0,-51800,Multi-vehicle Collision,Rear Collision,Minor Damage,Police,NC,Columbus,16,4,,1,2,YES,53400,5340,5340,42720,Honda,Civic,2010,8011,48.96162838674185,0.1,0.1,0.8,0,1
465,0.2003471304471992,20.03,Low,High,Monitor,0,412,56,IL,250/500,500,1042.56,0,MALE,High School,handlers-cleaners,yachting,own-child,0,-66100,Multi-vehicle Collision,Front Collision,Total Loss,Police,SC,Springfield,19,3,NO,0,2,NO,68040,15120,7560,45360,Suburu,Forrestor,1997,4541,65.26243093922652,0.2222222222222222,0.1111111111111111,0.6666666666666666,0,1
466,0.19871151470342938,19.87,Low,High,Monitor,0,80,25,IL,100/300,2000,1075.18,5000000,FEMALE,PhD,armed-forces,exercise,husband,67700,-58400,Vehicle Theft,,Minor Damage,,OH,Northbrook,5,1,NO,2,0,YES,6930,1260,630,5040,Toyota,Highlander,2001,1087,6.445432392715638,0.1818181818181818,0.0909090909090909,0.7272727272727273,1,0
467,0.19713921607415977,19.71,Low,High,Monitor,0,267,46,OH,250/500,2000,1111.17,0,MALE,MD,craft-repair,base-jumping,unmarried,35000,0,Parked Car,,Trivial Damage,,WV,Arlington,3,1,YES,2,3,YES,4950,900,450,3600,Toyota,Camry,1995,3830,4.454763897513431,0.1818181818181818,0.0909090909090909,0.7272727272727273,1,0
468,0.19533676498713323,19.53,Low,High,Monitor,0,190,40,OH,500/1000,2000,965.21,0,FEMALE,JD,exec-managerial,camping,other-relative,36900,-53700,Parked Car,,Trivial Damage,,SC,Hillsdale,10,1,,2,1,YES,6300,630,630,5040,Nissan,Ultima,2001,2928,6.527077009148268,0.1,0.1,0.8,0,0
469,0.19340445175229945,19.34,Low,High,Monitor,0,78,24,IN,100/300,500,1175.51,0,MALE,Masters,craft-repair,yachting,husband,0,0,Vehicle Theft,,Minor Damage,Police,NY,Columbus,20,1,,0,1,YES,7480,680,680,6120,Dodge,Neon,2003,8325,6.363195549165894,0.0909090909090909,0.0909090909090909,0.8181818181818182,0,0
470,0.19143859339863836,19.14,Low,High,Monitor,0,99,28,OH,100/300,500,1330.39,0,MALE,MD,prof-specialty,basketball,wife,0,0,Single Vehicle Collision,Front Collision,Total Loss,Other,NY,Columbus,3,1,NO,2,2,YES,49900,4990,9980,34930,Dodge,Neon,1998,2739,37.50779846511173,0.1,0.2,0.7,1,0
471,0.19101722491400935,19.1,Low,High,Monitor,0,124,32,IL,250/500,1000,1198.15,0,FEMALE,MD,other-service,hiking,not-in-family,0,-43200,Multi-vehicle Collision,Front Collision,Total Loss,Other,VA,Springfield,19,3,NO,0,2,YES,73560,12260,12260,49040,BMW,X5,1995,8295,61.39465008554855,0.1666666666666666,0.1666666666666666,0.6666666666666666,0,1
472,0.1902914804307688,19.03,Low,High,Monitor,0,20,37,IL,250/500,500,1482.14,0,FEMALE,Associate,transport-moving,reading,husband,33000,-43600,Multi-vehicle Collision,Rear Collision,Total Loss,Other,NY,Arlington,15,3,,2,1,NO,60750,6750,6750,47250,Suburu,Forrestor,2003,1269,40.98803082030037,0.1111111111111111,0.1111111111111111,0.7777777777777778,0,1
473,0.18991894098630552,18.99,Low,High,Monitor,0,25,38,OH,250/500,1000,1540.91,7000000,MALE,College,adm-clerical,polo,wife,40900,0,Vehicle Theft,,Trivial Damage,,VA,Northbend,0,1,NO,1,1,YES,4320,480,960,2880,Toyota,Corolla,1995,7019,2.80353816900403,0.1111111111111111,0.2222222222222222,0.6666666666666666,1,0
474,0.18949412790433978,18.95,Low,High,Monitor,0,186,37,OH,250/500,2000,1628.0,0,FEMALE,JD,priv-house-serv,exercise,unmarried,0,0,Single Vehicle Collision,Rear Collision,Total Loss,Ambulance,NY,Hillsdale,22,1,YES,1,2,YES,55600,11120,5560,38920,Jeep,Grand Cherokee,2009,2168,34.15233415233416,0.2,0.1,0.7,0,0
475,0.18900221402369374,18.9,Low,High,Monitor,0,147,37,IN,250/500,1000,1306.78,0,MALE,MD,prof-specialty,video-games,other-relative,0,0,Single Vehicle Collision,Front Collision,Total Loss,Ambulance,SC,Northbend,22,1,,1,0,NO,81120,13520,20280,47320,Toyota,Camry,1995,8139,62.07624848865149,0.1666666666666666,0.25,0.5833333333333334,0,0
476,0.18440624131154076,18.44,Low,High,Monitor,0,41,26,IL,100/300,1000,1383.13,0,FEMALE,JD,prof-specialty,exercise,own-child,46700,0,Vehicle Theft,,Trivial Damage,Police,SC,Riverwood,12,1,YES,1,1,,6890,530,1060,5300,Jeep,Grand Cherokee,1997,3259,4.981455105449235,0.0769230769230769,0.1538461538461538,0.7692307692307693,0,0
477,0.1839780148172709,18.4,Low,High,Monitor,0,446,61,IN,500/1000,1000,1037.32,0,FEMALE,High School,tech-support,skydiving,wife,0,-15700,Multi-vehicle Collision,Rear Collision,Minor Damage,Police,NC,Hillsdale,1,3,,2,1,NO,80880,6740,13480,60660,Nissan,Ultima,2005,3292,77.97015385801875,0.0833333333333333,0.1666666666666666,0.75,1,1
478,0.18342713279854053,18.34,Low,High,Monitor,0,126,33,OH,500/1000,1000,1141.71,2000000,FEMALE,JD,priv-house-serv,sleeping,own-child,36700,-73400,Single Vehicle Collision,Front Collision,Major Damage,Ambulance,WV,Northbrook,21,1,YES,1,2,,54160,6770,6770,40620,Suburu,Legacy,2009,2625,47.43761550656471,0.125,0.125,0.75,0,0
479,0.1820205496313288,18.2,Low,High,Monitor,0,166,37,IN,250/500,500,1518.54,0,FEMALE,MD,craft-repair,kayaking,not-in-family,0,0,Single Vehicle Collision,Rear Collision,Total Loss,Ambulance,PA,Riverwood,10,1,YES,1,1,NO,58300,10600,10600,37100,Ford,F150,2001,7350,38.39213981850988,0.1818181818181818,0.1818181818181818,0.6363636363636364,0,0
480,0.18071124679124792,18.07,Low,High,Monitor,0,293,49,IL,100/300,2000,1239.06,0,FEMALE,JD,transport-moving,skydiving,husband,34900,0,Single Vehicle Collision,Front Collision,Total Loss,Police,SC,Riverwood,19,1,,1,1,,57310,5210,10420,41680,Volkswagen,Passat,2002,6976,46.25280454538118,0.0909090909090909,0.1818181818181818,0.7272727272727273,0,0
481,0.1803510322016398,18.04,Low,High,Monitor,0,91,27,IL,100/300,2000,1073.83,0,FEMALE,JD,farming-fishing,polo,husband,0,0,Vehicle Theft,,Trivial Damage,,NY,Arlington,4,1,,1,2,,7260,1320,660,5280,BMW,M5,2008,7455,6.760846688954491,0.1818181818181818,0.0909090909090909,0.7272727272727273,1,0
482,0.1793206925155274,17.93,Low,High,Monitor,0,147,37,OH,500/1000,1000,1439.9,6000000,FEMALE,Associate,prof-specialty,video-games,husband,0,-48400,Multi-vehicle Collision,Rear Collision,Total Loss,Other,SC,Springfield,2,2,NO,1,2,NO,53680,9760,4880,39040,Accura,MDX,2004,2006,37.2803666921314,0.1818181818181818,0.0909090909090909,0.7272727272727273,1,1
483,0.1781050584650285,17.81,Low,High,Monitor,0,110,27,OH,500/1000,1000,1664.66,0,FEMALE,Associate,priv-house-serv,golf,own-child,0,-66200,Single Vehicle Collision,Side Collision,Total Loss,Ambulance,SC,Springfield,3,1,,0,3,,57500,5750,5750,46000,Audi,A3,2010,2012,34.541588072038735,0.1,0.1,0.8,1,0
484,0.177946832591434,17.79,Low,High,Monitor,0,169,38,IL,100/300,1000,1555.94,0,MALE,PhD,craft-repair,skydiving,own-child,23300,0,Multi-vehicle Collision,Front Collision,Total Loss,Other,VA,Riverwood,12,3,NO,1,3,YES,79080,6590,13180,59310,Mercedes,C300,2012,3670,50.82458192475288,0.0833333333333333,0.1666666666666666,0.75,0,1
485,0.17751383552789937,17.75,Low,High,Monitor,0,130,34,OH,250/500,500,1383.49,3000000,FEMALE,Masters,armed-forces,bungie-jumping,other-relative,35100,0,Multi-vehicle Collision,Side Collision,Minor Damage,Police,NC,Arlington,4,3,,2,3,YES,67500,7500,7500,52500,Suburu,Impreza,1996,4358,48.78965514748932,0.1111111111111111,0.1111111111111111,0.7777777777777778,1,1
486,0.1769415433255443,17.69,Low,High,Monitor,0,428,59,IN,250/500,500,1344.36,7000000,FEMALE,JD,prof-specialty,hiking,other-relative,0,0,Parked Car,,Minor Damage,,WV,Northbend,8,1,,2,3,NO,6500,1300,650,4550,Saab,92x,2013,5609,4.835014430658455,0.2,0.1,0.7,0,0
487,0.17670196620425974,17.67,Low,High,Monitor,1,104,32,IN,250/500,500,1158.03,0,MALE,High School,exec-managerial,kayaking,own-child,31900,-44600,Multi-vehicle Collision,Rear Collision,Total Loss,Police,NY,Riverwood,23,3,YES,1,3,YES,63570,9780,9780,44010,Volkswagen,Jetta,2006,6387,54.894950908007566,0.1538461538461538,0.1538461538461538,0.6923076923076923,1,1
488,0.17493483798822165,17.49,Low,High,Monitor,0,210,41,IL,500/1000,500,1222.75,0,MALE,High School,exec-managerial,polo,other-relative,0,-41000,Multi-vehicle Collision,Rear Collision,Total Loss,Other,WV,Columbus,12,3,,2,0,NO,81070,14740,14740,51590,BMW,X5,2001,819,66.3013698630137,0.1818181818181818,0.1818181818181818,0.6363636363636364,0,1
489,0.1745432696206892,17.45,Low,High,Monitor,0,131,33,IL,100/300,2000,1081.17,0,MALE,MD,sales,yachting,wife,0,-65200,Parked Car,,Minor Damage,Police,NY,Northbend,3,1,,0,1,NO,4900,490,490,3920,Toyota,Camry,2010,8877,4.532127232535124,0.1,0.1,0.8,1,0
490,0.17422278275932349,17.42,Low,High,Monitor,0,276,47,IN,100/300,1000,1724.09,0,MALE,PhD,craft-repair,yachting,own-child,0,0,Multi-vehicle Collision,Rear Collision,Minor Damage,Police,NY,Arlington,23,3,YES,0,0,,65780,5980,11960,47840,Chevrolet,Tahoe,2014,7878,38.15346066620652,0.0909090909090909,0.1818181818181818,0.7272727272727273,1,1
491,0.1741880198689647,17.42,Low,High,Monitor,1,478,63,IL,250/500,1000,1292.3,0,MALE,High School,adm-clerical,paintball,own-child,47600,0,Parked Car,,Minor Damage,,VA,Northbend,5,1,YES,1,3,NO,4700,940,470,3290,Dodge,Neon,2007,2063,3.636926410276252,0.2,0.1,0.7,1,0
492,0.173772622793368,17.38,Low,High,Monitor,0,377,53,IL,100/300,500,1693.63,0,FEMALE,MD,craft-repair,kayaking,unmarried,0,-64000,Multi-vehicle Collision,Front Collision,Total Loss,Fire,WV,Hillsdale,10,3,YES,1,3,NO,59040,6560,6560,45920,Saab,93,2015,6742,34.860034364058265,0.1111111111111111,0.1111111111111111,0.7777777777777778,0,1
493,0.1729782917390992,17.3,Low,High,Monitor,0,242,40,OH,100/300,500,1238.65,0,FEMALE,High School,transport-moving,bungie-jumping,husband,0,-44600,Vehicle Theft,,Trivial Damage,Police,WV,Springfield,5,1,YES,1,1,NO,7480,680,680,6120,Saab,95,1998,6195,6.038832600008073,0.0909090909090909,0.0909090909090909,0.8181818181818182,1,0
494,0.1723492582307729,17.23,Low,High,Monitor,0,369,53,OH,250/500,2000,1459.93,0,FEMALE,Masters,priv-house-serv,video-games,not-in-family,0,0,Multi-vehicle Collision,Front Collision,Total Loss,Police,WV,Springfield,10,2,YES,1,3,NO,77990,7090,14180,56720,Jeep,Wrangler,2012,7205,53.4203694697691,0.0909090909090909,0.1818181818181818,0.7272727272727273,0,1
495,0.17182967366785284,17.18,Low,High,Monitor,0,122,34,IN,250/500,1000,1220.71,0,MALE,PhD,machine-op-inspct,video-games,own-child,58600,-28700,Parked Car,,Minor Damage,,SC,Northbend,5,1,,2,1,YES,8190,1890,1260,5040,Chevrolet,Silverado,2013,3193,6.709210213728076,0.2307692307692307,0.1538461538461538,0.6153846153846154,1,0
496,0.17166924250759244,17.17,Low,High,Monitor,0,99,32,IN,100/300,1000,1058.21,3000000,MALE,JD,craft-repair,golf,unmarried,0,0,Single Vehicle Collision,Front Collision,Total Loss,Fire,NY,Arlington,17,1,YES,1,1,NO,41130,4570,4570,31990,Dodge,RAM,1999,171,38.86752156944274,0.1111111111111111,0.1111111111111111,0.7777777777777778,0,0
497,0.17125154542893575,17.13,Low,High,Monitor,0,347,51,OH,500/1000,500,1480.79,9000000,FEMALE,MD,priv-house-serv,board-games,unmarried,0,-12100,Single Vehicle Collision,Side Collision,Total Loss,Other,NC,Hillsdale,15,1,YES,0,2,,103560,8630,17260,77670,Jeep,Wrangler,1997,6655,69.93564246111873,0.0833333333333333,0.1666666666666666,0.75,0,0
498,0.17101333795233992,17.1,Low,High,Monitor,0,175,34,IN,500/1000,1000,1123.87,8000000,FEMALE,PhD,protective-serv,dancing,other-relative,0,0,Vehicle Theft,,Trivial Damage,Police,NY,Arlington,5,1,,2,0,YES,7290,810,810,5670,Volkswagen,Passat,1995,2607,6.486515344301388,0.1111111111111111,0.1111111111111111,0.7777777777777778,1,0
499,0.16970021526872625,16.97,Low,High,Monitor,0,320,48,IL,250/500,2000,1730.49,7000000,MALE,College,transport-moving,hiking,not-in-family,46300,-41700,Multi-vehicle Collision,Front Collision,Minor Damage,Fire,WV,Northbrook,13,3,NO,2,0,NO,56160,4680,9360,42120,Saab,95,1995,636,32.45323578870725,0.0833333333333333,0.1666666666666666,0.75,0,1
500,0.16883952985300518,16.88,Low,High,Monitor,0,187,37,IN,500/1000,1000,1412.06,5000000,FEMALE,Masters,protective-serv,reading,not-in-family,60100,0,Single Vehicle Collision,Side Collision,Total Loss,Ambulance,NC,Riverwood,21,1,,0,3,,57700,5770,5770,46160,Nissan,Maxima,2000,526,40.86228630511452,0.1,0.1,0.8,0,0
501,0.16712220472974781,16.71,Low,Moderate,Monitor,0,360,51,IL,250/500,1000,1152.12,0,MALE,PhD,armed-forces,hiking,not-in-family,0,-62400,Multi-vehicle Collision,Side Collision,Total Loss,Ambulance,WV,Riverwood,15,3,NO,2,0,YES,90480,15080,15080,60320,BMW,X6,2000,6783,78.53348609519843,0.1666666666666666,0.1666666666666666,0.6666666666666666,0,1
502,0.16595076101454032,16.6,Low,Moderate,Monitor,0,153,37,IN,500/1000,500,1010.77,0,MALE,High School,transport-moving,basketball,unmarried,52300,-55600,Multi-vehicle Collision,Side Collision,Total Loss,Ambulance,NC,Arlington,5,3,,0,3,NO,42500,4250,4250,34000,Volkswagen,Jetta,1999,3354,42.04715217111707,0.1,0.1,0.8,1,1
503,0.16348578773587585,16.35,Low,Moderate,Monitor,0,299,42,OH,100/300,2000,1437.33,0,FEMALE,Associate,craft-repair,movies,wife,25000,0,Single Vehicle Collision,Rear Collision,Minor Damage,Other,SC,Columbus,13,1,YES,1,3,NO,70400,12800,12800,44800,BMW,3 Series,2000,2410,48.97970542603299,0.1818181818181818,0.1818181818181818,0.6363636363636364,0,0
504,0.163324706878182,16.33,Low,Moderate,Monitor,0,270,45,OH,500/1000,500,1187.53,0,FEMALE,PhD,priv-house-serv,yachting,not-in-family,83200,-53300,Multi-vehicle Collision,Side Collision,Total Loss,Other,VA,Columbus,23,3,,0,0,YES,54340,9880,0,44460,Saab,92x,2005,4203,45.75884398709928,0.1818181818181818,0.0,0.8181818181818182,1,1
505,0.16279981493536555,16.28,Low,Moderate,Monitor,0,78,27,OH,500/1000,500,1060.88,0,MALE,JD,other-service,skydiving,other-relative,0,-66500,Parked Car,,Trivial Damage,Police,SC,Northbend,4,1,NO,0,3,NO,6050,550,1100,4400,Volkswagen,Passat,2009,8375,5.702812759218761,0.0909090909090909,0.1818181818181818,0.7272727272727273,1,0
506,0.16217734494887362,16.22,Low,Moderate,Monitor,0,283,43,IN,100/300,2000,1161.91,0,FEMALE,Associate,adm-clerical,polo,not-in-family,0,-50400,Parked Car,,Minor Damage,,WV,Northbrook,9,1,,0,3,NO,5850,1300,650,3900,BMW,M5,2006,6396,5.034813367644654,0.2222222222222222,0.1111111111111111,0.6666666666666666,0,0
507,0.16174516368075997,16.17,Low,Moderate,Monitor,1,328,46,IL,500/1000,500,1314.6,0,FEMALE,MD,prof-specialty,exercise,not-in-family,24800,0,Single Vehicle Collision,Rear Collision,Total Loss,Other,WV,Hillsdale,0,1,,2,3,,70290,12780,6390,51120,Saab,92x,1998,6823,53.46873573710635,0.1818181818181818,0.0909090909090909,0.7272727272727273,1,0
508,0.16156194410256391,16.16,Low,Moderate,Monitor,0,209,38,OH,250/500,500,1191.5,0,MALE,High School,priv-house-serv,reading,husband,38600,-52900,Single Vehicle Collision,Rear Collision,Total Loss,Police,WV,Arlington,8,1,NO,2,0,,80100,8900,8900,62300,Audi,A3,2015,1829,67.22618548048678,0.1111111111111111,0.1111111111111111,0.7777777777777778,0,0
509,0.16077754399509253,16.08,Low,Moderate,Monitor,0,163,33,IN,100/300,500,1240.47,0,FEMALE,Associate,other-service,polo,husband,35300,0,Multi-vehicle Collision,Rear Collision,Total Loss,Fire,NC,Northbend,11,3,YES,1,1,,77110,0,14020,63090,Honda,Civic,2014,9172,62.16192249711803,0.0,0.1818181818181818,0.8181818181818182,0,1
510,0.16077564626290913,16.08,Low,Moderate,Monitor,0,335,50,OH,100/300,1000,1538.26,6000000,MALE,High School,sales,yachting,other-relative,62200,-31400,Multi-vehicle Collision,Side Collision,Minor Damage,Ambulance,NY,Riverwood,12,3,YES,2,3,YES,34320,8580,4290,21450,Volkswagen,Passat,2009,2908,22.310922730877746,0.25,0.125,0.625,0,1
511,0.1595075380494888,15.95,Low,Moderate,Monitor,0,220,42,IN,100/300,1000,1281.72,0,MALE,College,farming-fishing,hiking,other-relative,33500,-49500,Multi-vehicle Collision,Rear Collision,Minor Damage,Fire,SC,Northbend,20,4,NO,0,2,YES,47740,4340,4340,39060,Honda,Civic,2005,7494,37.24682457947134,0.0909090909090909,0.0909090909090909,0.8181818181818182,0,1
512,0.15929533878007576,15.93,Low,Moderate,Monitor,0,285,43,OH,100/300,2000,1512.58,0,FEMALE,College,sales,paintball,other-relative,47600,0,Vehicle Theft,,Minor Damage,Police,SC,Arlington,7,1,,1,1,,2520,280,280,1960,BMW,3 Series,1997,7372,1.6660275820121913,0.1111111111111111,0.1111111111111111,0.7777777777777778,0,0
513,0.1585569300992465,15.86,Low,Moderate,Monitor,0,265,41,IN,250/500,2000,1724.46,6000000,FEMALE,Associate,craft-repair,sleeping,own-child,81800,0,Multi-vehicle Collision,Side Collision,Total Loss,Police,SC,Northbend,18,3,,1,3,,44200,4420,4420,35360,Audi,A5,2014,6315,25.631212089581663,0.1,0.1,0.8,0,1
514,0.15837382283121987,15.84,Low,Moderate,Monitor,0,254,41,IL,250/500,500,1581.27,5000000,FEMALE,PhD,handlers-cleaners,skydiving,own-child,42200,-48000,Single Vehicle Collision,Front Collision,Minor Damage,Police,NY,Riverwood,8,1,YES,2,2,NO,63470,5770,11540,46160,BMW,X6,1999,6956,40.1386227525976,0.0909090909090909,0.1818181818181818,0.7272727272727273,0,0
515,0.1583565411637933,15.84,Low,Moderate,Monitor,0,297,48,IN,250/500,1000,1464.73,3000000,MALE,PhD,exec-managerial,golf,other-relative,54900,-36700,Multi-vehicle Collision,Side Collision,Total Loss,Fire,NY,Arlington,17,3,,0,0,NO,51480,5720,5720,40040,Toyota,Highlander,2013,2043,35.14640923583186,0.1111111111111111,0.1111111111111111,0.7777777777777778,0,1
516,0.15601192281976986,15.6,Low,Moderate,Monitor,0,235,42,OH,100/300,500,1253.12,4000000,FEMALE,Masters,exec-managerial,dancing,other-relative,38400,0,Single Vehicle Collision,Front Collision,Total Loss,Police,NY,Northbend,22,1,YES,2,2,,87010,7910,15820,63280,Ford,F150,2002,4608,69.43469101123596,0.0909090909090909,0.1818181818181818,0.7272727272727273,0,0
517,0.15547548514178472,15.55,Low,Moderate,Monitor,0,155,35,IL,500/1000,1000,1088.34,0,FEMALE,Associate,adm-clerical,yachting,other-relative,81100,0,Multi-vehicle Collision,Front Collision,Total Loss,Police,NY,Arlington,16,3,YES,2,3,NO,29790,3310,3310,23170,BMW,3 Series,2008,4225,27.37196096807983,0.1111111111111111,0.1111111111111111,0.7777777777777778,0,1
518,0.15541530666148273,15.54,Low,Moderate,Monitor,0,95,30,IL,250/500,2000,1370.92,0,MALE,College,transport-moving,video-games,unmarried,48900,0,Single Vehicle Collision,Rear Collision,Minor Damage,Police,SC,Arlington,22,1,YES,0,3,,34800,3480,6960,24360,Accura,MDX,1999,7265,25.384413386630875,0.1,0.2,0.7,0,0
519,0.15509586849337254,15.51,Low,Moderate,Monitor,0,386,53,OH,250/500,500,1078.65,0,MALE,JD,craft-repair,camping,not-in-family,36800,0,Single Vehicle Collision,Front Collision,Minor Damage,Police,WV,Northbend,16,1,,2,3,YES,66660,12120,6060,48480,Honda,Civic,2006,2629,61.79947156167431,0.1818181818181818,0.0909090909090909,0.7272727272727273,0,0
520,0.15433569769088915,15.43,Low,Moderate,Monitor,0,231,43,IL,250/500,2000,972.47,0,MALE,College,protective-serv,reading,wife,0,-58100,Multi-vehicle Collision,Front Collision,Minor Damage,Police,PA,Hillsdale,15,3,YES,2,2,YES,77100,7710,15420,53970,Audi,A3,2010,3151,79.28265139284503,0.1,0.2,0.7,0,1
521,0.153916746937009,15.39,Low,Moderate,Monitor,0,275,40,OH,250/500,2000,1190.6,0,MALE,Masters,exec-managerial,camping,unmarried,0,-45300,Single Vehicle Collision,Rear Collision,Minor Damage,Fire,OH,Riverwood,17,1,,1,3,YES,43230,7860,7860,27510,Chevrolet,Silverado,2001,8448,36.30942381992273,0.1818181818181818,0.1818181818181818,0.6363636363636364,0,0
522,0.15381064206670242,15.38,Low,Moderate,Monitor,0,271,42,IL,100/300,500,1515.3,0,FEMALE,High School,machine-op-inspct,hiking,not-in-family,0,0,Multi-vehicle Collision,Rear Collision,Total Loss,Ambulance,SC,Northbend,21,3,NO,1,0,NO,93720,17040,8520,68160,Mercedes,ML350,2005,9074,61.84913878439913,0.1818181818181818,0.0909090909090909,0.7272727272727273,0,1
523,0.1533318338968838,15.33,Low,Moderate,Monitor,0,475,57,OH,100/300,500,1216.56,0,MALE,Masters,adm-clerical,skydiving,own-child,67400,-83200,Single Vehicle Collision,Front Collision,Minor Damage,Police,SC,Hillsdale,20,1,,0,2,NO,78000,6500,13000,58500,Suburu,Forrestor,2000,7287,64.11521010061156,0.0833333333333333,0.1666666666666666,0.75,0,0
524,0.1525616640567129,15.26,Low,Moderate,Monitor,0,244,40,IN,500/1000,2000,1304.67,7000000,MALE,Masters,armed-forces,base-jumping,other-relative,0,-45000,Multi-vehicle Collision,Side Collision,Minor Damage,Police,SC,Hillsdale,5,3,,1,1,,61490,5590,11180,44720,Dodge,RAM,2001,5631,47.13069205239639,0.0909090909090909,0.1818181818181818,0.7272727272727273,1,1
525,0.15155007866754713,15.16,Low,Moderate,Monitor,0,162,35,IL,500/1000,2000,1124.69,0,FEMALE,Masters,handlers-cleaners,bungie-jumping,husband,0,0,Single Vehicle Collision,Side Collision,Major Damage,Police,WV,Arlington,14,1,YES,0,3,YES,54340,9880,4940,39520,Toyota,Camry,2001,5394,48.31553583654162,0.1818181818181818,0.0909090909090909,0.7272727272727273,0,0
526,0.15084862722078787,15.08,Low,Moderate,Monitor,0,134,29,OH,100/300,2000,1413.14,5000000,FEMALE,PhD,sales,board-games,own-child,35100,0,Multi-vehicle Collision,Rear Collision,Minor Damage,Police,NY,Columbus,7,3,NO,2,3,NO,34650,7700,3850,23100,Dodge,RAM,2007,5282,24.51986356624255,0.2222222222222222,0.1111111111111111,0.6666666666666666,0,1
527,0.15031194057854524,15.03,Low,Moderate,Monitor,0,101,27,IL,250/500,1000,433.33,0,MALE,Masters,machine-op-inspct,golf,other-relative,25900,0,Parked Car,,Minor Damage,,SC,Hillsdale,7,1,,0,3,NO,5900,1180,590,4130,Mercedes,E400,2009,2883,13.615489349918075,0.2,0.1,0.7,0,0
528,0.14800182123403902,14.8,Low,Moderate,Monitor,0,154,36,IL,250/500,2000,1313.51,7000000,FEMALE,Masters,exec-managerial,dancing,own-child,68500,0,Vehicle Theft,,Trivial Damage,,SC,Northbrook,9,1,,2,0,,2800,280,280,2240,Volkswagen,Passat,2015,4066,2.131692944857672,0.1,0.1,0.8,0,0
529,0.14689625052345842,14.69,Low,Moderate,Monitor,0,94,32,IN,500/1000,1000,1414.74,0,FEMALE,Masters,adm-clerical,hiking,own-child,0,0,Parked Car,,Minor Damage,,VA,Riverwood,19,1,NO,1,3,NO,2400,300,300,1800,Chevrolet,Silverado,2014,7067,1.6964247847661054,0.125,0.125,0.75,0,0
530,0.1466155818274339,14.66,Low,Moderate,Monitor,0,176,36,OH,250/500,500,1865.83,5000000,MALE,College,transport-moving,kayaking,unmarried,32800,-50600,Single Vehicle Collision,Rear Collision,Total Loss,Police,WV,Hillsdale,17,1,,2,1,YES,47300,4300,8600,34400,Volkswagen,Jetta,2006,7258,25.350648236977648,0.0909090909090909,0.1818181818181818,0.7272727272727273,0,0
531,0.1455986219259826,14.56,Low,Moderate,Monitor,0,150,30,IN,100/300,1000,1677.26,0,MALE,College,sales,yachting,own-child,40100,0,Vehicle Theft,,Trivial Damage,Police,WV,Springfield,7,1,YES,1,3,YES,4590,510,510,3570,Volkswagen,Jetta,2013,7609,2.73660613142864,0.1111111111111111,0.1111111111111111,0.7777777777777778,0,0
532,0.14500991960726534,14.5,Low,Moderate,Monitor,0,284,48,OH,250/500,1000,1168.8,0,FEMALE,JD,tech-support,movies,other-relative,0,-42400,Single Vehicle Collision,Side Collision,Total Loss,Other,NY,Northbrook,11,1,,0,3,YES,35750,6500,3250,26000,Mercedes,E400,2001,8765,30.586926762491444,0.1818181818181818,0.0909090909090909,0.7272727272727273,0,0
533,0.14386855662874382,14.39,Low,Moderate,Monitor,0,229,37,IN,500/1000,1000,1331.94,0,FEMALE,Masters,farming-fishing,base-jumping,not-in-family,0,-55400,Single Vehicle Collision,Rear Collision,Total Loss,Other,NY,Columbus,17,1,NO,0,2,YES,54560,9920,9920,34720,Saab,95,2004,7289,40.96280613240837,0.1818181818181818,0.1818181818181818,0.6363636363636364,0,0
534,0.14240614237169846,14.24,Low,Moderate,Monitor,0,303,50,OH,100/300,500,793.15,0,MALE,MD,tech-support,board-games,own-child,54600,-45500,Multi-vehicle Collision,Front Collision,Total Loss,Other,WV,Hillsdale,17,3,NO,0,3,NO,81960,13660,13660,54640,Dodge,Neon,2008,4768,103.334804261489,0.1666666666666666,0.1666666666666666,0.6666666666666666,0,1
535,0.14181719533697232,14.18,Low,Moderate,Monitor,0,252,39,IN,250/500,1000,1086.21,0,MALE,JD,farming-fishing,hiking,unmarried,68500,-57500,Single Vehicle Collision,Side Collision,Minor Damage,Police,SC,Springfield,18,1,,1,2,,50490,5610,5610,39270,Nissan,Maxima,2001,3294,46.48272433507333,0.1111111111111111,0.1111111111111111,0.7777777777777778,0,0
536,0.14164872247061291,14.16,Low,Moderate,Monitor,0,96,26,OH,250/500,2000,1509.04,0,FEMALE,Associate,prof-specialty,bungie-jumping,husband,10000,0,Single Vehicle Collision,Front Collision,Total Loss,Ambulance,SC,Riverwood,9,1,YES,2,3,NO,78320,7120,14240,56960,Saab,92x,2007,3412,51.9005460425171,0.0909090909090909,0.1818181818181818,0.7272727272727273,0,0
537,0.14131784541282189,14.13,Low,Moderate,Monitor,0,130,30,IL,500/1000,2000,1193.4,0,MALE,PhD,exec-managerial,bungie-jumping,own-child,0,-40800,Multi-vehicle Collision,Side Collision,Total Loss,Other,SC,Columbus,16,3,NO,2,3,,48950,8900,4450,35600,Suburu,Legacy,2005,890,41.0172616054969,0.1818181818181818,0.0909090909090909,0.7272727272727273,0,1
538,0.14017392222853425,14.02,Low,Moderate,Monitor,0,73,30,OH,100/300,500,803.36,0,FEMALE,High School,protective-serv,reading,husband,0,0,Multi-vehicle Collision,Rear Collision,Total Loss,Other,WV,Springfield,15,3,,0,0,YES,57000,0,11400,45600,Audi,A3,2013,2117,70.95200159330811,0.0,0.2,0.8,0,1
539,0.13938849960231134,13.94,Low,Moderate,Monitor,0,261,45,IL,250/500,1000,1254.18,0,FEMALE,PhD,prof-specialty,kayaking,other-relative,0,-45100,Single Vehicle Collision,Rear Collision,Minor Damage,Fire,SC,Columbus,16,1,YES,0,1,,62590,11380,11380,39830,Volkswagen,Jetta,2003,3495,49.90511728778963,0.1818181818181818,0.1818181818181818,0.6363636363636364,0,0
540,0.1381776941934677,13.82,Low,Moderate,Monitor,0,208,36,OH,100/300,2000,1209.41,5000000,MALE,JD,machine-op-inspct,base-jumping,wife,0,0,Multi-vehicle Collision,Side Collision,Total Loss,Other,NY,Columbus,15,3,YES,0,1,,62810,11420,11420,39970,Nissan,Ultima,1999,7071,51.93441430118818,0.1818181818181818,0.1818181818181818,0.6363636363636364,0,1
541,0.1380704877555624,13.81,Low,Moderate,Monitor,0,122,29,OH,250/500,1000,1629.94,0,FEMALE,Masters,priv-house-serv,skydiving,other-relative,0,-47100,Parked Car,,Trivial Damage,,SC,Riverwood,17,1,,0,1,NO,3850,350,350,3150,Dodge,Neon,2014,8474,2.362050136814852,0.0909090909090909,0.0909090909090909,0.8181818181818182,0,0
542,0.13752753278373564,13.75,Low,Moderate,Monitor,0,204,38,IL,100/300,2000,1124.47,0,FEMALE,MD,tech-support,kayaking,wife,0,-45100,Single Vehicle Collision,Side Collision,Total Loss,Ambulance,SC,Northbrook,5,1,NO,0,1,,90530,16460,16460,57610,Ford,F150,2003,5204,80.50903981431252,0.1818181818181818,0.1818181818181818,0.6363636363636364,1,0
543,0.13737986165694954,13.74,Low,Moderate,Monitor,0,233,39,OH,500/1000,2000,1524.18,0,MALE,JD,craft-repair,reading,unmarried,0,0,Multi-vehicle Collision,Rear Collision,Minor Damage,Fire,SC,Northbrook,20,3,,1,0,YES,48870,5430,5430,38010,Saab,95,1999,5119,32.06314214856513,0.1111111111111111,0.1111111111111111,0.7777777777777778,0,1
544,0.13580122811330203,13.58,Low,Moderate,Monitor,0,259,44,OH,250/500,2000,1655.79,0,FEMALE,Masters,exec-managerial,exercise,husband,0,0,Single Vehicle Collision,Front Collision,Minor Damage,Other,NY,Northbend,8,1,YES,0,0,YES,105820,16280,16280,73260,Audi,A3,2002,6854,63.90907059470102,0.1538461538461538,0.1538461538461538,0.6923076923076923,0,0
545,0.1325940957748724,13.26,Low,Moderate,Monitor,0,77,27,IN,500/1000,2000,966.26,0,FEMALE,High School,adm-clerical,base-jumping,own-child,56400,-32800,Multi-vehicle Collision,Front Collision,Minor Damage,Ambulance,NY,Springfield,1,3,YES,0,0,,67200,6720,6720,53760,Volkswagen,Passat,1995,5784,69.54649887193924,0.1,0.1,0.8,1,1
546,0.13248436913342385,13.25,Low,Moderate,Monitor,0,210,37,IN,500/1000,2000,1048.46,0,MALE,High School,priv-house-serv,skydiving,not-in-family,59900,0,Vehicle Theft,,Trivial Damage,,OH,Columbus,9,1,,1,2,,7080,1180,590,5310,Dodge,RAM,1999,3075,6.7527611926062985,0.1666666666666666,0.0833333333333333,0.75,0,0
547,0.13188157718184204,13.19,Low,Moderate,Monitor,0,83,24,IN,500/1000,1000,1070.63,0,FEMALE,High School,machine-op-inspct,board-games,unmarried,0,0,Multi-vehicle Collision,Front Collision,Total Loss,Fire,NY,Arlington,0,3,,0,1,NO,61600,6160,12320,43120,Honda,CRV,2003,3337,57.53621699373266,0.1,0.2,0.7,1,1
548,0.13145136479102842,13.15,Low,Moderate,Monitor,0,165,33,OH,100/300,1000,1427.14,0,FEMALE,Associate,tech-support,kayaking,other-relative,35300,-58100,Parked Car,,Minor Damage,Police,WV,Northbend,3,1,NO,1,1,NO,2970,330,330,2310,Toyota,Highlander,2008,2884,2.0810852474179127,0.1111111111111111,0.1111111111111111,0.7777777777777778,1,0
549,0.13090182540840614,13.09,Low,Moderate,Monitor,0,90,31,OH,250/500,2000,951.27,0,FEMALE,PhD,other-service,hiking,not-in-family,42100,0,Single Vehicle Collision,Rear Collision,Total Loss,Other,SC,Hillsdale,2,1,YES,1,0,YES,75790,13780,6890,55120,Accura,RSX,2007,8962,79.67243789880897,0.1818181818181818,0.0909090909090909,0.7272727272727273,1,0
550,0.13028964634279822,13.03,Low,Moderate,Monitor,0,222,38,IN,100/300,2000,1157.97,0,MALE,MD,machine-op-inspct,hiking,not-in-family,0,-64500,Single Vehicle Collision,Front Collision,Total Loss,Police,NY,Hillsdale,20,1,,2,2,YES,60480,6720,6720,47040,Accura,TL,2001,2441,52.22933236612347,0.1111111111111111,0.1111111111111111,0.7777777777777778,0,0
551,0.13017845542511858,13.02,Low,Moderate,Monitor,0,343,48,IN,250/500,500,1451.54,3000000,MALE,JD,adm-clerical,hiking,husband,0,0,Multi-vehicle Collision,Side Collision,Total Loss,Police,SC,Riverwood,13,4,NO,2,3,NO,65070,7230,14460,43380,Mercedes,C300,2003,1892,44.82825137440236,0.1111111111111111,0.2222222222222222,0.6666666666666666,0,1
552,0.1295828633778587,12.96,Low,Moderate,Monitor,0,217,39,IN,100/300,1000,1530.52,0,MALE,College,armed-forces,basketball,not-in-family,0,0,Vehicle Theft,,Minor Damage,,WV,Northbend,8,1,,2,1,YES,4300,430,430,3440,Toyota,Corolla,2000,4648,2.8095026526932023,0.1,0.1,0.8,0,0
553,0.12942806701848367,12.94,Low,Moderate,Monitor,0,192,38,IN,500/1000,1000,1281.43,0,FEMALE,Masters,transport-moving,skydiving,not-in-family,65100,-50300,Multi-vehicle Collision,Rear Collision,Total Loss,Other,SC,Northbend,10,3,,0,2,NO,30700,3070,6140,21490,Jeep,Wrangler,2010,1435,23.957609857737054,0.1,0.2,0.7,0,1
554,0.1292996962399186,12.93,Low,Moderate,Monitor,0,34,24,IN,500/1000,2000,1550.53,0,FEMALE,MD,armed-forces,dancing,own-child,0,-27700,Parked Car,,Trivial Damage,,VA,Hillsdale,20,1,YES,0,1,,3960,660,660,2640,Audi,A3,1998,1324,2.553965418276331,0.1666666666666666,0.1666666666666666,0.6666666666666666,0,0
555,0.12915248365171514,12.92,Low,Moderate,Monitor,0,69,24,IN,500/1000,500,1418.5,0,FEMALE,High School,armed-forces,yachting,other-relative,0,0,Multi-vehicle Collision,Rear Collision,Minor Damage,Police,NY,Springfield,23,3,,0,0,NO,63300,12660,6330,44310,Dodge,RAM,2012,8265,44.62460345435319,0.2,0.1,0.7,1,1
556,0.12910736837723855,12.91,Low,Moderate,Monitor,0,173,36,OH,250/500,1000,1274.63,0,MALE,College,machine-op-inspct,basketball,unmarried,51000,0,Single Vehicle Collision,Rear Collision,Total Loss,Fire,SC,Springfield,22,1,YES,2,3,NO,52030,9460,9460,33110,Accura,MDX,1995,2731,40.819688850882216,0.1818181818181818,0.1818181818181818,0.6363636363636364,0,0
557,0.12895655016658295,12.9,Low,Moderate,Monitor,0,380,53,IL,250/500,2000,1166.62,6000000,MALE,Associate,priv-house-serv,bungie-jumping,wife,0,0,Parked Car,,Trivial Damage,Police,NC,Northbend,23,1,NO,0,3,NO,5700,570,570,4560,Saab,93,2001,1371,4.88590972210317,0.1,0.1,0.8,1,0
558,0.12753119202980734,12.75,Low,Moderate,Monitor,0,75,27,IN,250/500,1000,1202.75,0,MALE,High School,handlers-cleaners,board-games,not-in-family,57900,-90100,Multi-vehicle Collision,Front Collision,Minor Damage,Police,SC,Northbrook,23,3,NO,0,2,YES,79560,6630,13260,59670,Volkswagen,Passat,2003,8204,66.14840989399293,0.0833333333333333,0.1666666666666666,0.75,1,1
559,0.12681402083225884,12.68,Low,Moderate,Monitor,0,1,29,OH,500/1000,500,854.58,0,FEMALE,JD,craft-repair,paintball,other-relative,52200,0,Single Vehicle Collision,Side Collision,Minor Damage,Police,SC,Northbrook,15,1,,2,3,YES,86790,7890,23670,55230,Honda,CRV,2003,3144,101.5586603945798,0.0909090909090909,0.2727272727272727,0.6363636363636364,0,0
560,0.12673470517322774,12.67,Low,Moderate,Monitor,0,242,41,OH,250/500,2000,1153.54,6000000,MALE,Masters,protective-serv,polo,unmarried,0,-57000,Multi-vehicle Collision,Rear Collision,Minor Damage,Fire,NY,Northbrook,3,3,NO,0,1,,68090,12380,12380,43330,Toyota,Corolla,2009,8899,59.02699516271651,0.1818181818181818,0.1818181818181818,0.6363636363636364,1,1
561,0.12659560203907716,12.66,Low,Moderate,Monitor,0,278,48,IN,500/1000,2000,1142.62,7000000,FEMALE,MD,farming-fishing,dancing,not-in-family,0,-54000,Single Vehicle Collision,Front Collision,Total Loss,Ambulance,SC,Northbrook,12,1,,2,0,,76050,11700,11700,52650,Chevrolet,Silverado,1997,5655,66.55756069384398,0.1538461538461538,0.1538461538461538,0.6923076923076923,0,0
562,0.12371308532194632,12.37,Low,Moderate,Monitor,0,47,34,IL,500/1000,500,1161.31,0,FEMALE,PhD,exec-managerial,base-jumping,other-relative,64800,-24300,Single Vehicle Collision,Front Collision,Minor Damage,Police,SC,Springfield,23,1,YES,1,3,,62920,11440,5720,45760,Chevrolet,Malibu,2012,4025,54.18019305783986,0.1818181818181818,0.0909090909090909,0.7272727272727273,1,0
563,0.12369207971116028,12.37,Low,Moderate,Monitor,0,166,34,OH,100/300,1000,1083.72,0,FEMALE,High School,machine-op-inspct,base-jumping,wife,65600,-68200,Single Vehicle Collision,Side Collision,Total Loss,Other,NY,Columbus,18,1,NO,0,2,YES,53680,4880,4880,43920,Honda,CRV,2005,129,49.533089727974016,0.0909090909090909,0.0909090909090909,0.8181818181818182,0,0
564,0.12349282971264429,12.35,Low,Moderate,Monitor,0,95,28,OH,250/500,1000,773.99,0,MALE,Associate,armed-forces,board-games,other-relative,0,-70300,Vehicle Theft,,Trivial Damage,,PA,Springfield,3,1,YES,1,2,NO,3200,640,320,2240,Mercedes,E400,2014,8825,4.134420341348079,0.2,0.1,0.7,1,0
565,0.12337081259324865,12.34,Low,Moderate,Monitor,0,212,39,OH,100/300,1000,1255.35,0,FEMALE,JD,protective-serv,skydiving,not-in-family,60300,-58900,Multi-vehicle Collision,Rear Collision,Total Loss,Ambulance,NY,Riverwood,22,2,NO,0,3,YES,59300,11860,5930,41510,Dodge,RAM,2008,1795,47.237822121320754,0.2,0.1,0.7,0,1
566,0.12261211489219616,12.26,Low,Moderate,Monitor,0,143,30,IN,100/300,500,1392.39,5000000,FEMALE,High School,exec-managerial,dancing,unmarried,0,-65700,Single Vehicle Collision,Rear Collision,Minor Damage,Fire,SC,Riverwood,16,1,NO,2,0,YES,54300,10860,5430,38010,Toyota,Highlander,2010,8446,38.99769461142352,0.2,0.1,0.7,0,0
567,0.12254624623478476,12.25,Low,Moderate,Monitor,0,286,43,IL,100/300,500,1564.43,3000000,FEMALE,MD,prof-specialty,movies,unmarried,77500,-32800,Single Vehicle Collision,Rear Collision,Minor Damage,Fire,NY,Northbrook,18,1,,2,2,YES,34290,3810,3810,26670,Jeep,Grand Cherokee,2013,7665,21.918526236392808,0.1111111111111111,0.1111111111111111,0.7777777777777778,0,0
568,0.12206176732924177,12.21,Low,Moderate,Monitor,0,255,41,IL,500/1000,2000,1167.3,4000000,MALE,High School,priv-house-serv,board-games,other-relative,0,0,Single Vehicle Collision,Side Collision,Minor Damage,Fire,SC,Hillsdale,22,1,NO,2,0,,69300,13860,13860,41580,Volkswagen,Passat,2000,775,59.36777178103316,0.2,0.2,0.6,0,0
569,0.12185781773219083,12.19,Low,Moderate,Monitor,0,200,34,IN,250/500,1000,828.42,3000000,FEMALE,College,prof-specialty,basketball,other-relative,0,0,Single Vehicle Collision,Front Collision,Total Loss,Police,NY,Arlington,10,1,,2,2,NO,56000,5600,5600,44800,Chevrolet,Malibu,2009,4782,67.59856111634195,0.1,0.1,0.8,0,0
570,0.12125486604867042,12.13,Low,Moderate,Monitor,0,149,37,IL,500/1000,500,1415.68,0,MALE,PhD,prof-specialty,yachting,own-child,0,0,Single Vehicle Collision,Side Collision,Total Loss,Fire,WV,Hillsdale,17,1,YES,0,1,YES,64800,10800,5400,48600,Audi,A3,1999,8796,45.773056057866185,0.1666666666666666,0.0833333333333333,0.75,0,0
571,0.12080154138746466,12.08,Low,Moderate,Monitor,0,195,39,OH,250/500,1000,1393.57,0,MALE,PhD,machine-op-inspct,movies,not-in-family,47600,-39600,Parked Car,,Minor Damage,Police,VA,Northbend,5,1,NO,0,1,YES,2640,480,480,1680,Ford,F150,2009,194,1.8944150634700805,0.1818181818181818,0.1818181818181818,0.6363636363636364,1,0
572,0.12065664725466749,12.07,Low,Moderate,Monitor,0,370,55,IN,500/1000,2000,1389.13,7000000,MALE,JD,other-service,basketball,wife,0,-53200,Vehicle Theft,,Minor Damage,,NC,Northbrook,6,1,,0,2,,9000,900,1800,6300,Mercedes,ML350,2015,787,6.4788752672536045,0.1,0.2,0.7,0,0
573,0.12052976881079372,12.05,Low,Moderate,Monitor,0,233,37,IL,100/300,2000,1603.42,0,FEMALE,High School,sales,video-games,wife,61600,-30200,Single Vehicle Collision,Front Collision,Total Loss,Fire,NY,Columbus,17,1,YES,0,2,YES,80520,13420,6710,60390,Toyota,Corolla,2005,8496,50.2176597522795,0.1666666666666666,0.0833333333333333,0.75,0,0
574,0.120412238013066,12.04,Low,Moderate,Monitor,0,108,32,OH,500/1000,2000,1257.0,4000000,FEMALE,High School,machine-op-inspct,basketball,unmarried,63900,-43700,Single Vehicle Collision,Front Collision,Total Loss,Other,WV,Northbrook,23,1,NO,1,3,NO,61270,5570,11140,44560,Suburu,Legacy,1999,3048,48.74303898170247,0.0909090909090909,0.1818181818181818,0.7272727272727273,1,0
575,0.11990914320320527,11.99,Low,Moderate,Monitor,0,211,37,OH,250/500,2000,1295.63,4000000,FEMALE,PhD,armed-forces,skydiving,not-in-family,42200,-33800,Multi-vehicle Collision,Front Collision,Total Loss,Police,WV,Northbend,22,3,YES,1,0,,53460,5940,5940,41580,Honda,CRV,2009,1485,41.26177998348294,0.1111111111111111,0.1111111111111111,0.7777777777777778,0,1
576,0.11978777739449102,11.98,Low,Moderate,Monitor,0,100,33,OH,250/500,500,1124.59,6000000,MALE,College,adm-clerical,golf,not-in-family,67300,0,Single Vehicle Collision,Rear Collision,Minor Damage,Other,NC,Columbus,4,1,NO,1,2,NO,40800,6800,6800,27200,BMW,X5,2004,3602,36.27988867053771,0.1666666666666666,0.1666666666666666,0.6666666666666666,1,0
577,0.1186587682152288,11.87,Low,Moderate,Monitor,0,192,40,IL,100/300,1000,1405.99,0,FEMALE,Associate,sales,yachting,wife,0,0,Multi-vehicle Collision,Side Collision,Minor Damage,Ambulance,VA,Springfield,18,3,YES,1,0,YES,42930,9540,4770,28620,BMW,X6,2005,3972,30.53364533175912,0.2222222222222222,0.1111111111111111,0.6666666666666666,0,1
578,0.11818494798058618,11.82,Low,Moderate,Monitor,0,350,50,OH,500/1000,500,889.13,0,FEMALE,Masters,priv-house-serv,board-games,other-relative,0,0,Multi-vehicle Collision,Rear Collision,Total Loss,Police,PA,Northbend,14,3,NO,0,2,NO,44190,9820,4910,29460,Audi,A3,2015,3527,49.70026880208744,0.2222222222222222,0.1111111111111111,0.6666666666666666,0,1
579,0.11812716839252164,11.81,Low,Moderate,Monitor,0,111,27,IN,250/500,500,1363.77,4000000,FEMALE,Masters,tech-support,exercise,husband,51100,0,Single Vehicle Collision,Side Collision,Total Loss,Police,VA,Springfield,12,1,YES,2,3,NO,90970,16540,16540,57890,Accura,RSX,2009,2204,66.70479626329953,0.1818181818181818,0.1818181818181818,0.6363636363636364,0,0
580,0.11791666017410031,11.79,Low,Moderate,Monitor,0,211,35,OH,100/300,2000,1221.22,0,MALE,Masters,machine-op-inspct,camping,other-relative,76000,0,Single Vehicle Collision,Rear Collision,Total Loss,Police,NY,Northbend,2,1,YES,0,1,,52030,9460,4730,37840,Mercedes,E400,2008,6163,42.604936047559,0.1818181818181818,0.0909090909090909,0.7272727272727273,1,0
581,0.11690831099293994,11.69,Low,Moderate,Monitor,0,126,28,IN,250/500,500,1508.9,0,FEMALE,JD,machine-op-inspct,skydiving,other-relative,0,0,Multi-vehicle Collision,Rear Collision,Total Loss,Police,WV,Northbend,3,4,NO,0,1,,67800,11300,11300,45200,Ford,F150,2011,8397,44.93339518854795,0.1666666666666666,0.1666666666666666,0.6666666666666666,1,1
582,0.11552972847250101,11.55,Low,Moderate,Monitor,0,160,37,OH,500/1000,500,1374.22,0,FEMALE,MD,craft-repair,yachting,other-relative,45500,-37800,Single Vehicle Collision,Side Collision,Total Loss,Other,NY,Northbrook,19,1,YES,1,0,NO,72930,6630,13260,53040,Accura,TL,2015,22,53.070105223326685,0.0909090909090909,0.1818181818181818,0.7272727272727273,0,0
583,0.11525961668294915,11.53,Low,Moderate,Monitor,0,216,36,IN,500/1000,1000,1152.4,0,FEMALE,Associate,priv-house-serv,reading,unmarried,39600,-82400,Parked Car,,Minor Damage,Police,VA,Springfield,0,1,YES,2,3,,6160,560,1680,3920,Mercedes,E400,2014,8111,5.345366192294342,0.0909090909090909,0.2727272727272727,0.6363636363636364,1,0
584,0.11521065248915752,11.52,Low,Moderate,Monitor,0,328,49,OH,500/1000,500,1434.51,0,FEMALE,Masters,transport-moving,bungie-jumping,wife,0,0,Single Vehicle Collision,Rear Collision,Total Loss,Police,NY,Riverwood,19,1,,0,2,YES,71440,8930,8930,53580,Mercedes,ML350,2005,4893,49.80097733720922,0.125,0.125,0.75,0,0
585,0.11481318846213921,11.48,Low,Moderate,Monitor,0,254,40,IL,250/500,500,1390.89,5000000,MALE,College,armed-forces,bungie-jumping,wife,0,-74400,Single Vehicle Collision,Front Collision,Minor Damage,Other,NY,Riverwood,23,1,,2,2,,53460,9720,4860,38880,Volkswagen,Jetta,2009,7251,38.43582166814054,0.1818181818181818,0.0909090909090909,0.7272727272727273,1,0
586,0.1139331628780009,11.39,Low,Moderate,Monitor,0,191,33,OH,500/1000,2000,1551.61,0,MALE,High School,armed-forces,movies,unmarried,45000,-30400,Vehicle Theft,,Minor Damage,,WV,Arlington,3,1,YES,1,1,NO,2250,250,250,1750,Toyota,Corolla,2005,2553,1.4501066634012414,0.1111111111111111,0.1111111111111111,0.7777777777777778,1,0
587,0.11326588693828477,11.33,Low,Moderate,Monitor,0,122,34,IL,250/500,500,1495.06,0,FEMALE,Masters,prof-specialty,polo,unmarried,38100,-31400,Multi-vehicle Collision,Rear Collision,Total Loss,Fire,PA,Columbus,18,3,NO,2,0,YES,99990,18180,18180,63630,Mercedes,E400,2011,4169,66.88025898626142,0.1818181818181818,0.1818181818181818,0.6363636363636364,0,1
588,0.11212694225395198,11.21,Low,Moderate,Monitor,0,165,37,IL,100/300,1000,1137.03,0,MALE,Associate,tech-support,base-jumping,unmarried,0,0,Multi-vehicle Collision,Front Collision,Total Loss,Police,VA,Columbus,23,3,,2,2,YES,51590,9380,9380,32830,Audi,A5,2015,9155,45.37259351116506,0.1818181818181818,0.1818181818181818,0.6363636363636364,1,1
589,0.11195735285374218,11.2,Low,Moderate,Monitor,0,101,33,IL,500/1000,1000,1313.64,0,FEMALE,College,priv-house-serv,board-games,unmarried,12100,0,Parked Car,,Trivial Damage,,NY,Hillsdale,3,1,YES,1,0,NO,4290,780,390,3120,Audi,A3,1997,8561,3.2657349045400563,0.1818181818181818,0.0909090909090909,0.7272727272727273,1,0
590,0.11192927252762483,11.19,Low,Moderate,Monitor,0,436,60,IN,250/500,500,1362.31,0,MALE,High School,prof-specialty,bungie-jumping,wife,67600,-65300,Single Vehicle Collision,Front Collision,Minor Damage,Ambulance,VA,Arlington,16,1,NO,0,2,NO,82060,14920,7460,59680,Saab,93,2005,8309,60.23592280758418,0.1818181818181818,0.0909090909090909,0.7272727272727273,0,0
591,0.11076552660111859,11.08,Low,Moderate,Monitor,0,230,44,IN,250/500,2000,1009.37,0,FEMALE,College,prof-specialty,hiking,other-relative,45400,-39400,Single Vehicle Collision,Front Collision,Total Loss,Fire,SC,Riverwood,19,1,NO,0,2,YES,74140,13480,13480,47180,BMW,X5,2015,5349,73.45175703656736,0.1818181818181818,0.1818181818181818,0.6363636363636364,0,0
592,0.11066411996813756,11.07,Low,Moderate,Monitor,0,237,40,IN,100/300,1000,883.31,0,MALE,College,craft-repair,kayaking,husband,0,-53500,Single Vehicle Collision,Rear Collision,Minor Damage,Other,VA,Riverwood,6,1,NO,1,3,NO,77880,7080,14160,56640,Ford,Escape,2005,6962,88.16836671157351,0.0909090909090909,0.1818181818181818,0.7272727272727273,0,0
593,0.10849861811516927,10.85,Low,Moderate,Monitor,0,91,26,IL,250/500,1000,1022.46,0,FEMALE,Associate,armed-forces,video-games,other-relative,52700,0,Multi-vehicle Collision,Front Collision,Minor Damage,Other,SC,Arlington,15,3,,0,2,,74200,7420,7420,59360,Jeep,Wrangler,1996,5606,72.57007609099622,0.1,0.1,0.8,0,1
594,0.10842692230443648,10.84,Low,Moderate,Monitor,0,260,43,IN,100/300,500,982.22,0,FEMALE,JD,exec-managerial,skydiving,not-in-family,54500,-72100,Single Vehicle Collision,Front Collision,Total Loss,Fire,NY,Riverwood,18,1,,1,0,,75400,15080,7540,52780,Honda,CRV,2011,2080,76.76487955855103,0.2,0.1,0.7,0,0
595,0.10822279645453674,10.82,Low,Moderate,Monitor,0,256,42,IL,500/1000,1000,1286.44,0,FEMALE,MD,transport-moving,bungie-jumping,wife,0,-39500,Single Vehicle Collision,Rear Collision,Minor Damage,Police,WV,Northbend,14,1,NO,2,1,,75500,7550,15100,52850,Nissan,Ultima,1998,8322,58.68909548832436,0.1,0.2,0.7,0,0
596,0.10821458646750332,10.82,Low,Moderate,Monitor,0,204,40,OH,250/500,1000,1693.83,7000000,MALE,High School,protective-serv,polo,other-relative,44000,-20800,Single Vehicle Collision,Front Collision,Minor Damage,Police,NY,Northbrook,6,1,,1,0,,53400,5340,5340,42720,Honda,CRV,2003,8312,31.52618621703477,0.1,0.1,0.8,0,0
597,0.10785133606324275,10.79,Low,Moderate,Monitor,0,107,31,IL,500/1000,2000,1374.22,0,FEMALE,PhD,machine-op-inspct,bungie-jumping,other-relative,62000,-63100,Single Vehicle Collision,Rear Collision,Minor Damage,Police,SC,Hillsdale,16,1,NO,0,3,NO,51260,9320,9320,32620,Suburu,Legacy,2002,8779,37.30115993072434,0.1818181818181818,0.1818181818181818,0.6363636363636364,0,0
598,0.10776968734373099,10.78,Low,Moderate,Monitor,0,133,30,IN,500/1000,1000,1231.01,0,MALE,College,adm-clerical,board-games,husband,0,-31700,Multi-vehicle Collision,Front Collision,Minor Damage,Fire,SC,Riverwood,19,3,NO,1,2,,28440,3160,3160,22120,Dodge,Neon,2007,3420,23.10298047944371,0.1111111111111111,0.1111111111111111,0.7777777777777778,0,1
599,0.10766473658181772,10.77,Low,Moderate,Monitor,0,324,46,IN,100/300,2000,897.89,6000000,MALE,MD,tech-support,board-games,wife,0,-41300,Single Vehicle Collision,Rear Collision,Minor Damage,Other,PA,Hillsdale,13,1,,1,0,YES,79600,15920,15920,47760,Jeep,Wrangler,2011,1782,88.65228480103353,0.2,0.2,0.6,0,0
600,0.1071502225024415,10.72,Low,Moderate,Monitor,0,219,39,IN,250/500,2000,1281.07,7000000,FEMALE,High School,protective-serv,board-games,unmarried,0,0,Parked Car,,Trivial Damage,Police,NY,Springfield,6,1,NO,0,2,NO,5920,740,740,4440,Chevrolet,Malibu,2015,2825,4.621137018273787,0.125,0.125,0.75,0,0
601,0.10554825894775084,10.55,Low,Moderate,Monitor,0,277,46,IL,250/500,2000,1177.57,0,FEMALE,Associate,adm-clerical,video-games,husband,0,-65500,Vehicle Theft,,Minor Damage,Police,VA,Arlington,4,1,,2,3,NO,3870,430,860,2580,Jeep,Wrangler,2010,8113,3.2864288322562567,0.1111111111111111,0.2222222222222222,0.6666666666666666,1,0
602,0.10527511433195248,10.53,Low,Moderate,Monitor,0,276,46,IL,250/500,500,1448.84,0,FEMALE,Masters,machine-op-inspct,bungie-jumping,husband,0,-50000,Parked Car,,Trivial Damage,Police,SC,Hillsdale,7,1,,0,1,NO,5940,660,660,4620,Toyota,Highlander,2015,3616,4.099831589409459,0.1111111111111111,0.1111111111111111,0.7777777777777778,0,0
603,0.10527470293284592,10.53,Low,Moderate,Monitor,0,295,46,IN,250/500,500,1265.84,0,FEMALE,JD,prof-specialty,paintball,own-child,52200,-44500,Vehicle Theft,,Minor Damage,,VA,Arlington,10,1,YES,1,3,YES,4560,760,380,3420,Nissan,Pathfinder,2007,1868,3.6023510080262917,0.1666666666666666,0.0833333333333333,0.75,0,0
604,0.10473609089539665,10.47,Low,Moderate,Monitor,0,138,33,IL,250/500,500,1362.87,5000000,FEMALE,JD,exec-managerial,paintball,own-child,56900,-56900,Single Vehicle Collision,Side Collision,Minor Damage,Other,NY,Springfield,6,1,NO,2,0,,95810,14740,14740,66330,BMW,X5,2007,6611,70.30017536522193,0.1538461538461538,0.1538461538461538,0.6923076923076923,0,0
605,0.1028687742387844,10.29,Low,Moderate,Monitor,0,158,33,OH,100/300,1000,1744.64,3000000,MALE,JD,prof-specialty,movies,unmarried,0,0,Multi-vehicle Collision,Rear Collision,Total Loss,Ambulance,WV,Springfield,4,3,NO,0,1,NO,36400,3640,7280,25480,Volkswagen,Jetta,1998,413,20.863903154805573,0.1,0.2,0.7,1,1
606,0.10277253206316292,10.28,Low,Moderate,Monitor,0,136,33,OH,250/500,1000,855.14,0,FEMALE,PhD,craft-repair,paintball,not-in-family,37900,0,Single Vehicle Collision,Side Collision,Minor Damage,Fire,NC,Northbrook,23,1,YES,0,1,YES,30700,3070,6140,21490,Toyota,Corolla,2015,4650,35.90055429520312,0.1,0.2,0.7,1,0
607,0.10271518469800359,10.27,Low,Moderate,Monitor,0,189,39,OH,250/500,2000,838.02,0,FEMALE,College,tech-support,movies,own-child,0,0,Multi-vehicle Collision,Rear Collision,Minor Damage,Police,VA,Northbrook,7,3,,2,0,YES,64400,6440,6440,51520,Dodge,Neon,1997,6364,76.84780792821174,0.1,0.1,0.8,0,1
608,0.10268299644457479,10.27,Low,Moderate,Monitor,0,102,28,OH,250/500,500,1075.41,0,MALE,MD,machine-op-inspct,reading,wife,55200,0,Single Vehicle Collision,Side Collision,Total Loss,Police,PA,Northbend,6,1,NO,1,0,NO,73400,7340,7340,58720,Dodge,Neon,1996,5649,68.25303837606121,0.1,0.1,0.8,0,0
609,0.10198834962654416,10.2,Low,Moderate,Monitor,0,235,39,IL,100/300,500,1046.58,4000000,MALE,MD,tech-support,exercise,wife,0,-31700,Vehicle Theft,,Trivial Damage,,NY,Hillsdale,1,1,,2,1,NO,4950,450,900,3600,Chevrolet,Silverado,2010,1478,4.729690993521757,0.0909090909090909,0.1818181818181818,0.7272727272727273,1,0
610,0.10188190664471597,10.19,Low,Moderate,Monitor,0,87,27,OH,100/300,500,1048.39,0,FEMALE,Masters,transport-moving,polo,own-child,0,0,Single Vehicle Collision,Side Collision,Minor Damage,Police,NY,Riverwood,2,1,,2,1,YES,34650,6300,3150,25200,Ford,F150,1996,4059,33.05067770581558,0.1818181818181818,0.0909090909090909,0.7272727272727273,1,0
611,0.10185768061948108,10.19,Low,Moderate,Monitor,0,155,34,IN,100/300,500,1706.79,0,MALE,Masters,protective-serv,dancing,other-relative,0,0,Single Vehicle Collision,Front Collision,Minor Damage,Ambulance,OH,Hillsdale,1,1,NO,1,1,YES,77040,8560,8560,59920,Honda,Civic,1998,8868,45.13736312024327,0.1111111111111111,0.1111111111111111,0.7777777777777778,1,0
612,0.10167695095855943,10.17,Low,Moderate,Monitor,0,290,48,IL,250/500,500,1161.03,5000000,MALE,Associate,adm-clerical,video-games,not-in-family,45300,0,Multi-vehicle Collision,Side Collision,Minor Damage,Fire,VA,Northbrook,20,2,,1,1,,41520,5190,5190,31140,Nissan,Ultima,2014,660,35.76134983592155,0.125,0.125,0.75,0,1
613,0.101179014877421,10.12,Low,Moderate,Monitor,0,126,30,IL,250/500,2000,1171.75,0,FEMALE,Associate,machine-op-inspct,board-games,not-in-family,46500,-42700,Single Vehicle Collision,Side Collision,Minor Damage,Other,NY,Northbend,23,1,,2,3,NO,48730,4430,4430,39870,Chevrolet,Malibu,2011,847,41.58736931939407,0.0909090909090909,0.0909090909090909,0.8181818181818182,1,0
614,0.10116722486229664,10.12,Low,Moderate,Monitor,0,394,57,IL,250/500,500,1401.2,0,FEMALE,High School,craft-repair,movies,own-child,51500,0,Vehicle Theft,,Trivial Damage,Police,NC,Hillsdale,9,1,NO,1,0,NO,6890,1060,1060,4770,Audi,A5,1999,5780,4.917213816728518,0.1538461538461538,0.1538461538461538,0.6923076923076923,0,0
615,0.10001576640872616,10.0,Low,Moderate,Monitor,0,238,39,IN,250/500,2000,1488.02,0,FEMALE,JD,protective-serv,exercise,other-relative,0,-39200,Vehicle Theft,,Minor Damage,Police,NY,Northbrook,9,1,YES,1,3,YES,5500,1100,550,3850,Chevrolet,Tahoe,2010,3003,3.696186879208613,0.2,0.1,0.7,0,0
616,0.09989688081181071,9.99,Low,Moderate,Monitor,0,215,37,IN,100/300,500,1632.93,0,FEMALE,College,transport-moving,golf,not-in-family,0,-42900,Multi-vehicle Collision,Rear Collision,Minor Damage,Fire,SC,Riverwood,7,3,NO,2,0,YES,57120,9520,4760,42840,Mercedes,C300,2002,4440,34.98006650621888,0.1666666666666666,0.0833333333333333,0.75,0,1
617,0.09984091357144378,9.98,Low,Moderate,Monitor,0,245,41,IN,500/1000,2000,1212.0,0,MALE,Masters,exec-managerial,basketball,unmarried,24400,-60500,Single Vehicle Collision,Front Collision,Total Loss,Ambulance,NY,Springfield,4,1,YES,0,1,YES,73500,7350,14700,51450,Jeep,Wrangler,1999,520,60.64356435643565,0.1,0.2,0.7,1,0
618,0.09949236329518053,9.95,Low,Moderate,Monitor,0,134,32,IL,500/1000,500,1612.43,0,FEMALE,MD,other-service,yachting,own-child,36400,0,Single Vehicle Collision,Side Collision,Total Loss,Fire,VA,Springfield,2,1,,2,1,YES,64240,11680,11680,40880,BMW,3 Series,2015,8772,39.84048919953114,0.1818181818181818,0.1818181818181818,0.6363636363636364,1,0
619,0.09936810849968096,9.94,Low,Moderate,Monitor,0,246,45,IN,250/500,500,1594.37,0,MALE,Associate,exec-managerial,board-games,own-child,0,0,Parked Car,,Trivial Damage,,SC,Riverwood,13,1,NO,0,3,YES,7260,660,1320,5280,Saab,92x,2008,5638,4.5535227080288765,0.0909090909090909,0.1818181818181818,0.7272727272727273,0,0
620,0.09812445789006857,9.81,Low,Moderate,Monitor,0,207,42,IL,250/500,2000,1322.78,0,MALE,PhD,farming-fishing,yachting,own-child,55200,0,Parked Car,,Trivial Damage,,WV,Springfield,9,1,NO,0,1,NO,5900,590,590,4720,BMW,X5,2007,5261,4.460303300624442,0.1,0.1,0.8,0,0
621,0.09799196428541228,9.8,Low,Moderate,Monitor,0,269,44,IL,100/300,2000,1081.08,0,MALE,JD,priv-house-serv,reading,unmarried,36400,-28700,Single Vehicle Collision,Front Collision,Minor Damage,Other,SC,Springfield,14,1,YES,0,2,,56400,11280,11280,33840,Toyota,Highlander,2014,2628,52.17005217005217,0.2,0.2,0.6,0,0
622,0.09703833463609303,9.7,Low,Moderate,Monitor,0,137,30,IL,250/500,500,1039.55,0,MALE,MD,exec-managerial,kayaking,unmarried,55600,-59700,Multi-vehicle Collision,Front Collision,Minor Damage,Other,WV,Columbus,4,3,,2,1,,74030,6730,13460,53840,Chevrolet,Tahoe,2005,1158,71.21350584387476,0.0909090909090909,0.1818181818181818,0.7272727272727273,1,1
623,0.09699349160582266,9.7,Low,Moderate,Monitor,0,123,31,IN,250/500,500,1326.0,0,FEMALE,Associate,prof-specialty,basketball,wife,0,-54600,Single Vehicle Collision,Side Collision,Total Loss,Fire,SC,Northbrook,13,1,,1,2,NO,72120,12020,12020,48080,Mercedes,ML350,2009,3483,54.38914027149321,0.1666666666666666,0.1666666666666666,0.6666666666666666,0,0
624,0.09644749975772811,9.64,Low,Moderate,Monitor,0,261,46,IN,100/300,1000,870.55,0,MALE,PhD,prof-specialty,camping,unmarried,0,-49400,Single Vehicle Collision,Rear Collision,Minor Damage,Other,SC,Springfield,19,1,,0,3,,80280,13380,13380,53520,Chevrolet,Tahoe,2013,5252,92.21756360921258,0.1666666666666666,0.1666666666666666,0.6666666666666666,0,0
625,0.09623770713293323,9.62,Low,Moderate,Monitor,0,35,35,IL,100/300,2000,1117.42,0,FEMALE,PhD,protective-serv,kayaking,not-in-family,0,-51900,Multi-vehicle Collision,Side Collision,Minor Damage,Fire,NC,Hillsdale,23,3,NO,2,2,NO,53190,5910,11820,35460,Volkswagen,Jetta,1996,4540,47.60072309427073,0.1111111111111111,0.2222222222222222,0.6666666666666666,1,1
626,0.09598477304593132,9.6,Low,Moderate,Monitor,0,298,46,OH,500/1000,1000,1138.42,6000000,MALE,JD,prof-specialty,dancing,own-child,36900,-55000,Single Vehicle Collision,Side Collision,Minor Damage,Police,SC,Arlington,18,1,NO,2,3,YES,33550,3050,6100,24400,Volkswagen,Passat,2005,2847,29.47066987579276,0.0909090909090909,0.1818181818181818,0.7272727272727273,0,0
627,0.095281310209413,9.53,Low,Moderate,Monitor,0,164,31,IN,500/1000,500,1114.68,0,FEMALE,Associate,other-service,reading,husband,44500,-55900,Vehicle Theft,,Trivial Damage,Police,SC,Springfield,5,1,YES,1,0,NO,4320,480,480,3360,Mercedes,E400,2002,1456,3.875551727850145,0.1111111111111111,0.1111111111111111,0.7777777777777778,1,0
628,0.09470223176932412,9.47,Low,Moderate,Monitor,0,295,46,IN,100/300,500,1672.88,0,FEMALE,High School,armed-forces,dancing,wife,0,0,Single Vehicle Collision,Rear Collision,Minor Damage,Fire,NY,Columbus,5,1,YES,1,1,NO,60700,12140,6070,42490,Honda,Civic,1997,5883,36.28473052460427,0.2,0.1,0.7,1,0
629,0.09383083047248891,9.38,Low,Moderate,Monitor,0,239,40,IN,100/300,500,1463.95,0,FEMALE,JD,sales,skydiving,own-child,0,0,Multi-vehicle Collision,Rear Collision,Total Loss,Police,NC,Springfield,20,3,,0,0,YES,69740,6340,6340,57060,Dodge,Neon,2003,3726,47.63823901089518,0.0909090909090909,0.0909090909090909,0.8181818181818182,0,1
630,0.09213026215614929,9.21,Low,Moderate,Monitor,0,280,43,IN,100/300,1000,1559.34,0,MALE,JD,transport-moving,hiking,own-child,0,-51600,Single Vehicle Collision,Front Collision,Total Loss,Fire,NY,Riverwood,1,1,NO,0,2,,77000,14000,7000,56000,Accura,RSX,2004,938,49.37986584067619,0.1818181818181818,0.0909090909090909,0.7272727272727273,1,0
631,0.0920793806128797,9.21,Low,Moderate,Monitor,0,212,42,IL,100/300,500,1315.68,0,MALE,PhD,priv-house-serv,camping,wife,0,-39300,Single Vehicle Collision,Rear Collision,Total Loss,Other,NC,Hillsdale,14,1,NO,2,1,,42300,4700,4700,32900,Saab,92x,1996,1260,32.15067493615469,0.1111111111111111,0.1111111111111111,0.7777777777777778,0,0
632,0.0915337996193989,9.15,Low,Moderate,Monitor,0,342,49,OH,250/500,500,1722.95,0,MALE,PhD,transport-moving,base-jumping,not-in-family,63100,-13800,Single Vehicle Collision,Rear Collision,Minor Damage,Fire,WV,Hillsdale,3,1,,2,0,YES,76700,7670,7670,61360,Suburu,Legacy,2006,6171,44.51667198699904,0.1,0.1,0.8,1,0
633,0.09047053879719051,9.05,Low,Moderate,Monitor,0,247,39,IN,100/300,500,1558.29,0,FEMALE,Masters,protective-serv,reading,unmarried,0,-49300,Vehicle Theft,,Trivial Damage,Police,WV,Springfield,5,1,YES,1,2,,7700,770,1540,5390,Saab,93,2000,8511,4.941313876107785,0.1,0.2,0.7,1,0
634,0.08996462179529867,9.0,Low,Moderate,Monitor,0,78,29,IL,250/500,1000,1234.2,6000000,MALE,Masters,other-service,bungie-jumping,other-relative,0,0,Vehicle Theft,,Minor Damage,Police,NY,Northbrook,3,1,YES,2,2,NO,7500,750,1500,5250,Nissan,Maxima,2002,1444,6.076810889645114,0.1,0.2,0.7,1,0
635,0.08986869985053392,8.99,Low,Moderate,Monitor,0,137,35,IN,250/500,500,1667.83,0,MALE,JD,prof-specialty,paintball,husband,48500,-67400,Parked Car,,Minor Damage,Police,WV,Northbrook,4,1,YES,1,1,NO,6600,1200,1200,4200,Jeep,Grand Cherokee,2005,1791,3.9572378479821086,0.1818181818181818,0.1818181818181818,0.6363636363636364,1,0
636,0.08971698940735598,8.97,Low,Moderate,Monitor,0,190,35,IN,250/500,500,1484.72,5000000,FEMALE,High School,tech-support,golf,husband,0,0,Parked Car,,Trivial Damage,,NY,Riverwood,4,1,NO,0,1,NO,3840,640,320,2880,Saab,92x,1998,2280,2.586346247103831,0.1666666666666666,0.0833333333333333,0.75,1,0
637,0.08956716105753665,8.96,Low,Moderate,Monitor,0,196,39,IN,500/1000,2000,1475.73,0,FEMALE,High School,handlers-cleaners,camping,own-child,57000,-27300,Multi-vehicle Collision,Side Collision,Major Damage,Police,VA,Columbus,8,3,,2,0,NO,60400,6040,6040,48320,Nissan,Pathfinder,2014,8239,40.9288962073008,0.1,0.1,0.8,0,1
638,0.08945508625781018,8.95,Low,Moderate,Monitor,0,205,42,IL,100/300,2000,1387.7,4000000,FEMALE,High School,priv-house-serv,skydiving,other-relative,0,0,Single Vehicle Collision,Rear Collision,Minor Damage,Police,WV,Columbus,19,1,NO,2,1,NO,86130,15660,15660,54810,Chevrolet,Silverado,1995,2541,62.06672912012683,0.1818181818181818,0.1818181818181818,0.6363636363636364,0,0
639,0.08908720643212721,8.91,Low,Moderate,Monitor,0,299,44,OH,500/1000,1000,1653.32,0,FEMALE,College,other-service,bungie-jumping,other-relative,0,-48800,Single Vehicle Collision,Rear Collision,Minor Damage,Ambulance,WV,Springfield,3,1,YES,2,0,,54240,6780,6780,40680,Suburu,Impreza,2009,2270,32.80671618319503,0.125,0.125,0.75,1,0
640,0.08881894105450339,8.88,Low,Moderate,Monitor,1,101,33,OH,100/300,1000,1053.04,7000000,FEMALE,Masters,other-service,reading,own-child,52000,-44500,Multi-vehicle Collision,Rear Collision,Minor Damage,Ambulance,NC,Northbrook,20,3,NO,1,3,,54240,9040,9040,36160,Saab,93,2013,976,51.5080148902226,0.1666666666666666,0.1666666666666666,0.6666666666666666,0,1
641,0.08777093129095173,8.78,Low,Moderate,Monitor,0,236,39,IN,250/500,1000,1151.39,4000000,FEMALE,Masters,exec-managerial,reading,wife,0,-63900,Parked Car,,Minor Damage,Police,NY,Springfield,17,1,YES,0,0,,8700,870,1740,6090,Accura,RSX,2003,6633,7.556084384960786,0.1,0.2,0.7,0,0
642,0.0876628844152819,8.77,Low,Moderate,Monitor,0,385,51,IN,250/500,1000,976.37,0,FEMALE,MD,craft-repair,reading,husband,0,-61000,Multi-vehicle Collision,Rear Collision,Minor Damage,Other,WV,Riverwood,14,3,,1,3,,67600,13520,6760,47320,Suburu,Legacy,2007,8979,69.23604780974425,0.2,0.1,0.7,0,1
643,0.08758389052439178,8.76,Low,Moderate,Monitor,0,17,39,IL,250/500,1000,840.95,0,FEMALE,JD,adm-clerical,hiking,unmarried,32500,-80800,Parked Car,,Trivial Damage,Police,SC,Arlington,9,1,,2,1,,3440,430,430,2580,Suburu,Legacy,2002,3043,4.090611808074201,0.125,0.125,0.75,0,0
644,0.0872750192342617,8.73,Low,Moderate,Monitor,0,12,24,IL,500/1000,1000,1143.95,0,FEMALE,PhD,tech-support,paintball,other-relative,51400,0,Multi-vehicle Collision,Rear Collision,Minor Damage,Police,NY,Riverwood,13,3,NO,2,1,,53370,5930,5930,41510,Nissan,Ultima,2011,7383,46.65413698151143,0.1111111111111111,0.1111111111111111,0.7777777777777778,0,1
645,0.08704381118310804,8.7,Low,Moderate,Monitor,0,209,36,IN,100/300,2000,1223.39,0,FEMALE,MD,craft-repair,camping,wife,0,0,Multi-vehicle Collision,Rear Collision,Total Loss,Ambulance,PA,Hillsdale,17,3,,1,3,,65440,8180,8180,49080,Jeep,Wrangler,2014,1827,53.49071023958018,0.125,0.125,0.75,0,1
646,0.08683844418488636,8.68,Low,Moderate,Monitor,0,172,33,IL,100/300,1000,1459.96,6000000,FEMALE,High School,adm-clerical,reading,wife,41300,-42000,Multi-vehicle Collision,Side Collision,Total Loss,Ambulance,NY,Northbend,15,3,NO,0,1,NO,41690,7580,7580,26530,Saab,95,1999,1048,28.55557686511959,0.1818181818181818,0.1818181818181818,0.6363636363636364,0,1
647,0.08660134213647962,8.66,Low,Moderate,Monitor,0,4,29,IL,250/500,500,1381.88,5000000,MALE,High School,tech-support,exercise,other-relative,0,-77800,Vehicle Theft,,Trivial Damage,Police,SC,Hillsdale,4,1,NO,0,2,,4200,840,420,2940,Jeep,Wrangler,2008,4653,3.0393377138391173,0.2,0.1,0.7,1,0
648,0.08644630817512695,8.64,Low,Moderate,Monitor,1,119,28,OH,250/500,2000,1079.92,0,MALE,High School,machine-op-inspct,hiking,husband,88800,0,Single Vehicle Collision,Rear Collision,Total Loss,Ambulance,PA,Riverwood,1,1,,0,1,YES,53600,6700,6700,40200,Volkswagen,Jetta,2007,826,49.63330617082747,0.125,0.125,0.75,1,0
649,0.08638918998158723,8.64,Low,Moderate,Monitor,0,79,25,OH,500/1000,500,1863.04,0,FEMALE,Associate,priv-house-serv,paintball,not-in-family,53400,-35200,Single Vehicle Collision,Front Collision,Total Loss,Fire,VA,Northbend,0,1,NO,2,1,,67800,13560,6780,47460,Mercedes,C300,1995,5213,36.39213328753006,0.2,0.1,0.7,1,0
650,0.08629386648430475,8.63,Low,Moderate,Monitor,1,62,28,IL,100/300,1000,988.45,0,FEMALE,Masters,protective-serv,camping,unmarried,0,0,Single Vehicle Collision,Rear Collision,Total Loss,Police,NY,Northbrook,3,1,,1,1,YES,60200,6020,6020,48160,Suburu,Forrestor,2004,4324,60.90343467044362,0.1,0.1,0.8,1,0
651,0.08521729120406976,8.52,Low,Moderate,Monitor,0,43,38,OH,500/1000,1000,1601.47,0,MALE,PhD,handlers-cleaners,skydiving,other-relative,64400,0,Multi-vehicle Collision,Front Collision,Total Loss,Other,SC,Columbus,1,3,YES,2,2,,61650,6850,6850,47950,Nissan,Ultima,2006,341,38.49588190849657,0.1111111111111111,0.1111111111111111,0.7777777777777778,1,1
652,0.08521617907105129,8.52,Low,Moderate,Monitor,0,210,39,OH,500/1000,1000,984.45,0,MALE,Associate,armed-forces,paintball,unmarried,0,0,Vehicle Theft,,Minor Damage,,NC,Riverwood,4,1,YES,1,2,,7800,780,780,6240,Dodge,RAM,1997,6404,7.923205850982782,0.1,0.1,0.8,1,0
653,0.08497400716916026,8.5,Low,Moderate,Monitor,0,252,46,IN,100/300,1000,1242.02,0,MALE,Masters,adm-clerical,dancing,wife,0,-28800,Single Vehicle Collision,Front Collision,Minor Damage,Fire,VA,Hillsdale,17,1,YES,0,2,YES,74900,14980,7490,52430,Jeep,Grand Cherokee,2003,3442,60.30498703724578,0.2,0.1,0.7,0,0
654,0.08494935088097982,8.49,Low,Moderate,Monitor,0,127,34,OH,500/1000,500,1319.97,0,FEMALE,Associate,craft-repair,paintball,own-child,73700,0,Vehicle Theft,,Minor Damage,,NC,Arlington,8,1,YES,1,3,,4700,470,940,3290,Saab,92x,1998,3079,3.560686985310272,0.1,0.2,0.7,0,0
655,0.08489877940780856,8.49,Low,Moderate,Monitor,0,274,46,OH,500/1000,1000,1372.18,0,MALE,High School,exec-managerial,bungie-jumping,not-in-family,0,0,Multi-vehicle Collision,Side Collision,Total Loss,Other,WV,Riverwood,22,3,NO,1,3,,90600,15100,15100,60400,BMW,X5,2009,6553,66.02632307714731,0.1666666666666666,0.1666666666666666,0.6666666666666666,0,1
656,0.0847725695197224,8.48,Low,Moderate,Monitor,0,154,37,IL,250/500,1000,2047.59,0,FEMALE,MD,farming-fishing,dancing,other-relative,0,-67800,Single Vehicle Collision,Rear Collision,Minor Damage,Other,SC,Columbus,2,1,,0,3,NO,79530,14460,7230,57840,Accura,MDX,2000,1807,38.8407835553016,0.1818181818181818,0.0909090909090909,0.7272727272727273,1,0
657,0.0845574007716666,8.46,Low,Moderate,Monitor,0,59,40,IL,250/500,2000,782.23,0,MALE,College,protective-serv,golf,other-relative,64200,-32300,Multi-vehicle Collision,Front Collision,Total Loss,Ambulance,OH,Springfield,0,3,,0,2,NO,51570,5730,11460,34380,BMW,X5,2010,1227,65.92690129501553,0.1111111111111111,0.2222222222222222,0.6666666666666666,1,1
658,0.0837805363198795,8.38,Low,Moderate,Monitor,0,210,38,IN,250/500,500,999.52,0,MALE,JD,tech-support,golf,other-relative,0,0,Vehicle Theft,,Minor Damage,Police,VA,Springfield,6,1,,1,2,NO,8640,1440,720,6480,Accura,TL,2008,5869,8.644149191611973,0.1666666666666666,0.0833333333333333,0.75,0,0
659,0.08213948835963607,8.21,Low,Moderate,Monitor,0,435,58,IN,100/300,2000,1145.85,0,MALE,JD,sales,movies,not-in-family,0,-40000,Multi-vehicle Collision,Rear Collision,Total Loss,Other,NY,Columbus,19,3,,1,1,YES,41490,9220,4610,27660,Mercedes,E400,2004,6265,36.20892787014007,0.2222222222222222,0.1111111111111111,0.6666666666666666,0,1
660,0.08196433693262051,8.2,Low,Moderate,Monitor,0,209,39,IN,100/300,500,1264.99,0,MALE,PhD,transport-moving,polo,husband,67800,0,Single Vehicle Collision,Side Collision,Minor Damage,Fire,VA,Northbrook,22,1,,1,1,NO,37800,8400,4200,25200,Chevrolet,Silverado,1995,6600,29.881659143550543,0.2222222222222222,0.1111111111111111,0.6666666666666666,0,0
661,0.08138442869218429,8.14,Low,Moderate,Monitor,0,125,31,IN,500/1000,500,1220.86,0,MALE,JD,other-service,paintball,husband,55400,-40400,Parked Car,,Trivial Damage,,NY,Arlington,4,1,YES,1,2,,4320,0,960,3360,Saab,93,2003,783,3.538489261668005,0.0,0.2222222222222222,0.7777777777777778,1,0
662,0.08119592694978273,8.12,Low,Moderate,Monitor,0,169,37,IL,100/300,1000,936.19,0,MALE,JD,armed-forces,movies,other-relative,70600,-48500,Multi-vehicle Collision,Side Collision,Total Loss,Police,SC,Northbrook,4,3,,2,1,YES,57900,17370,5790,34740,Audi,A5,2005,4805,61.84642006430318,0.3,0.1,0.6,1,1
663,0.08034556632431522,8.03,Low,Moderate,Monitor,0,244,40,OH,500/1000,2000,1267.81,5000000,FEMALE,Masters,exec-managerial,video-games,wife,0,0,Vehicle Theft,,Trivial Damage,,NC,Northbrook,10,1,,2,1,,6600,660,1320,4620,Accura,TL,2005,6392,5.205827371609311,0.1,0.2,0.7,0,0
664,0.0797631315535235,7.98,Low,Moderate,Monitor,0,467,58,IN,500/1000,2000,977.4,0,MALE,Masters,transport-moving,bungie-jumping,own-child,82200,0,Single Vehicle Collision,Front Collision,Total Loss,Fire,NY,Columbus,2,1,YES,2,3,NO,55700,5570,11140,38990,Nissan,Maxima,2014,4368,56.98792715367301,0.1,0.2,0.7,1,0
665,0.07961512144409143,7.96,Low,Moderate,Monitor,0,174,36,IL,100/300,2000,1278.75,0,FEMALE,College,tech-support,paintball,own-child,53200,-53800,Multi-vehicle Collision,Rear Collision,Total Loss,Ambulance,NY,Riverwood,21,3,,2,2,NO,65400,10900,10900,43600,Dodge,RAM,2012,3402,51.143695014662754,0.1666666666666666,0.1666666666666666,0.6666666666666666,0,1
666,0.07921486037452737,7.92,Low,Moderate,Monitor,0,30,31,IL,250/500,2000,1153.35,0,MALE,PhD,craft-repair,golf,not-in-family,0,0,Vehicle Theft,,Trivial Damage,Police,NY,Hillsdale,9,1,NO,2,1,YES,5760,960,960,3840,Suburu,Impreza,2011,975,4.99414748341787,0.1666666666666666,0.1666666666666666,0.6666666666666666,0,0
667,0.07898525731161171,7.9,Low,Moderate,Monitor,0,319,47,IN,250/500,500,1307.11,0,MALE,College,transport-moving,dancing,not-in-family,0,0,Multi-vehicle Collision,Front Collision,Total Loss,Police,WV,Northbrook,22,3,NO,0,2,,59730,10860,10860,38010,Audi,A3,2005,8344,45.69623061563296,0.1818181818181818,0.1818181818181818,0.6363636363636364,0,1
668,0.07851550311426951,7.85,Low,Moderate,Monitor,0,282,48,OH,500/1000,2000,1422.56,7000000,FEMALE,MD,prof-specialty,video-games,husband,26900,-55300,Vehicle Theft,,Minor Damage,,WV,Springfield,7,1,,1,2,NO,3520,640,320,2560,Accura,MDX,2013,8737,2.4744123270723204,0.1818181818181818,0.0909090909090909,0.7272727272727273,0,0
669,0.07830600262756743,7.83,Low,Moderate,Monitor,0,76,24,OH,250/500,1000,1622.67,0,FEMALE,MD,priv-house-serv,paintball,husband,0,0,Multi-vehicle Collision,Side Collision,Total Loss,Ambulance,WV,Riverwood,6,3,NO,1,1,,74700,14940,7470,52290,Suburu,Forrestor,1997,1353,46.03523821849174,0.2,0.1,0.7,0,1
670,0.07830043341922639,7.83,Low,Moderate,Monitor,0,362,50,IL,250/500,500,1198.34,4000000,MALE,Associate,sales,board-games,wife,53000,-72500,Multi-vehicle Collision,Side Collision,Total Loss,Fire,NY,Columbus,17,3,,1,1,NO,57060,6340,6340,44380,Mercedes,E400,1995,3293,47.615868618255256,0.1111111111111111,0.1111111111111111,0.7777777777777778,0,1
671,0.07799798164757402,7.8,Low,Moderate,Monitor,0,163,38,IN,500/1000,2000,1453.92,0,FEMALE,PhD,other-service,yachting,other-relative,51700,0,Single Vehicle Collision,Side Collision,Minor Damage,Ambulance,NY,Hillsdale,13,1,YES,2,3,,79500,15900,7950,55650,Accura,MDX,1995,6351,54.679762297788045,0.2,0.1,0.7,0,0
672,0.07779454110548903,7.78,Low,Moderate,Monitor,0,22,25,OH,250/500,2000,1053.24,0,FEMALE,College,prof-specialty,movies,other-relative,51100,0,Multi-vehicle Collision,Front Collision,Total Loss,Other,NC,Arlington,0,4,YES,1,0,NO,77130,8570,17140,51420,Accura,MDX,1995,2489,73.231172382363,0.1111111111111111,0.2222222222222222,0.6666666666666666,1,1
673,0.07756342462386884,7.76,Low,Moderate,Monitor,0,379,54,IL,100/300,500,1251.16,0,FEMALE,Associate,machine-op-inspct,kayaking,not-in-family,41400,0,Single Vehicle Collision,Front Collision,Total Loss,Ambulance,WV,Riverwood,14,1,,0,1,NO,75960,6330,6330,63300,Jeep,Grand Cherokee,2010,4798,60.71165957990984,0.0833333333333333,0.0833333333333333,0.8333333333333334,0,0
674,0.07728283456086726,7.73,Low,Moderate,Monitor,0,97,27,OH,500/1000,500,1588.26,0,FEMALE,High School,tech-support,movies,husband,56700,-49300,Multi-vehicle Collision,Side Collision,Total Loss,Other,VA,Riverwood,22,3,YES,2,1,YES,75690,8410,8410,58870,Saab,95,2014,4657,47.6559253522723,0.1111111111111111,0.1111111111111111,0.7777777777777778,0,1
675,0.07718329111464833,7.72,Low,Moderate,Monitor,0,65,29,IL,250/500,1000,1726.91,0,MALE,High School,other-service,basketball,own-child,0,0,Vehicle Theft,,Trivial Damage,,VA,Hillsdale,14,1,,0,0,,7200,720,1440,5040,Audi,A5,1999,8938,4.169296604918611,0.1,0.2,0.7,0,0
676,0.0763661694597551,7.64,Low,Moderate,Monitor,0,405,57,IN,500/1000,1000,1132.47,4000000,MALE,MD,priv-house-serv,exercise,other-relative,46300,0,Multi-vehicle Collision,Front Collision,Total Loss,Other,NY,Northbend,21,3,,2,3,,61440,10240,10240,40960,Saab,93,2008,5490,54.253092797160186,0.1666666666666666,0.1666666666666666,0.6666666666666666,0,1
677,0.07592289281460923,7.59,Low,Moderate,Monitor,0,126,31,OH,250/500,1000,1328.26,0,MALE,Masters,sales,exercise,not-in-family,42300,-45800,Single Vehicle Collision,Front Collision,Total Loss,Police,WV,Hillsdale,17,1,NO,1,1,NO,60840,13520,6760,40560,Suburu,Forrestor,2011,6711,45.80428530558776,0.2222222222222222,0.1111111111111111,0.6666666666666666,0,0
678,0.07588808879578858,7.59,Low,Moderate,Monitor,0,304,49,IN,100/300,1000,1525.86,0,FEMALE,PhD,craft-repair,camping,own-child,0,0,Single Vehicle Collision,Side Collision,Minor Damage,Other,NC,Northbend,2,1,YES,1,1,YES,73370,13340,6670,53360,Saab,95,2013,4866,48.084358984441565,0.1818181818181818,0.0909090909090909,0.7272727272727273,1,0
679,0.07584429053199489,7.58,Low,Moderate,Monitor,0,229,43,IN,250/500,2000,1585.54,0,MALE,High School,protective-serv,reading,not-in-family,42600,-44400,Vehicle Theft,,Minor Damage,,WV,Hillsdale,3,1,NO,1,0,YES,4620,420,840,3360,Volkswagen,Jetta,2012,6462,2.9138337727209658,0.0909090909090909,0.1818181818181818,0.7272727272727273,1,0
680,0.07574342932743185,7.57,Low,Moderate,Monitor,0,241,45,IL,500/1000,2000,1104.5,0,FEMALE,PhD,machine-op-inspct,basketball,unmarried,0,0,Single Vehicle Collision,Rear Collision,Minor Damage,Police,SC,Northbrook,5,1,NO,2,2,NO,91650,14100,14100,63450,Accura,TL,2011,348,82.97872340425532,0.1538461538461538,0.1538461538461538,0.6923076923076923,1,0
681,0.07510521458655149,7.51,Low,Moderate,Monitor,0,169,39,OH,100/300,2000,1140.15,0,MALE,High School,armed-forces,exercise,husband,0,-36800,Multi-vehicle Collision,Rear Collision,Total Loss,Police,VA,Riverwood,9,3,YES,0,3,NO,46200,4200,8400,33600,Suburu,Legacy,2015,4840,40.520984081041966,0.0909090909090909,0.1818181818181818,0.7272727272727273,0,1
682,0.07487008671469106,7.49,Low,Moderate,Monitor,0,244,40,IL,100/300,500,1342.8,0,FEMALE,MD,sales,base-jumping,husband,0,0,Vehicle Theft,,Trivial Damage,Police,NY,Springfield,2,1,YES,1,3,YES,5940,660,660,4620,Toyota,Camry,2014,3153,4.423592493297587,0.1111111111111111,0.1111111111111111,0.7777777777777778,1,0
683,0.07451473792175324,7.45,Low,Moderate,Monitor,0,283,48,OH,500/1000,1000,1474.66,0,FEMALE,JD,sales,paintball,husband,0,-46200,Parked Car,,Trivial Damage,Police,NY,Hillsdale,9,1,,2,3,NO,6560,820,820,4920,Volkswagen,Jetta,2003,4427,4.4484830401584095,0.125,0.125,0.75,0,0
684,0.07438973828687931,7.44,Low,Moderate,Monitor,0,186,38,OH,100/300,500,922.85,0,MALE,High School,adm-clerical,golf,husband,70300,-70900,Vehicle Theft,,Trivial Damage,,NY,Hillsdale,7,1,,1,1,YES,3600,400,400,2800,Honda,Civic,1999,604,3.900958985750664,0.1111111111111111,0.1111111111111111,0.7777777777777778,0,0
685,0.07425172828952249,7.43,Low,Moderate,Monitor,0,224,40,OH,100/300,2000,1291.7,0,FEMALE,JD,sales,kayaking,not-in-family,0,-55600,Single Vehicle Collision,Side Collision,Minor Damage,Other,SC,Northbend,21,1,NO,1,0,YES,69840,7760,15520,46560,Dodge,Neon,2009,9100,54.068282108848805,0.1111111111111111,0.2222222222222222,0.6666666666666666,0,0
686,0.07395935198123495,7.4,Low,Moderate,Monitor,0,224,39,IL,500/1000,1000,1128.71,0,FEMALE,JD,prof-specialty,sleeping,other-relative,0,-47100,Multi-vehicle Collision,Rear Collision,Total Loss,Fire,VA,Riverwood,21,3,YES,2,1,,61800,12360,6180,43260,Suburu,Impreza,2007,959,54.75277086231184,0.2,0.1,0.7,0,1
687,0.07392106499190093,7.39,Low,Moderate,Monitor,1,258,46,IN,100/300,1000,1110.37,10000000,MALE,MD,machine-op-inspct,hiking,other-relative,34400,-56800,Multi-vehicle Collision,Side Collision,Total Loss,Other,NY,Riverwood,14,3,NO,0,1,,47700,4770,9540,33390,Accura,MDX,1997,5800,42.958653421832366,0.1,0.2,0.7,0,1
688,0.07341656841214358,7.34,Low,Moderate,Monitor,0,429,56,OH,250/500,1000,1127.89,6000000,MALE,Associate,machine-op-inspct,skydiving,own-child,67400,-43800,Single Vehicle Collision,Rear Collision,Minor Damage,Ambulance,WV,Springfield,0,1,YES,2,0,YES,39480,6580,6580,26320,Suburu,Forrestor,2002,5891,35.003413453439606,0.1666666666666666,0.1666666666666666,0.6666666666666666,1,0
689,0.07308781111831504,7.31,Low,Moderate,Monitor,0,194,38,IN,100/300,2000,1231.25,0,FEMALE,PhD,craft-repair,movies,not-in-family,46500,0,Multi-vehicle Collision,Rear Collision,Minor Damage,Ambulance,WV,Arlington,15,3,,1,0,,53680,4880,9760,39040,Toyota,Camry,2011,1443,43.59796954314721,0.0909090909090909,0.1818181818181818,0.7272727272727273,0,1
690,0.0730827269316771,7.31,Low,Moderate,Monitor,0,266,42,IL,500/1000,1000,763.67,0,MALE,Associate,prof-specialty,movies,own-child,12800,-49700,Single Vehicle Collision,Side Collision,Total Loss,Police,SC,Northbrook,12,1,YES,1,3,YES,70830,7870,7870,55090,Jeep,Grand Cherokee,2005,6047,92.74948603454372,0.1111111111111111,0.1111111111111111,0.7777777777777778,0,0
691,0.07271468268380286,7.27,Low,Moderate,Monitor,0,359,47,OH,100/300,2000,1367.68,0,FEMALE,MD,handlers-cleaners,basketball,unmarried,0,0,Single Vehicle Collision,Front Collision,Total Loss,Police,SC,Arlington,13,1,NO,0,3,NO,55500,5550,11100,38850,Mercedes,C300,2012,7753,40.579667758540005,0.1,0.2,0.7,0,0
692,0.07269129953345876,7.27,Low,Moderate,Monitor,0,257,43,IN,100/300,1000,974.84,0,FEMALE,JD,transport-moving,kayaking,other-relative,52100,0,Single Vehicle Collision,Rear Collision,Total Loss,Police,VA,Northbend,0,1,NO,0,1,YES,85320,21330,7110,56880,Nissan,Pathfinder,2006,8318,87.52205490131713,0.25,0.0833333333333333,0.6666666666666666,1,0
693,0.07261332207373948,7.26,Low,Moderate,Monitor,0,65,27,IN,100/300,1000,1164.97,0,FEMALE,College,adm-clerical,exercise,wife,43000,-42500,Single Vehicle Collision,Front Collision,Total Loss,Ambulance,WV,Arlington,17,1,,1,2,YES,42840,3570,7140,32130,Chevrolet,Silverado,2004,4858,36.773479145385714,0.0833333333333333,0.1666666666666666,0.75,0,0
694,0.07259251106534703,7.26,Low,Moderate,Monitor,0,478,64,OH,250/500,500,835.02,0,FEMALE,Associate,adm-clerical,reading,unmarried,59600,0,Multi-vehicle Collision,Side Collision,Minor Damage,Fire,WV,Hillsdale,17,3,NO,1,1,NO,33930,0,3770,30160,BMW,X6,1998,8932,40.633757275274846,0.0,0.1111111111111111,0.8888888888888888,0,1
695,0.07234439609520053,7.23,Low,Moderate,Monitor,0,11,39,IL,250/500,2000,1470.06,0,MALE,PhD,other-service,yachting,husband,56600,-45800,Single Vehicle Collision,Front Collision,Total Loss,Ambulance,WV,Riverwood,22,1,YES,0,1,NO,65790,7310,7310,51170,Saab,93,2007,7903,44.75327537651525,0.1111111111111111,0.1111111111111111,0.7777777777777778,0,0
696,0.07229824025356477,7.23,Low,Moderate,Monitor,0,142,30,IN,500/1000,500,1412.76,0,MALE,PhD,armed-forces,basketball,wife,66400,-63700,Single Vehicle Collision,Side Collision,Minor Damage,Other,WV,Riverwood,22,1,YES,2,3,NO,67320,11220,11220,44880,Volkswagen,Jetta,1996,6205,47.65140575893994,0.1666666666666666,0.1666666666666666,0.6666666666666666,0,0
697,0.0718568175845451,7.19,Low,Moderate,Monitor,0,161,38,IL,100/300,2000,1133.85,0,MALE,PhD,priv-house-serv,exercise,not-in-family,60200,0,Multi-vehicle Collision,Front Collision,Total Loss,Police,WV,Springfield,0,3,YES,2,2,YES,60480,5040,15120,40320,Volkswagen,Jetta,2003,4019,53.34038894033603,0.0833333333333333,0.25,0.6666666666666666,1,1
698,0.07139526316291023,7.14,Low,Moderate,Monitor,0,256,43,OH,100/300,500,1203.17,0,FEMALE,MD,prof-specialty,golf,unmarried,56700,-65600,Single Vehicle Collision,Rear Collision,Total Loss,Fire,WV,Hillsdale,11,1,NO,0,0,,63250,11500,5750,46000,Nissan,Ultima,1997,55,52.56946233699311,0.1818181818181818,0.0909090909090909,0.7272727272727273,0,0
699,0.07098818422552691,7.1,Low,Moderate,Monitor,0,192,35,IL,100/300,1000,1245.89,0,FEMALE,Masters,exec-managerial,movies,wife,0,-40300,Single Vehicle Collision,Rear Collision,Total Loss,Other,WV,Springfield,19,1,NO,0,0,,76600,15320,7660,53620,Mercedes,C300,2000,6506,61.48215332011654,0.2,0.1,0.7,0,0
700,0.0709011395908135,7.09,Low,Moderate,Monitor,0,95,32,IN,500/1000,2000,1356.64,0,MALE,Masters,machine-op-inspct,golf,not-in-family,67800,-48600,Multi-vehicle Collision,Side Collision,Total Loss,Police,SC,Springfield,21,3,YES,0,3,YES,83160,15120,15120,52920,Toyota,Camry,2003,6638,61.29850218186106,0.1818181818181818,0.1818181818181818,0.6363636363636364,0,1
701,0.07062411947296773,7.06,Low,Moderate,Monitor,0,282,46,OH,100/300,2000,1558.86,0,MALE,MD,other-service,dancing,wife,51100,-75100,Single Vehicle Collision,Front Collision,Minor Damage,Police,NY,Springfield,2,1,,2,2,NO,69400,13880,6940,48580,BMW,M5,2012,8585,44.51971312369296,0.2,0.1,0.7,1,0
702,0.07047069899706311,7.05,Low,Moderate,Monitor,0,84,30,IL,500/1000,2000,1035.79,0,FEMALE,MD,protective-serv,kayaking,wife,44400,-51500,Single Vehicle Collision,Side Collision,Minor Damage,Police,SC,Northbend,9,1,NO,1,0,YES,57640,5240,10480,41920,Volkswagen,Passat,2010,4246,55.64834570714141,0.0909090909090909,0.1818181818181818,0.7272727272727273,0,0
703,0.07032564696136122,7.03,Low,Moderate,Monitor,0,396,57,IL,500/1000,500,1351.72,0,MALE,High School,tech-support,camping,wife,0,-49400,Parked Car,,Minor Damage,,NY,Springfield,3,1,YES,1,3,,2640,480,480,1680,Volkswagen,Passat,2000,6687,1.9530672032669487,0.1818181818181818,0.1818181818181818,0.6363636363636364,1,0
704,0.0702527083152068,7.03,Low,Moderate,Monitor,0,101,32,IL,250/500,500,895.14,0,MALE,JD,sales,video-games,other-relative,52600,-30400,Single Vehicle Collision,Front Collision,Minor Damage,Ambulance,SC,Columbus,4,1,,0,3,YES,43600,8720,4360,30520,Suburu,Legacy,2010,4735,48.70746475411668,0.2,0.1,0.7,1,0
705,0.07013223615202681,7.01,Low,Moderate,Monitor,0,55,35,IL,500/1000,500,1198.44,8000000,MALE,MD,priv-house-serv,polo,wife,0,0,Vehicle Theft,,Minor Damage,Police,WV,Columbus,9,1,NO,0,3,NO,3080,560,560,1960,Nissan,Ultima,1998,1440,2.570007676646307,0.1818181818181818,0.1818181818181818,0.6363636363636364,0,0
706,0.07001968994710546,7.0,Low,Moderate,Monitor,0,344,51,IN,100/300,2000,1398.46,0,MALE,Associate,sales,skydiving,other-relative,0,0,Single Vehicle Collision,Side Collision,Minor Damage,Ambulance,NC,Northbend,14,1,,0,2,NO,82830,7530,15060,60240,Audi,A5,2004,8315,59.22943809619152,0.0909090909090909,0.1818181818181818,0.7272727272727273,0,0
707,0.06992899009305464,6.99,Low,Moderate,Monitor,0,267,40,IL,250/500,500,1155.53,5000000,MALE,JD,transport-moving,camping,wife,0,-35200,Parked Car,,Trivial Damage,Police,NY,Columbus,5,1,,0,2,NO,5670,1260,630,3780,Ford,F150,1997,1933,4.906839285868823,0.2222222222222222,0.1111111111111111,0.6666666666666666,1,0
708,0.06963207384184567,6.96,Low,Moderate,Monitor,0,289,45,OH,250/500,2000,1221.41,0,FEMALE,Masters,farming-fishing,movies,wife,46700,-72500,Vehicle Theft,,Trivial Damage,Police,WV,Riverwood,9,1,NO,2,1,NO,2700,300,300,2100,Honda,Accord,2006,5601,2.2105599266421594,0.1111111111111111,0.1111111111111111,0.7777777777777778,0,0
709,0.06940279687175542,6.94,Low,Moderate,Monitor,0,31,36,IL,500/1000,2000,1318.24,9000000,FEMALE,College,prof-specialty,kayaking,not-in-family,0,-78600,Parked Car,,Trivial Damage,,WV,Arlington,9,1,NO,0,1,YES,4700,940,470,3290,Dodge,Neon,2002,5647,3.5653598737710888,0.2,0.1,0.7,0,0
710,0.06926874455917709,6.93,Low,Moderate,Monitor,0,246,44,OH,100/300,1000,1397.0,0,MALE,High School,machine-op-inspct,reading,not-in-family,0,0,Single Vehicle Collision,Rear Collision,Minor Damage,Other,NY,Arlington,6,1,NO,1,0,NO,61740,6860,6860,48020,Accura,MDX,1997,7241,44.194702934860416,0.1111111111111111,0.1111111111111111,0.7777777777777778,0,0
711,0.06926364131680067,6.93,Low,Moderate,Monitor,0,410,54,IL,100/300,2000,714.03,0,MALE,MD,protective-serv,board-games,own-child,0,-17000,Single Vehicle Collision,Side Collision,Minor Damage,Ambulance,WV,Northbend,0,1,YES,0,2,NO,59520,9920,9920,39680,Honda,Accord,2001,1632,83.35784210747448,0.1666666666666666,0.1666666666666666,0.6666666666666666,1,0
712,0.06912523409528891,6.91,Low,Moderate,Monitor,0,298,49,OH,250/500,500,1451.01,0,FEMALE,College,other-service,exercise,own-child,47800,0,Single Vehicle Collision,Front Collision,Minor Damage,Ambulance,NY,Springfield,17,1,NO,2,2,NO,28100,2810,5620,19670,Jeep,Grand Cherokee,2012,2282,19.365821048786707,0.1,0.2,0.7,0,0
713,0.0689145802533383,6.89,Low,Moderate,Monitor,0,86,28,IN,100/300,2000,1595.07,0,MALE,PhD,transport-moving,hiking,unmarried,75800,0,Single Vehicle Collision,Side Collision,Minor Damage,Police,VA,Hillsdale,19,1,YES,0,2,YES,70920,11820,11820,47280,Jeep,Wrangler,2002,8586,44.46199853297975,0.1666666666666666,0.1666666666666666,0.6666666666666666,0,0
714,0.06868201596121411,6.87,Low,Moderate,Monitor,0,211,35,IL,100/300,500,1040.75,0,FEMALE,JD,prof-specialty,paintball,not-in-family,0,0,Single Vehicle Collision,Rear Collision,Total Loss,Ambulance,WV,Northbend,1,1,YES,1,1,,42000,7000,7000,28000,BMW,X5,2011,6741,40.35551285130915,0.1666666666666666,0.1666666666666666,0.6666666666666666,1,0
715,0.06867533661112625,6.87,Low,Moderate,Monitor,1,232,42,IN,100/300,500,944.03,0,MALE,College,handlers-cleaners,kayaking,not-in-family,0,-58400,Single Vehicle Collision,Rear Collision,Minor Damage,Other,WV,Riverwood,11,1,YES,2,3,,77000,15400,7700,53900,Toyota,Highlander,2015,660,81.56520449561984,0.2,0.1,0.7,0,0
716,0.06822438342893446,6.82,Low,Moderate,Monitor,0,126,30,IL,500/1000,2000,916.13,0,MALE,College,sales,golf,unmarried,55300,-58400,Multi-vehicle Collision,Rear Collision,Total Loss,Police,NY,Northbend,16,3,YES,2,0,NO,74160,6180,12360,55620,Mercedes,E400,2002,5963,80.94921026491873,0.0833333333333333,0.1666666666666666,0.75,0,1
717,0.06695194285482205,6.7,Low,Moderate,Monitor,0,321,44,IL,500/1000,2000,1344.56,6000000,MALE,Associate,machine-op-inspct,hiking,husband,0,-39100,Vehicle Theft,,Trivial Damage,Police,NY,Northbend,7,1,,1,2,NO,4680,520,0,4160,Accura,MDX,1999,2486,3.4806925685726187,0.1111111111111111,0.0,0.8888888888888888,0,0
718,0.06677759578220369,6.68,Low,Moderate,Monitor,0,45,31,IN,100/300,500,1459.5,0,MALE,MD,priv-house-serv,movies,not-in-family,0,0,Parked Car,,Minor Damage,,NY,Springfield,6,1,,1,3,,6000,1000,1000,4000,Suburu,Impreza,2000,8921,4.110996916752312,0.1666666666666666,0.1666666666666666,0.6666666666666666,0,0
719,0.06602704190289307,6.6,Low,Moderate,Monitor,0,75,27,OH,100/300,1000,1141.1,0,MALE,JD,armed-forces,movies,other-relative,0,0,Multi-vehicle Collision,Side Collision,Minor Damage,Police,SC,Hillsdale,15,2,,0,1,YES,71640,5970,11940,53730,Toyota,Highlander,2008,7750,62.78152659714311,0.0833333333333333,0.1666666666666666,0.75,0,1
720,0.06510620524993661,6.51,Low,Moderate,Monitor,0,214,36,IL,100/300,2000,987.42,7000000,FEMALE,Associate,machine-op-inspct,kayaking,own-child,0,0,Multi-vehicle Collision,Front Collision,Minor Damage,Ambulance,NY,Springfield,17,3,NO,0,3,,47080,4280,8560,34240,Saab,93,2006,5354,47.679812035405405,0.0909090909090909,0.1818181818181818,0.7272727272727273,0,1
721,0.06466026079687923,6.47,Low,Moderate,Monitor,0,356,47,IN,250/500,2000,1155.97,0,MALE,High School,prof-specialty,camping,husband,0,0,Single Vehicle Collision,Side Collision,Minor Damage,Other,SC,Columbus,5,1,YES,0,3,,61490,5590,11180,44720,Dodge,RAM,2009,3471,53.19342197461872,0.0909090909090909,0.1818181818181818,0.7272727272727273,1,0
722,0.0644938692622814,6.45,Low,Moderate,Monitor,0,407,55,OH,100/300,1000,1250.08,5000000,FEMALE,PhD,tech-support,bungie-jumping,wife,0,-57700,Multi-vehicle Collision,Side Collision,Total Loss,Police,WV,Arlington,0,3,,2,3,YES,68160,11360,11360,45440,Ford,Escape,2010,6908,54.5245104313324,0.1666666666666666,0.1666666666666666,0.6666666666666666,1,1
723,0.06398087685328407,6.4,Low,Moderate,Monitor,0,325,46,IL,500/1000,500,1348.83,0,FEMALE,High School,prof-specialty,basketball,wife,46300,-77500,Multi-vehicle Collision,Rear Collision,Minor Damage,Fire,NC,Springfield,21,3,,1,2,YES,76120,13840,6920,55360,Toyota,Camry,1999,572,56.434094733954616,0.1818181818181818,0.0909090909090909,0.7272727272727273,0,1
724,0.06322739471030496,6.32,Low,Moderate,Monitor,0,458,61,IN,100/300,1000,1328.18,0,FEMALE,High School,protective-serv,bungie-jumping,other-relative,53000,0,Single Vehicle Collision,Front Collision,Minor Damage,Fire,WV,Columbus,18,1,NO,2,1,NO,56340,6260,6260,43820,Volkswagen,Passat,2003,8115,42.41894923880799,0.1111111111111111,0.1111111111111111,0.7777777777777778,0,0
725,0.06310535426330144,6.31,Low,Moderate,Monitor,0,259,39,OH,250/500,1000,1422.36,0,FEMALE,JD,craft-repair,movies,unmarried,0,-83900,Multi-vehicle Collision,Side Collision,Minor Damage,Fire,PA,Columbus,12,3,NO,1,3,,46560,7760,7760,31040,Nissan,Ultima,2012,7067,32.734328861891505,0.1666666666666666,0.1666666666666666,0.6666666666666666,0,1
726,0.0626969731632611,6.27,Low,Moderate,Monitor,0,303,43,OH,500/1000,1000,671.01,7000000,FEMALE,Associate,machine-op-inspct,camping,other-relative,42900,-61500,Single Vehicle Collision,Rear Collision,Minor Damage,Fire,NC,Springfield,20,1,,2,0,,60210,6690,6690,46830,Nissan,Maxima,2013,5838,89.73040640228909,0.1111111111111111,0.1111111111111111,0.7777777777777778,0,0
727,0.06250939779122172,6.25,Low,Moderate,Monitor,0,287,45,OH,500/1000,1000,1230.69,0,MALE,Masters,transport-moving,golf,not-in-family,0,-54600,Single Vehicle Collision,Front Collision,Minor Damage,Fire,VA,Springfield,19,1,NO,0,2,NO,53800,5380,5380,43040,Accura,MDX,2006,2746,43.71531417334991,0.1,0.1,0.8,0,0
728,0.06249407856437361,6.25,Low,Moderate,Monitor,0,390,51,OH,250/500,2000,1124.38,0,MALE,Associate,armed-forces,reading,other-relative,0,0,Vehicle Theft,,Minor Damage,,VA,Northbrook,9,1,YES,1,1,YES,7080,1180,1180,4720,Ford,F150,2001,5627,6.296803571746207,0.1666666666666666,0.1666666666666666,0.6666666666666666,0,0
729,0.06249043178975527,6.25,Low,Moderate,Monitor,0,269,45,IN,500/1000,500,1330.46,0,FEMALE,High School,machine-op-inspct,sleeping,wife,54800,-64100,Multi-vehicle Collision,Side Collision,Total Loss,Police,VA,Hillsdale,5,3,,0,0,NO,24200,2200,4400,17600,Suburu,Forrestor,2008,6722,18.189197721088945,0.0909090909090909,0.1818181818181818,0.7272727272727273,1,1
730,0.06242771444661266,6.24,Low,Moderate,Monitor,0,308,47,OH,100/300,1000,1013.61,6000000,FEMALE,Associate,craft-repair,movies,own-child,45700,-41400,Parked Car,,Minor Damage,,NY,Springfield,7,1,,1,1,YES,5590,860,860,3870,Suburu,Impreza,2002,474,5.514941644222136,0.1538461538461538,0.1538461538461538,0.6923076923076923,0,0
731,0.06221800151738983,6.22,Low,Moderate,Monitor,0,460,62,IN,250/500,1000,1187.96,4000000,MALE,JD,other-service,bungie-jumping,own-child,0,0,Multi-vehicle Collision,Rear Collision,Minor Damage,Police,NY,Columbus,20,3,NO,1,0,,47160,0,5240,41920,Suburu,Impreza,2011,4573,39.698306340280816,0.0,0.1111111111111111,0.8888888888888888,0,1
732,0.06196029720048,6.2,Low,Moderate,Monitor,0,63,26,IL,500/1000,500,1500.04,6000000,MALE,PhD,craft-repair,polo,own-child,0,-36500,Vehicle Theft,,Minor Damage,Police,NC,Northbrook,5,1,NO,0,2,YES,5160,860,860,3440,Accura,TL,2004,7064,3.4399082691128235,0.1666666666666666,0.1666666666666666,0.6666666666666666,1,0
733,0.061954493110484586,6.2,Low,Moderate,Monitor,0,255,46,IL,250/500,500,1302.34,0,FEMALE,JD,prof-specialty,video-games,own-child,0,-52600,Multi-vehicle Collision,Front Collision,Minor Damage,Fire,WV,Northbrook,2,3,NO,1,0,NO,57860,5260,10520,42080,Volkswagen,Jetta,2011,2970,44.42772240735906,0.0909090909090909,0.1818181818181818,0.7272727272727273,1,1
734,0.0615266777506307,6.15,Low,Moderate,Monitor,0,178,38,IL,250/500,500,1381.14,0,FEMALE,College,other-service,camping,wife,0,0,Multi-vehicle Collision,Rear Collision,Minor Damage,Other,NY,Northbrook,10,3,NO,0,3,NO,57200,5200,10400,41600,BMW,M5,2011,101,41.41506291903789,0.0909090909090909,0.1818181818181818,0.7272727272727273,0,1
735,0.06117329139109462,6.12,Low,Moderate,Monitor,0,166,38,IL,100/300,2000,1588.55,0,MALE,MD,protective-serv,video-games,unmarried,59600,-32100,Single Vehicle Collision,Side Collision,Total Loss,Other,WV,Columbus,8,1,NO,0,0,,40320,5760,5760,28800,Suburu,Impreza,2001,8096,25.381637342230334,0.1428571428571428,0.1428571428571428,0.7142857142857143,0,0
736,0.06104016596660392,6.1,Low,Moderate,Monitor,0,146,36,OH,500/1000,2000,1233.96,0,FEMALE,Masters,other-service,golf,other-relative,34500,-60600,Multi-vehicle Collision,Side Collision,Total Loss,Police,NC,Hillsdale,16,3,NO,1,1,NO,55900,5590,5590,44720,Nissan,Ultima,2015,664,45.30130636325327,0.1,0.1,0.8,0,1
737,0.060867925903191955,6.09,Low,Moderate,Monitor,0,219,40,OH,100/300,500,1134.91,0,FEMALE,Associate,transport-moving,golf,not-in-family,68700,0,Vehicle Theft,,Trivial Damage,,SC,Riverwood,6,1,,1,0,NO,6400,640,640,5120,Toyota,Camry,1997,3014,5.639213682142196,0.1,0.1,0.8,0,0
738,0.06046328407271613,6.05,Low,Moderate,Monitor,0,235,40,IL,500/1000,500,1398.94,0,MALE,College,craft-repair,bungie-jumping,husband,0,0,Single Vehicle Collision,Side Collision,Minor Damage,Ambulance,NY,Riverwood,11,1,NO,1,2,NO,68300,6830,13660,47810,Suburu,Forrestor,2003,7047,48.822680029164935,0.1,0.2,0.7,0,0
739,0.06029236380020063,6.03,Low,Moderate,Monitor,0,140,36,IN,250/500,500,1363.59,0,FEMALE,JD,armed-forces,kayaking,not-in-family,43200,0,Multi-vehicle Collision,Rear Collision,Minor Damage,Other,NY,Riverwood,10,3,,2,0,YES,79500,7950,7950,63600,Chevrolet,Tahoe,2000,8682,58.30198226739709,0.1,0.1,0.8,0,1
740,0.06018898045466015,6.02,Low,Moderate,Monitor,0,163,37,IN,250/500,500,1178.95,6000000,FEMALE,JD,priv-house-serv,dancing,own-child,0,-67300,Single Vehicle Collision,Rear Collision,Total Loss,Fire,NY,Springfield,20,1,YES,2,3,YES,49400,4940,9880,34580,Jeep,Wrangler,2005,3968,41.9016921837228,0.1,0.2,0.7,0,0
741,0.05975210632768456,5.98,Low,Moderate,Monitor,0,97,28,OH,100/300,1000,830.31,0,MALE,JD,farming-fishing,video-games,husband,0,-32600,Single Vehicle Collision,Rear Collision,Total Loss,Ambulance,SC,Springfield,22,1,,1,0,,45270,10060,10060,25150,Jeep,Wrangler,2006,1797,54.52180510893522,0.2222222222222222,0.2222222222222222,0.5555555555555556,0,0
742,0.059169737904417104,5.92,Low,Moderate,Monitor,0,132,32,OH,250/500,2000,1106.84,0,MALE,PhD,other-service,reading,wife,43100,-31900,Vehicle Theft,,Minor Damage,Police,SC,Riverwood,21,1,YES,1,1,YES,5600,1120,560,3920,Suburu,Legacy,2005,6262,5.059448520111308,0.2,0.1,0.7,0,0
743,0.05910176380509056,5.91,Low,Moderate,Monitor,0,135,30,IN,500/1000,2000,1341.24,0,FEMALE,MD,farming-fishing,skydiving,wife,37100,-46500,Multi-vehicle Collision,Rear Collision,Minor Damage,Ambulance,WV,Riverwood,18,3,NO,0,1,NO,32670,5940,2970,23760,Honda,Accord,2003,2189,24.35805672362888,0.1818181818181818,0.0909090909090909,0.7272727272727273,0,1
744,0.058873364601937046,5.89,Low,Moderate,Monitor,0,91,31,IN,100/300,1000,1338.4,4000000,FEMALE,High School,priv-house-serv,polo,own-child,63600,0,Single Vehicle Collision,Side Collision,Minor Damage,Police,NC,Hillsdale,19,1,,1,0,NO,60570,6730,6730,47110,Nissan,Maxima,2011,5639,45.25552898983861,0.1111111111111111,0.1111111111111111,0.7777777777777778,0,0
745,0.058762965041197664,5.88,Low,Moderate,Monitor,0,305,49,IL,100/300,2000,1347.92,0,FEMALE,High School,farming-fishing,bungie-jumping,own-child,0,-42100,Multi-vehicle Collision,Front Collision,Total Loss,Fire,NY,Hillsdale,21,3,YES,0,2,,66550,12100,6050,48400,Volkswagen,Jetta,2003,2004,49.3723663125408,0.1818181818181818,0.0909090909090909,0.7272727272727273,0,1
746,0.05851571903264968,5.85,Low,Moderate,Monitor,0,174,33,IN,250/500,2000,1124.43,0,FEMALE,College,farming-fishing,paintball,own-child,0,0,Multi-vehicle Collision,Rear Collision,Total Loss,Ambulance,WV,Northbrook,14,3,YES,0,1,YES,44200,8840,4420,30940,Saab,93,1995,284,39.308805350266354,0.2,0.1,0.7,0,1
747,0.058280665037942096,5.83,Low,Moderate,Monitor,0,428,53,IL,100/300,1000,1496.44,0,FEMALE,High School,tech-support,camping,unmarried,0,0,Parked Car,,Trivial Damage,Police,NC,Springfield,9,1,YES,2,2,NO,6930,630,1260,5040,Honda,CRV,2013,286,4.630990885033813,0.0909090909090909,0.1818181818181818,0.7272727272727273,0,0
748,0.05795101573446395,5.8,Low,Moderate,Monitor,0,371,52,IL,250/500,1000,1242.96,7000000,FEMALE,High School,other-service,paintball,own-child,0,-37100,Multi-vehicle Collision,Rear Collision,Minor Damage,Other,NY,Riverwood,2,2,YES,2,0,,88920,6840,13680,68400,Accura,RSX,2010,6342,71.53890712492759,0.0769230769230769,0.1538461538461538,0.7692307692307693,1,1
749,0.05785777685925239,5.79,Low,Moderate,Monitor,0,231,43,IN,100/300,2000,1331.69,0,FEMALE,Masters,adm-clerical,reading,not-in-family,0,0,Single Vehicle Collision,Rear Collision,Minor Damage,Police,NY,Northbend,12,1,,1,2,NO,66950,10300,10300,46350,Chevrolet,Malibu,2015,1763,50.27446327598765,0.1538461538461538,0.1538461538461538,0.6923076923076923,0,0
750,0.0578314911759315,5.78,Low,Moderate,Monitor,0,273,41,OH,500/1000,1000,1403.9,0,FEMALE,PhD,farming-fishing,dancing,own-child,0,0,Multi-vehicle Collision,Side Collision,Total Loss,Police,VA,Riverwood,16,2,,1,2,YES,44110,4010,8020,32080,Honda,Accord,2015,1809,31.419616781822064,0.0909090909090909,0.1818181818181818,0.7272727272727273,0,1
751,0.05769768169122686,5.77,Low,Low,Monitor,0,54,35,IN,100/300,500,1261.28,0,FEMALE,MD,protective-serv,hiking,unmarried,68500,-42100,Multi-vehicle Collision,Side Collision,Minor Damage,Fire,VA,Springfield,21,3,YES,2,0,,79090,14380,7190,57520,Nissan,Maxima,2012,1612,62.70613979449448,0.1818181818181818,0.0909090909090909,0.7272727272727273,0,1
752,0.05739245821486561,5.74,Low,Low,Monitor,0,285,42,IN,100/300,500,1389.13,0,MALE,Associate,priv-house-serv,golf,not-in-family,63100,-79400,Single Vehicle Collision,Side Collision,Total Loss,Fire,VA,Hillsdale,13,1,NO,0,3,,52700,5270,10540,36890,Toyota,Corolla,2005,8710,37.93741406491833,0.1,0.2,0.7,0,0
753,0.05664766760370178,5.66,Low,Low,Monitor,0,106,31,IL,500/1000,2000,1320.75,0,FEMALE,JD,farming-fishing,video-games,wife,54100,0,Multi-vehicle Collision,Rear Collision,Total Loss,Police,WV,Springfield,20,3,,0,3,YES,45630,5070,5070,35490,Accura,MDX,2011,6198,34.54855195911414,0.1111111111111111,0.1111111111111111,0.7777777777777778,0,1
754,0.05660060362035415,5.66,Low,Low,Monitor,0,285,47,IN,100/300,1000,1216.68,0,FEMALE,Masters,sales,basketball,other-relative,55100,0,Vehicle Theft,,Trivial Damage,Police,SC,Columbus,8,1,NO,1,1,NO,2700,300,300,2100,Ford,F150,2013,8499,2.219153762698491,0.1111111111111111,0.1111111111111111,0.7777777777777778,0,0
755,0.056557565503198896,5.66,Low,Low,Monitor,0,7,21,IN,500/1000,1000,1342.72,0,MALE,Associate,machine-op-inspct,camping,wife,0,-45300,Single Vehicle Collision,Front Collision,Total Loss,Other,NY,Hillsdale,21,1,,1,2,,62460,6940,6940,48580,Honda,Accord,2003,8487,46.51751668255481,0.1111111111111111,0.1111111111111111,0.7777777777777778,0,0
756,0.056368827113632704,5.64,Low,Low,Monitor,0,295,49,IL,100/300,500,1141.62,0,MALE,College,prof-specialty,kayaking,husband,34300,-24300,Vehicle Theft,,Minor Damage,,WV,Columbus,4,1,YES,1,3,YES,4320,480,480,3360,Mercedes,E400,2002,8237,3.784096284227677,0.1111111111111111,0.1111111111111111,0.7777777777777778,1,0
757,0.05579328908722744,5.58,Low,Low,Monitor,0,195,36,IN,100/300,2000,1346.18,0,FEMALE,Associate,machine-op-inspct,camping,wife,57800,-53300,Multi-vehicle Collision,Front Collision,Total Loss,Fire,SC,Hillsdale,14,3,YES,2,3,YES,68970,12540,6270,50160,Chevrolet,Tahoe,2007,4859,51.23386174211472,0.1818181818181818,0.0909090909090909,0.7272727272727273,0,1
758,0.055759953156023015,5.58,Low,Low,Monitor,0,153,34,IL,500/1000,1000,873.64,4000000,FEMALE,Associate,priv-house-serv,yachting,husband,800,0,Multi-vehicle Collision,Front Collision,Minor Damage,Other,SC,Columbus,9,3,NO,2,1,,68400,11400,11400,45600,Ford,F150,2007,3254,78.29311844695756,0.1666666666666666,0.1666666666666666,0.6666666666666666,0,1
759,0.055452132668841886,5.55,Low,Low,Monitor,0,421,57,IN,250/500,2000,1206.26,0,FEMALE,Associate,armed-forces,bungie-jumping,own-child,69900,0,Multi-vehicle Collision,Front Collision,Minor Damage,Police,NC,Arlington,22,3,YES,0,0,NO,78500,15700,7850,54950,Audi,A3,2015,4687,65.0771807073102,0.2,0.1,0.7,0,1
760,0.05507623333740591,5.51,Low,Low,Monitor,0,266,46,OH,250/500,500,1270.02,0,FEMALE,Associate,tech-support,skydiving,own-child,0,-45800,Parked Car,,Minor Damage,Police,NC,Northbrook,5,1,NO,1,2,,2160,480,240,1440,Toyota,Corolla,2004,9066,1.7007606179430246,0.2222222222222222,0.1111111111111111,0.6666666666666666,1,0
761,0.054949039237622774,5.49,Low,Low,Monitor,0,436,59,OH,500/1000,1000,1338.55,0,MALE,PhD,protective-serv,board-games,own-child,39000,0,Multi-vehicle Collision,Side Collision,Total Loss,Police,WV,Hillsdale,10,3,,2,2,NO,68000,13600,6800,47600,Toyota,Corolla,2014,1605,50.80124014792126,0.2,0.1,0.7,0,1
762,0.054647709204403774,5.46,Low,Low,Monitor,0,107,26,OH,100/300,500,974.59,0,FEMALE,JD,armed-forces,skydiving,wife,62800,0,Multi-vehicle Collision,Rear Collision,Minor Damage,Ambulance,NY,Arlington,14,3,,1,0,NO,59700,11940,11940,35820,Nissan,Ultima,2002,244,61.25652838629578,0.2,0.2,0.6,0,1
763,0.05451040047261823,5.45,Low,Low,Monitor,0,245,40,IL,500/1000,1000,1361.45,0,MALE,PhD,handlers-cleaners,camping,unmarried,39300,0,Single Vehicle Collision,Rear Collision,Minor Damage,Ambulance,OH,Northbend,12,1,YES,0,2,YES,82170,7470,7470,67230,Suburu,Forrestor,1999,1892,60.35476881266297,0.0909090909090909,0.0909090909090909,0.8181818181818182,0,0
764,0.0543594367283068,5.44,Low,Low,Monitor,0,251,39,IN,500/1000,2000,1231.98,0,FEMALE,Associate,other-service,hiking,not-in-family,0,-31700,Single Vehicle Collision,Rear Collision,Minor Damage,Police,NY,Hillsdale,10,1,YES,0,0,,44240,5530,5530,33180,Dodge,RAM,1997,5753,35.909673858341854,0.125,0.125,0.75,0,0
765,0.05419441329763855,5.42,Low,Low,Monitor,0,295,48,OH,250/500,1000,1148.73,0,FEMALE,College,machine-op-inspct,kayaking,wife,0,0,Parked Car,,Trivial Damage,,WV,Columbus,6,1,,1,2,YES,5400,900,900,3600,Saab,95,1999,2076,4.700843540257502,0.1666666666666666,0.1666666666666666,0.6666666666666666,0,0
766,0.05413658065749078,5.41,Low,Low,Monitor,0,294,46,IL,100/300,500,1532.8,0,MALE,College,prof-specialty,exercise,own-child,0,0,Single Vehicle Collision,Side Collision,Total Loss,Other,SC,Northbend,8,1,NO,0,3,YES,65780,11960,11960,41860,Mercedes,ML350,2013,1727,42.91492693110647,0.1818181818181818,0.1818181818181818,0.6363636363636364,0,0
767,0.054023567439717646,5.4,Low,Low,Monitor,0,30,36,IN,500/1000,500,1488.26,0,FEMALE,College,machine-op-inspct,golf,wife,0,-63500,Multi-vehicle Collision,Side Collision,Total Loss,Police,WV,Northbrook,17,3,NO,2,2,,57900,5790,5790,46320,Saab,95,2008,5038,38.904492494591,0.1,0.1,0.8,0,1
768,0.053992359417687874,5.4,Low,Low,Monitor,0,190,38,OH,250/500,500,1246.03,0,MALE,JD,craft-repair,movies,unmarried,61900,-50000,Single Vehicle Collision,Side Collision,Total Loss,Other,NY,Riverwood,14,1,YES,0,0,NO,45100,9020,4510,31570,Nissan,Maxima,2013,2688,36.1949551776442,0.2,0.1,0.7,0,0
769,0.053943366588050747,5.39,Low,Low,Monitor,0,315,44,IL,250/500,1000,974.16,6000000,FEMALE,Masters,sales,reading,other-relative,0,-56800,Multi-vehicle Collision,Front Collision,Total Loss,Other,NY,Springfield,12,3,,1,0,YES,26730,4860,4860,17010,Volkswagen,Jetta,2006,7948,27.439024390243905,0.1818181818181818,0.1818181818181818,0.6363636363636364,0,1
770,0.053802662450213846,5.38,Low,Low,Monitor,0,76,31,OH,500/1000,500,1493.5,5000000,FEMALE,Associate,priv-house-serv,movies,not-in-family,39900,-44000,Vehicle Theft,,Minor Damage,Police,WV,Northbrook,7,1,NO,2,1,NO,8030,1460,730,5840,Mercedes,E400,1995,2880,5.376632072313358,0.1818181818181818,0.0909090909090909,0.7272727272727273,0,0
771,0.053043473236948996,5.3,Low,Low,Monitor,0,214,40,OH,100/300,1000,1648.0,0,MALE,JD,transport-moving,base-jumping,not-in-family,57700,-43500,Single Vehicle Collision,Rear Collision,Total Loss,Other,WV,Northbrook,17,1,NO,1,0,YES,44220,8040,4020,32160,Accura,MDX,2000,5286,26.83252427184466,0.1818181818181818,0.0909090909090909,0.7272727272727273,0,0
772,0.052776181254215855,5.28,Low,Low,Monitor,0,405,55,IL,250/500,500,878.19,0,MALE,PhD,machine-op-inspct,golf,unmarried,57100,0,Multi-vehicle Collision,Rear Collision,Minor Damage,Fire,NC,Northbend,2,4,YES,0,2,NO,38640,4830,4830,28980,Chevrolet,Tahoe,1997,5718,43.99959006593106,0.125,0.125,0.75,1,1
773,0.05258916003520858,5.26,Low,Low,Monitor,0,144,36,IN,500/1000,2000,1255.68,6000000,FEMALE,Associate,sales,reading,other-relative,23600,-15600,Parked Car,,Minor Damage,,NC,Arlington,7,1,NO,0,0,,7400,740,1480,5180,Dodge,Neon,2014,7780,5.89322120285423,0.1,0.2,0.7,0,0
774,0.052450549961201756,5.25,Low,Low,Monitor,0,92,32,IL,500/1000,500,1592.41,0,MALE,Masters,prof-specialty,yachting,husband,58900,-29100,Single Vehicle Collision,Rear Collision,Total Loss,Ambulance,WV,Columbus,22,1,,2,3,YES,53400,5340,5340,42720,Jeep,Wrangler,1996,6217,33.53407727909269,0.1,0.1,0.8,0,0
775,0.052350049378674775,5.24,Low,Low,Monitor,0,281,43,OH,100/300,1000,1515.18,6000000,MALE,College,priv-house-serv,camping,other-relative,0,0,Multi-vehicle Collision,Side Collision,Minor Damage,Fire,SC,Northbrook,21,3,NO,1,0,NO,60190,9260,9260,41670,BMW,X6,1999,7877,39.72465317652028,0.1538461538461538,0.1538461538461538,0.6923076923076923,0,1
776,0.05212872044291891,5.21,Low,Low,Monitor,0,93,32,OH,250/500,2000,1624.82,0,MALE,PhD,exec-managerial,basketball,unmarried,65300,-65600,Single Vehicle Collision,Side Collision,Minor Damage,Ambulance,WV,Northbend,16,1,,1,1,,78120,17360,8680,52080,BMW,3 Series,2006,3420,48.07917184672764,0.2222222222222222,0.1111111111111111,0.6666666666666666,0,0
777,0.05188674104942998,5.19,Low,Low,Monitor,0,148,36,IL,500/1000,1000,1236.32,5000000,FEMALE,MD,adm-clerical,hiking,own-child,55100,0,Single Vehicle Collision,Side Collision,Total Loss,Police,PA,Northbrook,0,1,NO,2,0,NO,61050,5550,11100,44400,Dodge,Neon,2009,6946,49.38041930891679,0.0909090909090909,0.1818181818181818,0.7272727272727273,1,0
778,0.051790132138931445,5.18,Low,Low,Monitor,0,292,44,OH,500/1000,500,1097.57,0,MALE,PhD,priv-house-serv,basketball,unmarried,0,0,Single Vehicle Collision,Side Collision,Total Loss,Other,SC,Columbus,12,1,NO,1,0,YES,61700,6170,6170,49360,Saab,93,2005,6574,56.21509334256585,0.1,0.1,0.8,0,0
779,0.051756778451451366,5.18,Low,Low,Monitor,0,165,32,IN,500/1000,500,1399.26,0,FEMALE,High School,tech-support,exercise,own-child,70500,0,Parked Car,,Minor Damage,Police,PA,Northbrook,9,1,,2,0,,3960,330,660,2970,BMW,M5,1998,979,2.8300673212984004,0.0833333333333333,0.1666666666666666,0.75,0,0
780,0.05168239117300061,5.17,Low,Low,Monitor,0,98,26,IN,500/1000,2000,1082.1,0,MALE,JD,exec-managerial,kayaking,other-relative,0,-30900,Multi-vehicle Collision,Front Collision,Total Loss,Police,WV,Northbend,13,2,,0,1,YES,65430,14540,7270,43620,Jeep,Wrangler,2001,5098,60.46576102023843,0.2222222222222222,0.1111111111111111,0.6666666666666666,0,1
781,0.051388177649908946,5.14,Low,Low,Monitor,0,267,43,OH,250/500,500,1300.68,0,MALE,PhD,adm-clerical,sleeping,unmarried,49000,0,Parked Car,,Minor Damage,,NC,Northbend,0,1,NO,1,3,YES,1920,480,0,1440,Chevrolet,Tahoe,2011,4734,1.47615093643325,0.25,0.0,0.75,1,0
782,0.051116032533113885,5.11,Low,Low,Monitor,0,101,26,IL,500/1000,1000,1371.88,0,FEMALE,MD,prof-specialty,reading,husband,0,0,Parked Car,,Trivial Damage,,VA,Arlington,4,1,,2,2,,3190,580,580,2030,Suburu,Legacy,1995,8587,2.32527626323002,0.1818181818181818,0.1818181818181818,0.6363636363636364,1,0
783,0.05110529404059255,5.11,Low,Low,Monitor,0,182,38,OH,500/1000,2000,1441.06,0,FEMALE,Masters,armed-forces,movies,husband,53800,-78300,Single Vehicle Collision,Side Collision,Total Loss,Police,NY,Riverwood,18,1,,2,3,YES,89650,8150,16300,65200,Dodge,RAM,2005,2099,62.21115012560199,0.0909090909090909,0.1818181818181818,0.7272727272727273,0,0
784,0.05089812200055666,5.09,Low,Low,Monitor,0,86,29,IL,100/300,2000,1409.06,0,MALE,High School,prof-specialty,yachting,husband,74200,-68100,Single Vehicle Collision,Front Collision,Minor Damage,Police,NY,Northbrook,0,1,NO,2,2,YES,62920,9680,14520,38720,Accura,MDX,2005,153,44.653882730330864,0.1538461538461538,0.2307692307692307,0.6153846153846154,1,0
785,0.05048285887603557,5.05,Low,Low,Monitor,0,79,26,IL,100/300,500,1451.62,0,MALE,Associate,tech-support,kayaking,not-in-family,0,-55700,Single Vehicle Collision,Rear Collision,Minor Damage,Ambulance,WV,Columbus,19,1,NO,2,2,,40000,8000,4000,28000,BMW,M5,2010,7180,27.555420840164786,0.2,0.1,0.7,0,0
786,0.0503390226091811,5.03,Low,Low,Monitor,0,218,41,IL,100/300,500,914.22,0,MALE,JD,prof-specialty,golf,wife,37900,-72900,Multi-vehicle Collision,Side Collision,Total Loss,Police,NY,Springfield,14,3,NO,2,0,NO,84590,15380,7690,61520,Saab,93,2013,393,92.52696287545668,0.1818181818181818,0.0909090909090909,0.7272727272727273,0,1
787,0.050298793559039115,5.03,Low,Low,Monitor,0,286,41,IL,100/300,500,1106.77,0,FEMALE,College,prof-specialty,golf,other-relative,45500,-62500,Parked Car,,Trivial Damage,Police,WV,Columbus,3,1,,2,0,NO,5000,500,500,4000,Dodge,RAM,2003,4915,4.517650460348582,0.1,0.1,0.8,1,0
788,0.049718150613754425,4.97,Low,Low,Monitor,0,105,33,IL,500/1000,500,1310.76,0,FEMALE,High School,adm-clerical,kayaking,not-in-family,0,-40900,Single Vehicle Collision,Front Collision,Total Loss,Other,VA,Northbrook,8,1,YES,0,1,,70290,12780,6390,51120,Accura,MDX,2008,6798,53.625377643504535,0.1818181818181818,0.0909090909090909,0.7272727272727273,0,0
789,0.049192885970350084,4.92,Low,Low,Monitor,0,1,33,OH,250/500,2000,1391.63,0,MALE,Associate,sales,video-games,husband,61200,0,Single Vehicle Collision,Side Collision,Total Loss,Other,NY,Columbus,23,1,YES,0,3,NO,69400,6940,6940,55520,Mercedes,C300,2000,7022,49.86957740203933,0.1,0.1,0.8,1,0
790,0.04891319096145829,4.89,Low,Low,Monitor,0,339,48,OH,100/300,500,1698.51,0,MALE,JD,other-service,dancing,unmarried,0,0,Multi-vehicle Collision,Rear Collision,Total Loss,Fire,SC,Hillsdale,18,3,NO,2,1,,51840,8640,8640,34560,Volkswagen,Jetta,2001,3410,30.5208682904428,0.1666666666666666,0.1666666666666666,0.6666666666666666,0,1
791,0.04850429544274311,4.85,Low,Low,Monitor,0,103,26,IL,100/300,500,1354.83,0,MALE,MD,tech-support,sleeping,husband,66300,0,Multi-vehicle Collision,Front Collision,Minor Damage,Police,NY,Arlington,14,2,NO,2,2,,40600,4060,4060,32480,Volkswagen,Passat,2010,272,29.96685931076224,0.1,0.1,0.8,0,1
792,0.04831276907904069,4.83,Low,Low,Monitor,0,37,23,IL,500/1000,500,1475.93,0,FEMALE,College,prof-specialty,hiking,husband,0,-67400,Multi-vehicle Collision,Side Collision,Minor Damage,Other,SC,Springfield,17,3,YES,1,0,NO,51660,5740,5740,40180,Dodge,RAM,2010,3183,35.00165997032379,0.1111111111111111,0.1111111111111111,0.7777777777777778,0,1
793,0.04757344978137684,4.76,Low,Low,Monitor,0,119,32,IL,500/1000,1000,993.51,0,MALE,High School,armed-forces,bungie-jumping,unmarried,0,-49500,Single Vehicle Collision,Side Collision,Minor Damage,Other,WV,Hillsdale,12,1,NO,0,3,YES,56300,5630,11260,39410,BMW,M5,2011,216,56.66777385230144,0.1,0.2,0.7,0,0
794,0.04736092335424461,4.74,Low,Low,Monitor,0,127,31,OH,500/1000,500,1255.02,0,MALE,Associate,sales,reading,not-in-family,58200,0,Parked Car,,Minor Damage,,SC,Riverwood,10,1,YES,1,0,NO,6160,560,1120,4480,Nissan,Ultima,1996,4571,4.908288314130452,0.0909090909090909,0.1818181818181818,0.7272727272727273,0,0
795,0.04722511621631529,4.72,Low,Low,Monitor,0,19,32,OH,500/1000,1000,1215.85,0,MALE,High School,other-service,hiking,husband,42900,-90200,Vehicle Theft,,Minor Damage,Police,VA,Hillsdale,8,1,YES,1,1,YES,7040,1280,640,5120,Nissan,Maxima,2015,3288,5.790187934366904,0.1818181818181818,0.0909090909090909,0.7272727272727273,0,0
796,0.04700586062635069,4.7,Low,Low,Monitor,0,274,44,IN,500/1000,500,1395.58,0,FEMALE,JD,tech-support,reading,husband,0,0,Vehicle Theft,,Minor Damage,Police,WV,Springfield,7,1,NO,2,1,,5590,860,860,3870,BMW,X5,2000,3101,4.005503088321702,0.1538461538461538,0.1538461538461538,0.6923076923076923,0,0
797,0.04698476821137544,4.7,Low,Low,Monitor,0,148,30,OH,100/300,500,1471.24,0,FEMALE,Masters,farming-fishing,camping,own-child,57500,-93600,Multi-vehicle Collision,Side Collision,Minor Damage,Police,NC,Riverwood,4,3,NO,2,2,NO,32480,4060,4060,24360,Dodge,Neon,1997,4660,22.076615643946603,0.125,0.125,0.75,1,1
798,0.046932967189538974,4.69,Low,Low,Monitor,0,277,44,IN,500/1000,500,1412.31,0,MALE,High School,priv-house-serv,board-games,unmarried,0,0,Vehicle Theft,,Trivial Damage,Police,NC,Riverwood,6,1,NO,1,3,NO,5000,1000,500,3500,Jeep,Wrangler,2005,4968,3.540299226090589,0.2,0.1,0.7,0,0
799,0.046365432783235225,4.64,Low,Low,Monitor,0,206,39,IN,250/500,1000,1302.4,6000000,MALE,JD,craft-repair,dancing,unmarried,47200,-69700,Multi-vehicle Collision,Rear Collision,Total Loss,Ambulance,NY,Hillsdale,12,3,NO,2,3,YES,36300,3300,9900,23100,Ford,Escape,2013,205,27.87162162162162,0.0909090909090909,0.2727272727272727,0.6363636363636364,0,1
800,0.04619805365745856,4.62,Low,Low,Monitor,0,298,45,IL,500/1000,1000,1362.29,0,MALE,High School,farming-fishing,yachting,unmarried,0,-51100,Multi-vehicle Collision,Front Collision,Minor Damage,Ambulance,NY,Northbend,18,3,NO,0,0,NO,64000,12800,6400,44800,Saab,95,1999,8274,46.979717974880536,0.2,0.1,0.7,0,1
801,0.046146699816468344,4.61,Low,Low,Monitor,0,440,55,IL,250/500,500,1275.62,0,FEMALE,Associate,priv-house-serv,reading,other-relative,0,-56200,Multi-vehicle Collision,Side Collision,Minor Damage,Police,NY,Riverwood,18,3,YES,2,1,NO,61400,6140,6140,49120,Nissan,Ultima,1995,807,48.13345667204968,0.1,0.1,0.8,0,1
802,0.045922536948793155,4.59,Low,Low,Monitor,0,96,30,OH,100/300,500,1399.27,6000000,MALE,College,prof-specialty,hiking,wife,38900,-48700,Single Vehicle Collision,Side Collision,Total Loss,Fire,NC,Arlington,22,1,,0,0,YES,53440,0,6680,46760,Ford,Escape,2004,4900,38.19134262865637,0.0,0.125,0.875,0,0
803,0.04579672010873072,4.58,Low,Low,Monitor,0,228,39,IN,500/1000,500,1388.62,0,FEMALE,JD,sales,reading,husband,35200,0,Single Vehicle Collision,Side Collision,Minor Damage,Other,NC,Riverwood,10,1,YES,1,0,YES,59490,6610,6610,46270,Mercedes,ML350,1995,852,42.84109403580533,0.1111111111111111,0.1111111111111111,0.7777777777777778,0,0
804,0.04542855381970628,4.54,Low,Low,Monitor,0,289,47,OH,500/1000,2000,1102.29,0,FEMALE,Associate,adm-clerical,hiking,own-child,73000,-37900,Single Vehicle Collision,Front Collision,Minor Damage,Ambulance,VA,Northbend,15,1,NO,1,0,YES,54000,6000,6000,42000,Toyota,Highlander,1996,5663,48.98892306017473,0.1111111111111111,0.1111111111111111,0.7777777777777778,0,0
805,0.04532732754069059,4.53,Low,Low,Monitor,0,279,41,IL,250/500,500,1497.35,0,FEMALE,JD,prof-specialty,bungie-jumping,husband,37300,-31700,Multi-vehicle Collision,Front Collision,Minor Damage,Fire,NC,Northbrook,16,3,,2,3,NO,28800,0,3600,25200,Ford,Fusion,2013,4985,19.23398003138879,0.0,0.125,0.875,0,1
806,0.04510134565057452,4.51,Low,Low,Monitor,0,2,28,IL,250/500,1000,1340.56,0,FEMALE,JD,machine-op-inspct,golf,not-in-family,0,0,Single Vehicle Collision,Side Collision,Minor Damage,Fire,NY,Northbend,19,1,YES,0,2,YES,58140,6460,6460,45220,Saab,92x,2008,5719,43.369934952557145,0.1111111111111111,0.1111111111111111,0.7777777777777778,0,0
807,0.04467410697243735,4.47,Low,Low,Monitor,0,257,43,IN,100/300,2000,1322.1,0,MALE,High School,prof-specialty,golf,own-child,0,-29200,Parked Car,,Minor Damage,Police,PA,Arlington,4,1,YES,1,3,YES,9020,1640,820,6560,Toyota,Camry,2005,8896,6.822479388851071,0.1818181818181818,0.0909090909090909,0.7272727272727273,1,0
808,0.044414217987495,4.44,Low,Low,Monitor,0,204,40,IL,100/300,500,1256.2,0,FEMALE,JD,sales,hiking,not-in-family,0,0,Multi-vehicle Collision,Side Collision,Minor Damage,Other,SC,Northbend,10,3,YES,1,2,YES,41700,8340,8340,25020,Saab,95,2013,8746,33.19535105874861,0.2,0.2,0.6,0,1
809,0.044296264235237776,4.43,Low,Low,Monitor,0,35,29,IN,500/1000,2000,653.66,0,FEMALE,JD,handlers-cleaners,video-games,unmarried,52100,-46900,Multi-vehicle Collision,Rear Collision,Minor Damage,Fire,SC,Springfield,22,3,NO,0,0,,78300,15660,7830,54810,BMW,X5,2009,1279,119.78704525288376,0.2,0.1,0.7,0,1
810,0.044178621092818546,4.42,Low,Low,Monitor,0,246,43,IN,250/500,1000,1267.4,6000000,MALE,JD,adm-clerical,basketball,husband,0,0,Single Vehicle Collision,Side Collision,Minor Damage,Fire,NY,Hillsdale,0,1,NO,2,1,,50700,5070,5070,40560,Accura,RSX,2006,754,40.00315606753984,0.1,0.1,0.8,1,0
811,0.04382516673994718,4.38,Low,Low,Monitor,0,3,38,OH,500/1000,1000,1310.8,0,FEMALE,Masters,craft-repair,paintball,unmarried,0,0,Single Vehicle Collision,Front Collision,Minor Damage,Fire,NC,Northbrook,20,1,YES,0,1,,87200,17440,8720,61040,Honda,Accord,2006,8622,66.52425999389686,0.2,0.1,0.7,0,0
812,0.043413053230201344,4.34,Low,Low,Monitor,0,37,25,OH,100/300,1000,1221.17,0,FEMALE,Masters,protective-serv,golf,not-in-family,49300,0,Multi-vehicle Collision,Rear Collision,Minor Damage,Ambulance,SC,Northbrook,4,3,YES,0,0,YES,51030,5670,11340,34020,Suburu,Impreza,1996,4344,41.78779367328054,0.1111111111111111,0.2222222222222222,0.6666666666666666,1,1
813,0.04339610240806863,4.34,Low,Low,Monitor,0,263,43,IN,500/1000,1000,1294.04,0,FEMALE,Masters,handlers-cleaners,movies,not-in-family,0,0,Single Vehicle Collision,Rear Collision,Minor Damage,Fire,SC,Riverwood,17,1,YES,2,3,YES,79320,13220,6610,59490,Nissan,Ultima,1997,6760,61.2964050570307,0.1666666666666666,0.0833333333333333,0.75,0,0
814,0.04338490790236277,4.34,Low,Low,Monitor,0,257,44,OH,100/300,1000,1280.88,0,MALE,MD,other-service,basketball,other-relative,59400,-32200,Single Vehicle Collision,Rear Collision,Total Loss,Other,WV,Riverwood,21,1,NO,0,1,NO,46980,0,5220,41760,Accura,TL,2002,3131,36.6779089376054,0.0,0.1111111111111111,0.8888888888888888,0,0
815,0.0424125598210528,4.24,Low,Low,Monitor,0,223,43,OH,250/500,500,1734.09,0,FEMALE,MD,adm-clerical,camping,not-in-family,0,0,Parked Car,,Trivial Damage,,WV,Arlington,6,1,YES,0,3,,5200,650,650,3900,Accura,MDX,2006,4651,2.998690956063411,0.125,0.125,0.75,0,0
816,0.04235478636952549,4.24,Low,Low,Monitor,0,289,48,IL,500/1000,500,1173.37,8000000,FEMALE,PhD,handlers-cleaners,board-games,own-child,0,-42700,Single Vehicle Collision,Front Collision,Total Loss,Other,SC,Springfield,1,1,,1,0,,42900,8580,0,34320,Accura,TL,1999,7073,36.561357457579454,0.2,0.0,0.8,1,0
817,0.0422494389509142,4.22,Low,Low,Monitor,0,61,29,IN,250/500,1000,1115.27,0,MALE,JD,handlers-cleaners,polo,unmarried,0,-66000,Parked Car,,Trivial Damage,,VA,Hillsdale,10,1,YES,2,1,YES,5900,590,590,4720,Nissan,Pathfinder,2010,7233,5.290198785944211,0.1,0.1,0.8,0,0
818,0.04205883330042098,4.21,Low,Low,Monitor,0,33,32,OH,100/300,500,1402.78,5000000,FEMALE,PhD,other-service,base-jumping,husband,70300,-50300,Single Vehicle Collision,Rear Collision,Minor Damage,Ambulance,NY,Northbrook,2,1,YES,0,1,,56070,6230,12460,37380,Toyota,Camry,2012,2523,39.97062974949743,0.1111111111111111,0.2222222222222222,0.6666666666666666,1,0
819,0.04199118529507072,4.2,Low,Low,Monitor,0,110,28,OH,250/500,1000,1573.93,0,MALE,College,other-service,movies,other-relative,30400,0,Multi-vehicle Collision,Side Collision,Minor Damage,Police,NY,Springfield,20,3,YES,0,2,,65040,10840,10840,43360,Suburu,Impreza,2010,543,41.323311710177705,0.1666666666666666,0.1666666666666666,0.6666666666666666,0,1
820,0.041622344495120964,4.16,Low,Low,Monitor,0,217,41,IL,500/1000,2000,875.15,0,FEMALE,Associate,machine-op-inspct,skydiving,own-child,46700,0,Multi-vehicle Collision,Side Collision,Total Loss,Police,SC,Arlington,15,3,,1,2,,37840,0,4730,33110,Accura,RSX,1996,3362,43.23830200537051,0.0,0.125,0.875,0,1
821,0.04074458105566411,4.07,Low,Low,Monitor,0,66,28,IN,100/300,2000,1472.77,0,MALE,Associate,adm-clerical,exercise,husband,0,-31700,Single Vehicle Collision,Front Collision,Total Loss,Other,NY,Springfield,0,1,,2,1,,48290,8780,8780,30730,Nissan,Maxima,1995,7692,32.788554899950434,0.1818181818181818,0.1818181818181818,0.6363636363636364,1,0
822,0.04028596522989915,4.03,Low,Low,Monitor,0,155,35,OH,250/500,1000,919.37,0,FEMALE,Associate,protective-serv,hiking,not-in-family,83600,0,Single Vehicle Collision,Front Collision,Minor Damage,Ambulance,NY,Northbrook,0,1,,0,3,,48360,8060,8060,32240,Nissan,Maxima,1997,7832,52.60123780414849,0.1666666666666666,0.1666666666666666,0.6666666666666666,1,0
823,0.03949844912097482,3.95,Low,Low,Monitor,0,330,50,IL,500/1000,1000,978.46,0,FEMALE,High School,sales,yachting,husband,0,0,Single Vehicle Collision,Side Collision,Total Loss,Fire,NY,Hillsdale,19,1,YES,0,0,NO,49060,8920,8920,31220,Chevrolet,Silverado,1995,4421,50.14001594342129,0.1818181818181818,0.1818181818181818,0.6363636363636364,0,0
824,0.03927653339080394,3.93,Low,Low,Monitor,0,128,29,OH,500/1000,1000,1878.44,0,MALE,High School,other-service,golf,husband,0,-76000,Single Vehicle Collision,Rear Collision,Total Loss,Fire,VA,Riverwood,2,1,NO,0,0,,59070,5370,5370,48330,Chevrolet,Malibu,2003,1569,31.44630650965695,0.0909090909090909,0.0909090909090909,0.8181818181818182,1,0
825,0.039199635640658724,3.92,Low,Low,Monitor,0,300,49,IL,100/300,1000,1441.21,0,FEMALE,PhD,farming-fishing,kayaking,wife,0,0,Vehicle Theft,,Trivial Damage,,SC,Columbus,3,1,NO,1,0,NO,7080,1180,1180,4720,Nissan,Maxima,2001,6958,4.912538769506178,0.1666666666666666,0.1666666666666666,0.6666666666666666,1,0
826,0.03908113782689701,3.91,Low,Low,Monitor,0,250,43,IL,500/1000,2000,1539.06,0,MALE,Masters,sales,exercise,other-relative,37800,0,Single Vehicle Collision,Front Collision,Minor Damage,Fire,SC,Hillsdale,2,1,NO,0,3,,64200,10700,10700,42800,Ford,F150,2002,9064,41.71377334216989,0.1666666666666666,0.1666666666666666,0.6666666666666666,1,0
827,0.03907587586305896,3.91,Low,Low,Monitor,0,235,42,IN,250/500,500,1072.62,0,FEMALE,Masters,machine-op-inspct,exercise,husband,39900,-60200,Multi-vehicle Collision,Side Collision,Total Loss,Other,WV,Springfield,7,4,,2,1,YES,69100,6910,6910,55280,Toyota,Highlander,2006,8915,64.42169640692883,0.1,0.1,0.8,0,1
828,0.03905576386773601,3.91,Low,Low,Monitor,0,292,42,IN,250/500,1000,1588.22,0,MALE,JD,machine-op-inspct,camping,other-relative,0,-53800,Multi-vehicle Collision,Rear Collision,Total Loss,Other,WV,Riverwood,15,3,YES,1,1,NO,84600,16920,8460,59220,Chevrolet,Malibu,2007,2874,53.26717960987772,0.2,0.1,0.7,0,1
829,0.03873262317211553,3.87,Low,Low,Monitor,0,27,28,OH,500/1000,1000,1074.47,0,MALE,MD,protective-serv,camping,wife,0,0,Parked Car,,Trivial Damage,Police,WV,Riverwood,4,1,,2,0,,3200,400,400,2400,Jeep,Grand Cherokee,2012,8240,2.9782125140767075,0.125,0.125,0.75,1,0
830,0.03871770998174576,3.87,Low,Low,Monitor,0,439,56,OH,100/300,500,1280.9,0,MALE,High School,armed-forces,video-games,own-child,48900,-40900,Single Vehicle Collision,Rear Collision,Minor Damage,Ambulance,NC,Springfield,9,1,NO,2,0,,50000,15000,5000,30000,Jeep,Wrangler,2009,6473,39.03505347802327,0.3,0.1,0.6,0,0
831,0.03832949270563567,3.83,Low,Low,Monitor,0,75,25,IL,500/1000,1000,1389.86,0,FEMALE,Associate,priv-house-serv,hiking,husband,0,0,Multi-vehicle Collision,Side Collision,Total Loss,Other,WV,Springfield,23,2,,2,3,YES,65100,6510,6510,52080,Saab,93,2011,1143,46.83924999640252,0.1,0.1,0.8,1,1
832,0.03748379390522139,3.75,Low,Low,Monitor,0,280,45,IN,250/500,1000,1397.67,0,MALE,JD,machine-op-inspct,camping,wife,57900,0,Multi-vehicle Collision,Front Collision,Minor Damage,Other,NY,Arlington,0,3,YES,1,2,NO,84720,14120,14120,56480,Ford,Escape,1999,1287,60.61516667024405,0.1666666666666666,0.1666666666666666,0.6666666666666666,1,1
833,0.03714289865598025,3.71,Low,Low,Monitor,0,40,39,IN,500/1000,1000,1248.25,4000000,FEMALE,College,sales,hiking,own-child,0,-33300,Parked Car,,Minor Damage,Police,VA,Northbrook,8,1,NO,0,2,,8760,1460,1460,5840,BMW,3 Series,2013,5058,7.017824954936912,0.1666666666666666,0.1666666666666666,0.6666666666666666,0,0
834,0.03710109687376391,3.71,Low,Low,Monitor,0,253,44,OH,100/300,2000,719.52,0,FEMALE,High School,farming-fishing,golf,own-child,45800,0,Parked Car,,Trivial Damage,,SC,Arlington,9,1,NO,0,3,,5400,600,600,4200,Chevrolet,Malibu,1998,2834,7.5050033355570385,0.1111111111111111,0.1111111111111111,0.7777777777777778,0,0
835,0.03703642408048786,3.7,Low,Low,Monitor,0,296,42,IN,250/500,2000,1219.27,0,MALE,Associate,tech-support,paintball,husband,53100,-63400,Multi-vehicle Collision,Side Collision,Total Loss,Ambulance,WV,Columbus,9,3,YES,1,2,NO,64080,7120,7120,49840,Saab,93,2012,4355,52.55603762907313,0.1111111111111111,0.1111111111111111,0.7777777777777778,0,1
836,0.03664759047430756,3.66,Low,Low,Monitor,0,104,30,OH,100/300,500,1052.85,0,FEMALE,MD,protective-serv,skydiving,other-relative,0,-70100,Vehicle Theft,,Minor Damage,Police,WV,Riverwood,8,1,NO,0,0,YES,4800,960,480,3360,BMW,3 Series,2006,1651,4.559053996295769,0.2,0.1,0.7,0,0
837,0.036635108763140266,3.66,Low,Low,Monitor,0,24,33,IL,500/1000,1000,1922.84,0,FEMALE,High School,machine-op-inspct,skydiving,wife,0,-45200,Single Vehicle Collision,Side Collision,Total Loss,Police,WV,Northbend,0,1,,2,1,NO,46800,4680,9360,32760,Jeep,Wrangler,2002,6945,24.338998564623164,0.1,0.2,0.7,1,0
838,0.03649960702075202,3.65,Low,Low,Monitor,0,247,39,IL,100/300,500,806.31,0,FEMALE,College,handlers-cleaners,dancing,wife,0,0,Parked Car,,Trivial Damage,Police,SC,Northbend,3,1,,2,3,,3300,600,0,2700,Dodge,RAM,2003,7750,4.092718681400454,0.1818181818181818,0.0,0.8181818181818182,1,0
839,0.03628210712736784,3.63,Low,Low,Monitor,0,245,40,IN,500/1000,500,885.08,0,FEMALE,Masters,armed-forces,skydiving,other-relative,27000,-58900,Single Vehicle Collision,Front Collision,Total Loss,Other,WV,Northbend,0,1,YES,0,1,NO,85150,13100,13100,58950,Chevrolet,Malibu,1998,4893,96.20599267862792,0.1538461538461538,0.1538461538461538,0.6923076923076923,1,0
840,0.03623294350035673,3.62,Low,Low,Monitor,1,29,25,IL,250/500,2000,1352.83,0,MALE,Masters,farming-fishing,skydiving,own-child,0,-71700,Multi-vehicle Collision,Rear Collision,Minor Damage,Other,SC,Hillsdale,4,4,YES,1,2,YES,64890,7210,7210,50470,Nissan,Pathfinder,2013,82,47.96611547644567,0.1111111111111111,0.1111111111111111,0.7777777777777778,1,1
841,0.03616581845551022,3.62,Low,Low,Monitor,0,245,44,IL,500/1000,1000,1168.2,0,MALE,JD,handlers-cleaners,basketball,husband,69100,0,Multi-vehicle Collision,Side Collision,Total Loss,Other,OH,Springfield,23,3,NO,0,3,NO,44280,7380,3690,33210,Honda,Accord,1997,7804,37.90446841294299,0.1666666666666666,0.0833333333333333,0.75,1,1
842,0.035593118967359685,3.56,Low,Low,Monitor,0,280,41,OH,500/1000,2000,1140.31,0,MALE,MD,adm-clerical,exercise,husband,29300,-64700,Multi-vehicle Collision,Rear Collision,Minor Damage,Police,WV,Arlington,10,3,,0,3,YES,53020,9640,9640,33740,Toyota,Corolla,1999,7377,46.49612824582789,0.1818181818181818,0.1818181818181818,0.6363636363636364,0,1
843,0.035552536366537865,3.56,Low,Low,Monitor,0,159,37,IL,500/1000,1000,894.4,0,MALE,Associate,tech-support,camping,wife,0,-53700,Single Vehicle Collision,Rear Collision,Total Loss,Police,NY,Springfield,13,1,YES,2,0,NO,70290,7810,7810,54670,Dodge,RAM,1999,5976,78.58899821109124,0.1111111111111111,0.1111111111111111,0.7777777777777778,0,0
844,0.03522915044140845,3.52,Low,Low,Monitor,0,230,41,IN,100/300,1000,1464.03,0,MALE,JD,transport-moving,sleeping,own-child,0,0,Multi-vehicle Collision,Side Collision,Minor Damage,Ambulance,NY,Springfield,19,3,,2,0,,53040,4420,4420,44200,Audi,A3,2006,8457,36.22876580397943,0.0833333333333333,0.0833333333333333,0.8333333333333334,0,1
845,0.035154885369673976,3.52,Low,Low,Monitor,0,179,32,OH,500/1000,2000,1246.68,0,FEMALE,PhD,priv-house-serv,movies,own-child,0,0,Single Vehicle Collision,Front Collision,Minor Damage,Fire,NY,Arlington,10,1,,0,1,,53100,5900,5900,41300,Suburu,Impreza,2006,6618,42.59312734623159,0.1111111111111111,0.1111111111111111,0.7777777777777778,0,0
846,0.03491085139981651,3.49,Low,Low,Monitor,0,259,45,IL,500/1000,2000,1175.07,0,MALE,MD,craft-repair,movies,not-in-family,30100,0,Single Vehicle Collision,Side Collision,Minor Damage,Fire,WV,Springfield,23,1,,1,1,NO,87780,7980,7980,71820,Honda,CRV,2011,2935,74.70193265082081,0.0909090909090909,0.0909090909090909,0.8181818181818182,1,0
847,0.03483112323709749,3.48,Low,Low,Monitor,0,241,39,OH,250/500,1000,1260.56,0,FEMALE,JD,adm-clerical,paintball,own-child,0,-54900,Multi-vehicle Collision,Side Collision,Minor Damage,Police,SC,Northbrook,20,3,NO,0,2,YES,37520,4690,4690,28140,Jeep,Wrangler,2010,3587,29.76454908929365,0.125,0.125,0.75,0,1
848,0.034652312280138625,3.47,Low,Low,Monitor,0,98,31,IN,100/300,500,671.92,0,MALE,Masters,machine-op-inspct,bungie-jumping,wife,0,-26400,Single Vehicle Collision,Front Collision,Minor Damage,Other,NC,Riverwood,3,1,,2,0,,64080,7120,7120,49840,Ford,Escape,1997,9123,95.36849624955352,0.1111111111111111,0.1111111111111111,0.7777777777777778,1,0
849,0.03456081118436632,3.46,Low,Low,Monitor,0,273,47,OH,500/1000,1000,1189.04,0,FEMALE,Associate,prof-specialty,video-games,own-child,59600,0,Multi-vehicle Collision,Side Collision,Minor Damage,Police,VA,Northbrook,0,3,NO,1,3,,39800,7960,3980,27860,Jeep,Wrangler,2014,1215,33.47238108053556,0.2,0.1,0.7,1,1
850,0.034342395327183896,3.43,Low,Low,Monitor,0,103,29,OH,500/1000,500,914.85,0,MALE,Associate,prof-specialty,base-jumping,other-relative,72100,0,Parked Car,,Minor Damage,Police,OH,Columbus,5,1,NO,2,3,NO,7110,790,1580,4740,Accura,MDX,2005,7478,7.771765863256271,0.1111111111111111,0.2222222222222222,0.6666666666666666,1,0
851,0.034202422524927896,3.42,Low,Low,Monitor,0,449,57,OH,250/500,2000,1440.68,0,MALE,Associate,tech-support,movies,own-child,25000,0,Parked Car,,Minor Damage,,SC,Riverwood,8,1,YES,0,1,YES,5390,980,980,3430,Volkswagen,Passat,2008,5777,3.741288835827526,0.1818181818181818,0.1818181818181818,0.6363636363636364,0,0
852,0.0340014103370648,3.4,Low,Low,Monitor,0,461,61,OH,100/300,2000,1402.75,0,MALE,JD,exec-managerial,exercise,husband,0,0,Multi-vehicle Collision,Rear Collision,Minor Damage,Police,NY,Columbus,10,3,,2,1,YES,72100,7210,14420,50470,Jeep,Wrangler,2006,3523,51.39903760470504,0.1,0.2,0.7,0,1
853,0.03372881878096435,3.37,Low,Low,Monitor,0,109,29,OH,100/300,2000,1007.28,6000000,FEMALE,High School,adm-clerical,movies,husband,0,0,Multi-vehicle Collision,Side Collision,Minor Damage,Police,NY,Riverwood,17,3,NO,1,3,YES,91080,16560,16560,57960,Jeep,Wrangler,1995,3065,90.421729807005,0.1818181818181818,0.1818181818181818,0.6363636363636364,0,1
854,0.03284914370625095,3.28,Low,Low,Monitor,0,107,31,IL,100/300,2000,1018.73,5000000,MALE,Associate,handlers-cleaners,yachting,own-child,20000,-82700,Multi-vehicle Collision,Side Collision,Total Loss,Police,NY,Riverwood,21,3,YES,1,2,,93730,14420,21630,57680,Honda,CRV,2001,7368,92.0067142422428,0.1538461538461538,0.2307692307692307,0.6153846153846154,0,1
855,0.0326112627021868,3.26,Low,Low,Monitor,0,124,32,IN,100/300,1000,1310.71,0,FEMALE,Masters,farming-fishing,kayaking,wife,29300,0,Single Vehicle Collision,Side Collision,Total Loss,Ambulance,NY,Columbus,23,1,YES,0,1,NO,57700,5770,5770,46160,Toyota,Camry,2003,3113,44.02194230607839,0.1,0.1,0.8,1,0
856,0.03259880262248643,3.26,Low,Low,Monitor,0,78,31,OH,250/500,1000,1377.23,0,FEMALE,Masters,armed-forces,kayaking,unmarried,72600,0,Multi-vehicle Collision,Side Collision,Minor Damage,Other,NY,Hillsdale,1,3,,2,1,,52290,5810,11620,34860,Nissan,Maxima,1997,8734,37.96751450375028,0.1111111111111111,0.2222222222222222,0.6666666666666666,1,1
857,0.03249900782999747,3.25,Low,Low,Monitor,0,252,46,IN,500/1000,2000,1066.7,0,FEMALE,JD,handlers-cleaners,sleeping,own-child,0,0,Multi-vehicle Collision,Front Collision,Total Loss,Other,VA,Northbend,22,3,NO,0,2,NO,89520,14920,14920,59680,Audi,A3,2014,6635,83.92237742570545,0.1666666666666666,0.1666666666666666,0.6666666666666666,0,1
858,0.03249030501538561,3.25,Low,Low,Monitor,0,63,24,OH,250/500,2000,1620.89,0,FEMALE,High School,handlers-cleaners,movies,other-relative,0,0,Vehicle Theft,,Minor Damage,Police,NC,Hillsdale,7,1,NO,2,0,NO,6120,1020,1020,4080,Toyota,Corolla,2015,7696,3.7757034715495807,0.1666666666666666,0.1666666666666666,0.6666666666666666,0,0
859,0.03239947523789002,3.24,Low,Low,Monitor,0,140,31,IN,500/1000,500,708.64,6000000,MALE,High School,machine-op-inspct,reading,unmarried,53500,0,Single Vehicle Collision,Side Collision,Total Loss,Police,WV,Northbend,9,1,NO,0,2,YES,77880,14160,7080,56640,Suburu,Legacy,2015,3704,109.90065477534432,0.1818181818181818,0.0909090909090909,0.7272727272727273,0,0
860,0.0320428197258289,3.2,Low,Low,Monitor,0,156,37,OH,500/1000,1000,1086.48,6000000,MALE,Associate,machine-op-inspct,hiking,unmarried,0,-53800,Multi-vehicle Collision,Rear Collision,Total Loss,Other,NY,Northbrook,17,3,,1,1,YES,77440,14080,7040,56320,Suburu,Legacy,1999,8496,71.27604741918857,0.1818181818181818,0.0909090909090909,0.7272727272727273,0,1
861,0.03203497670005541,3.2,Low,Low,Monitor,0,465,63,IL,250/500,500,1006.99,6000000,FEMALE,Masters,sales,board-games,own-child,0,0,Single Vehicle Collision,Side Collision,Minor Damage,Other,WV,Columbus,7,1,NO,0,3,,43560,4840,4840,33880,Suburu,Legacy,2015,1120,43.25762917208712,0.1111111111111111,0.1111111111111111,0.7777777777777778,0,0
862,0.03167954662040355,3.17,Low,Low,Monitor,0,176,39,OH,250/500,500,1365.46,4000000,MALE,College,armed-forces,sleeping,unmarried,0,-56600,Multi-vehicle Collision,Side Collision,Minor Damage,Fire,SC,Columbus,14,3,NO,2,1,NO,44280,4920,4920,34440,Chevrolet,Silverado,2008,1538,32.4286321093258,0.1111111111111111,0.1111111111111111,0.7777777777777778,0,1
863,0.03160199975291254,3.16,Low,Low,Monitor,0,120,35,OH,100/300,1000,1425.54,0,FEMALE,High School,transport-moving,bungie-jumping,other-relative,78300,0,Multi-vehicle Collision,Front Collision,Total Loss,Ambulance,SC,Riverwood,22,3,NO,2,0,NO,51210,11380,5690,34140,Ford,Fusion,2010,5095,35.92322909213351,0.2222222222222222,0.1111111111111111,0.6666666666666666,0,1
864,0.03159614429583656,3.16,Low,Low,Monitor,0,180,36,IL,100/300,500,1272.46,0,MALE,College,prof-specialty,exercise,wife,0,0,Multi-vehicle Collision,Front Collision,Minor Damage,Ambulance,NY,Northbrook,7,3,YES,2,1,,69630,12660,6330,50640,Toyota,Corolla,1998,47,54.72077707747198,0.1818181818181818,0.0909090909090909,0.7272727272727273,0,1
865,0.031416686442830785,3.14,Low,Low,Monitor,0,151,36,OH,250/500,2000,870.63,0,FEMALE,MD,adm-clerical,kayaking,own-child,94800,-58500,Multi-vehicle Collision,Side Collision,Minor Damage,Police,VA,Hillsdale,12,3,NO,1,1,NO,62920,11440,5720,45760,Ford,Escape,2000,3601,72.26950598991534,0.1818181818181818,0.0909090909090909,0.7272727272727273,0,1
866,0.03112990786587972,3.11,Low,Low,Monitor,0,215,35,IL,500/1000,1000,1125.4,0,MALE,Masters,adm-clerical,yachting,husband,40000,-43400,Vehicle Theft,,Trivial Damage,,WV,Columbus,6,1,,2,1,NO,2640,220,440,1980,Jeep,Wrangler,2001,3866,2.3458325928558734,0.0833333333333333,0.1666666666666666,0.75,0,0
867,0.0309716522543341,3.1,Low,Low,Monitor,0,47,37,IN,250/500,2000,1241.97,0,MALE,High School,other-service,movies,not-in-family,75400,0,Parked Car,,Minor Damage,,NY,Hillsdale,18,1,NO,1,0,NO,6700,670,670,5360,Jeep,Wrangler,2011,2486,5.394655265425091,0.1,0.1,0.8,0,0
868,0.030700765946587837,3.07,Low,Low,Monitor,0,32,38,IL,100/300,500,1006.77,6000000,FEMALE,College,other-service,sleeping,own-child,0,0,Multi-vehicle Collision,Side Collision,Minor Damage,Police,SC,Northbend,15,3,YES,2,1,YES,70900,14180,7090,49630,BMW,X6,1997,1793,70.42323470107374,0.2,0.1,0.7,0,1
869,0.03053768794775296,3.05,Low,Low,Monitor,0,222,40,IL,100/300,1000,1226.78,0,MALE,JD,armed-forces,camping,unmarried,49600,-49200,Multi-vehicle Collision,Rear Collision,Minor Damage,Other,NY,Springfield,17,2,YES,2,0,,81500,16300,8150,57050,BMW,3 Series,2013,759,66.43407946004989,0.2,0.1,0.7,0,1
870,0.03027917455965799,3.03,Low,Low,Monitor,0,70,28,IL,250/500,1000,1319.81,0,MALE,High School,machine-op-inspct,yachting,husband,67200,-59400,Multi-vehicle Collision,Side Collision,Minor Damage,Police,WV,Arlington,14,4,NO,1,0,YES,31680,3520,3520,24640,Toyota,Camry,2006,4127,24.00345504277131,0.1111111111111111,0.1111111111111111,0.7777777777777778,0,1
871,0.03014809066821387,3.01,Low,Low,Monitor,0,130,28,OH,500/1000,1000,1003.15,0,FEMALE,JD,farming-fishing,movies,other-relative,0,-38500,Multi-vehicle Collision,Front Collision,Minor Damage,Ambulance,SC,Hillsdale,21,2,YES,2,1,NO,85020,13080,13080,58860,Ford,Fusion,2010,8460,84.75302796191995,0.1538461538461538,0.1538461538461538,0.6923076923076923,0,1
872,0.029822799462235275,2.98,Low,Low,Monitor,0,122,33,IL,250/500,500,1236.5,0,MALE,PhD,other-service,bungie-jumping,husband,0,-48700,Parked Car,,Trivial Damage,,NY,Hillsdale,1,1,NO,0,1,NO,5060,460,920,3680,Nissan,Ultima,2003,8655,4.092195713708047,0.0909090909090909,0.1818181818181818,0.7272727272727273,1,0
873,0.029813103204102975,2.98,Low,Low,Monitor,0,224,42,OH,500/1000,500,1212.75,0,FEMALE,College,prof-specialty,kayaking,own-child,0,-51400,Single Vehicle Collision,Front Collision,Minor Damage,Fire,WV,Springfield,11,1,,0,0,YES,55200,9200,13800,32200,Honda,Civic,1998,3614,45.51638837353123,0.1666666666666666,0.25,0.5833333333333334,0,0
874,0.029796327789063038,2.98,Low,Low,Monitor,0,9,30,IL,100/300,1000,1073.83,0,FEMALE,High School,machine-op-inspct,dancing,not-in-family,0,0,Single Vehicle Collision,Rear Collision,Total Loss,Police,NY,Northbrook,12,1,,0,0,NO,85690,15580,15580,54530,BMW,3 Series,2011,7603,79.79847834387193,0.1818181818181818,0.1818181818181818,0.6363636363636364,0,0
875,0.029496716424427746,2.95,Low,Low,Monitor,0,285,44,IL,500/1000,1000,1594.45,0,MALE,High School,handlers-cleaners,bungie-jumping,husband,0,0,Multi-vehicle Collision,Side Collision,Total Loss,Fire,NC,Columbus,17,2,YES,2,3,NO,55680,6960,6960,41760,Saab,95,2006,215,34.921132678980214,0.125,0.125,0.75,0,1
876,0.029026676608273003,2.9,Low,Low,Monitor,0,160,33,IL,500/1000,1000,1422.78,0,FEMALE,High School,exec-managerial,exercise,husband,61600,0,Multi-vehicle Collision,Front Collision,Total Loss,Ambulance,NC,Riverwood,17,3,,2,3,YES,52800,5280,5280,42240,Nissan,Pathfinder,2006,2172,37.11044574705858,0.1,0.1,0.8,0,1
877,0.02881686983133337,2.88,Low,Low,Monitor,0,115,30,OH,500/1000,500,1757.21,0,MALE,High School,prof-specialty,base-jumping,wife,46400,0,Multi-vehicle Collision,Front Collision,Minor Damage,Fire,NY,Northbend,12,3,NO,1,0,YES,49140,5460,5460,38220,Ford,F150,2007,5275,27.964785085447957,0.1111111111111111,0.1111111111111111,0.7777777777777778,0,1
878,0.02878595442775249,2.88,Low,Low,Monitor,0,354,48,IL,500/1000,2000,1526.11,5000000,FEMALE,Masters,sales,exercise,unmarried,0,0,Single Vehicle Collision,Front Collision,Minor Damage,Police,SC,Columbus,12,1,,2,3,YES,90240,15040,15040,60160,Chevrolet,Malibu,1995,4288,59.13073107443108,0.1666666666666666,0.1666666666666666,0.6666666666666666,0,0
879,0.028651519152961963,2.87,Low,Low,Monitor,0,199,41,OH,250/500,1000,895.83,0,FEMALE,Associate,sales,paintball,husband,0,0,Single Vehicle Collision,Rear Collision,Minor Damage,Ambulance,NC,Arlington,10,1,NO,1,2,NO,30100,3010,0,27090,Chevrolet,Malibu,1999,7009,33.60012502372102,0.1,0.0,0.9,0,0
880,0.028626770233329574,2.86,Low,Low,Monitor,0,241,39,IL,250/500,2000,1042.26,0,MALE,JD,sales,kayaking,husband,0,0,Multi-vehicle Collision,Rear Collision,Total Loss,Ambulance,WV,Northbend,21,3,NO,1,2,,19080,4240,2120,12720,Saab,93,1995,6815,18.306372690115712,0.2222222222222222,0.1111111111111111,0.6666666666666666,0,1
881,0.028440906085098767,2.84,Low,Low,Monitor,0,428,54,IN,100/300,2000,1506.21,0,MALE,Masters,transport-moving,kayaking,unmarried,0,-24400,Multi-vehicle Collision,Side Collision,Minor Damage,Fire,NY,Riverwood,16,3,NO,1,0,,76560,12760,6380,57420,Nissan,Ultima,2009,4005,50.829565598422526,0.1666666666666666,0.0833333333333333,0.75,0,1
882,0.02830665573717051,2.83,Low,Low,Monitor,0,50,44,OH,250/500,2000,1188.51,0,MALE,College,handlers-cleaners,bungie-jumping,unmarried,0,-65800,Multi-vehicle Collision,Front Collision,Total Loss,Police,NY,Northbend,15,3,,1,2,NO,61100,6110,12220,42770,Dodge,Neon,2008,5195,51.40890695071981,0.1,0.2,0.7,0,1
883,0.02764126644872467,2.76,Low,Low,Monitor,0,290,42,IN,500/1000,500,989.97,0,MALE,Masters,machine-op-inspct,kayaking,own-child,32500,0,Single Vehicle Collision,Rear Collision,Minor Damage,Ambulance,WV,Hillsdale,10,1,NO,0,1,NO,48000,4800,9600,33600,Saab,95,2013,365,48.486317767205065,0.1,0.2,0.7,0,0
884,0.02756919222901398,2.76,Low,Low,Monitor,0,200,40,IL,100/300,1000,1439.34,0,FEMALE,High School,sales,exercise,other-relative,45300,-20400,Vehicle Theft,,Minor Damage,Police,VA,Riverwood,9,1,,0,0,NO,3690,410,410,2870,Ford,Escape,2015,1696,2.5636750177164536,0.1111111111111111,0.1111111111111111,0.7777777777777778,0,0
885,0.02751971982521643,2.75,Low,Low,Monitor,0,187,34,IN,500/1000,500,1232.57,0,FEMALE,PhD,machine-op-inspct,polo,not-in-family,59500,0,Multi-vehicle Collision,Side Collision,Minor Damage,Fire,NY,Arlington,7,3,,0,0,,45100,8200,4100,32800,Nissan,Pathfinder,2011,4349,36.59021394322432,0.1818181818181818,0.0909090909090909,0.7272727272727273,0,1
886,0.02743367479616267,2.74,Low,Low,Monitor,0,165,36,IL,250/500,2000,1247.87,0,MALE,Masters,armed-forces,golf,husband,0,-39700,Multi-vehicle Collision,Side Collision,Total Loss,Fire,NY,Northbend,20,3,NO,2,2,NO,45700,4570,4570,36560,BMW,3 Series,2008,1566,36.62240457739989,0.1,0.1,0.8,0,1
887,0.027233967995645418,2.72,Low,Low,Monitor,0,27,27,IN,100/300,2000,1118.76,0,FEMALE,College,adm-clerical,dancing,own-child,0,-55800,Single Vehicle Collision,Front Collision,Total Loss,Fire,NY,Northbrook,23,1,,1,3,,61560,6840,6840,47880,Ford,Fusion,2008,4625,55.02520647860131,0.1111111111111111,0.1111111111111111,0.7777777777777778,1,0
888,0.027033116939410195,2.7,Low,Low,Monitor,0,303,46,IN,100/300,1000,709.14,0,MALE,Masters,machine-op-inspct,kayaking,husband,0,0,Multi-vehicle Collision,Rear Collision,Minor Damage,Fire,NY,Northbrook,3,3,NO,1,0,NO,54890,9980,4990,39920,Toyota,Corolla,2006,3681,77.40361564712187,0.1818181818181818,0.0909090909090909,0.7272727272727273,1,1
889,0.026596098649813684,2.66,Low,Low,Monitor,0,194,34,IL,250/500,1000,1193.45,0,MALE,JD,other-service,hiking,not-in-family,0,0,Single Vehicle Collision,Rear Collision,Total Loss,Ambulance,WV,Northbend,11,1,,2,1,YES,58800,11760,5880,41160,Nissan,Pathfinder,1997,3897,49.2689262222967,0.2,0.1,0.7,0,0
890,0.025980273473199006,2.6,Low,Low,Monitor,0,264,43,IL,500/1000,2000,1353.33,0,MALE,Associate,adm-clerical,video-games,not-in-family,0,-8500,Multi-vehicle Collision,Front Collision,Minor Damage,Police,WV,Springfield,9,3,YES,2,0,NO,95150,17300,17300,60550,Ford,Escape,2007,390,70.30805494594814,0.1818181818181818,0.1818181818181818,0.6363636363636364,0,1
891,0.02595715271361626,2.6,Low,Low,Monitor,0,147,34,IL,500/1000,1000,1275.81,0,MALE,High School,sales,dancing,wife,0,-48300,Single Vehicle Collision,Side Collision,Minor Damage,Fire,NY,Columbus,13,1,YES,2,2,,101010,15540,15540,69930,Mercedes,ML350,1998,1450,79.17323112375668,0.1538461538461538,0.1538461538461538,0.6923076923076923,0,0
892,0.02592621676722511,2.59,Low,Low,Monitor,0,36,37,IL,500/1000,1000,1115.81,0,FEMALE,Masters,machine-op-inspct,reading,husband,0,-59800,Multi-vehicle Collision,Side Collision,Minor Damage,Ambulance,NY,Columbus,20,3,YES,1,3,,48780,5420,10840,32520,Dodge,Neon,2008,463,43.71712029825866,0.1111111111111111,0.2222222222222222,0.6666666666666666,0,1
893,0.025614494027099248,2.56,Low,Low,Monitor,0,103,27,IN,100/300,1000,1537.33,0,FEMALE,College,handlers-cleaners,board-games,husband,0,-74800,Multi-vehicle Collision,Front Collision,Minor Damage,Police,NY,Springfield,11,3,YES,1,1,NO,77700,7770,15540,54390,Jeep,Wrangler,2008,2623,50.54217376880696,0.1,0.2,0.7,0,1
894,0.025278050019887952,2.53,Low,Low,Monitor,0,143,34,IL,100/300,500,1442.27,0,MALE,College,priv-house-serv,exercise,wife,67900,0,Single Vehicle Collision,Front Collision,Minor Damage,Other,NY,Columbus,10,1,,2,3,YES,58500,11700,5850,40950,Dodge,RAM,1999,335,40.56105999570122,0.2,0.1,0.7,0,0
895,0.025200826830684777,2.52,Low,Low,Monitor,0,337,53,OH,100/300,500,1205.86,0,MALE,Associate,armed-forces,basketball,wife,0,-34600,Single Vehicle Collision,Rear Collision,Minor Damage,Fire,SC,Arlington,8,1,YES,0,1,NO,86400,14400,7200,64800,Accura,RSX,2001,5386,71.65010863616008,0.1666666666666666,0.0833333333333333,0.75,0,0
896,0.024908585914832887,2.49,Low,Low,Monitor,0,225,39,OH,250/500,500,1390.72,0,MALE,Masters,tech-support,paintball,other-relative,83900,-52100,Parked Car,,Trivial Damage,,SC,Northbrook,6,1,YES,2,1,YES,5830,1060,530,4240,Nissan,Pathfinder,2011,6892,4.192073170731708,0.1818181818181818,0.0909090909090909,0.7272727272727273,0,0
897,0.024639259540083537,2.46,Low,Low,Monitor,0,121,31,IL,500/1000,1000,1061.98,6000000,FEMALE,JD,armed-forces,camping,unmarried,0,0,Single Vehicle Collision,Rear Collision,Minor Damage,Police,WV,Hillsdale,16,1,NO,0,1,YES,65250,7250,7250,50750,BMW,3 Series,2002,2884,61.44183506280721,0.1111111111111111,0.1111111111111111,0.7777777777777778,0,0
898,0.02449392187239198,2.45,Low,Low,Monitor,0,254,45,IL,250/500,500,1083.64,0,MALE,JD,other-service,paintball,husband,59800,0,Multi-vehicle Collision,Rear Collision,Total Loss,Police,NC,Columbus,19,3,YES,0,0,,79680,13280,13280,53120,BMW,3 Series,2004,4181,73.52995459746779,0.1666666666666666,0.1666666666666666,0.6666666666666666,0,1
899,0.023936223432937102,2.39,Low,Low,Monitor,0,208,36,IL,250/500,500,1153.49,0,MALE,Associate,craft-repair,base-jumping,other-relative,0,0,Multi-vehicle Collision,Side Collision,Total Loss,Other,SC,Arlington,16,3,YES,1,0,YES,50500,10100,5050,35350,Accura,TL,2004,5362,43.78018014893931,0.2,0.1,0.7,0,1
900,0.023564089066542452,2.36,Low,Low,Monitor,0,137,31,OH,250/500,2000,1340.43,0,MALE,High School,exec-managerial,paintball,husband,52700,-40600,Multi-vehicle Collision,Side Collision,Minor Damage,Ambulance,NC,Arlington,6,3,NO,1,2,NO,50800,10160,10160,30480,Accura,MDX,2005,7435,37.89828637079146,0.2,0.2,0.6,0,1
901,0.023531405568438676,2.35,Low,Low,Monitor,0,64,30,IL,250/500,2000,1681.01,0,MALE,JD,protective-serv,base-jumping,own-child,0,-51100,Parked Car,,Minor Damage,,SC,Riverwood,16,1,NO,2,1,NO,4900,490,1470,2940,Jeep,Wrangler,2015,8542,2.914914247981868,0.1,0.3,0.6,0,0
902,0.023273549030345328,2.33,Low,Low,Monitor,0,456,60,OH,250/500,1000,766.19,0,FEMALE,Associate,sales,kayaking,husband,0,0,Parked Car,,Minor Damage,Police,WV,Columbus,6,1,,0,3,,5060,460,920,3680,Mercedes,E400,2007,6681,6.6041060311411,0.0909090909090909,0.1818181818181818,0.7272727272727273,0,0
903,0.023153515680493716,2.32,Low,Low,Monitor,0,20,21,OH,250/500,1000,1390.29,0,FEMALE,Masters,priv-house-serv,polo,other-relative,0,-41200,Single Vehicle Collision,Rear Collision,Minor Damage,Fire,PA,Northbrook,14,1,NO,0,0,,62900,12580,6290,44030,Accura,MDX,2006,3636,45.24235950772861,0.2,0.1,0.7,0,0
904,0.02307883362890341,2.31,Low,Low,Monitor,0,425,53,OH,250/500,2000,912.29,0,FEMALE,High School,priv-house-serv,paintball,husband,42900,-39100,Multi-vehicle Collision,Front Collision,Minor Damage,Fire,WV,Northbend,17,3,,1,2,,97080,16180,16180,64720,Saab,92x,2005,8987,106.413530785167,0.1666666666666666,0.1666666666666666,0.6666666666666666,0,1
905,0.02298681868293833,2.3,Low,Low,Monitor,0,41,33,OH,250/500,500,1294.41,0,MALE,High School,transport-moving,sleeping,husband,0,0,Vehicle Theft,,Minor Damage,,NC,Arlington,8,1,YES,0,0,,8970,1380,1380,6210,Dodge,Neon,2011,1611,6.92979813196746,0.1538461538461538,0.1538461538461538,0.6923076923076923,0,0
906,0.022975324774214698,2.3,Low,Low,Monitor,0,88,30,IN,100/300,1000,1437.88,0,FEMALE,College,transport-moving,reading,husband,42800,-51200,Single Vehicle Collision,Side Collision,Total Loss,Fire,SC,Northbrook,3,1,NO,2,0,YES,56000,14000,0,42000,Chevrolet,Malibu,2003,8239,38.94622638885025,0.25,0.0,0.75,1,0
907,0.02285798253080906,2.29,Low,Low,Monitor,0,112,32,OH,500/1000,1000,1238.92,0,MALE,Associate,other-service,base-jumping,other-relative,57800,-53700,Parked Car,,Trivial Damage,,NY,Arlington,4,1,,0,2,,5060,460,920,3680,Honda,CRV,2012,5531,4.08420236980596,0.0909090909090909,0.1818181818181818,0.7272727272727273,1,0
908,0.022606713134024244,2.26,Low,Low,Monitor,0,153,34,IL,250/500,500,991.39,0,MALE,High School,tech-support,paintball,other-relative,45600,-61400,Multi-vehicle Collision,Side Collision,Total Loss,Other,WV,Springfield,0,3,,1,0,NO,77770,14140,14140,49490,Nissan,Pathfinder,2000,7670,78.44541502335106,0.1818181818181818,0.1818181818181818,0.6363636363636364,1,1
909,0.022535943243010684,2.25,Low,Low,Monitor,0,128,35,IN,500/1000,500,1366.6,0,FEMALE,MD,machine-op-inspct,kayaking,other-relative,0,0,Multi-vehicle Collision,Front Collision,Minor Damage,Fire,NY,Columbus,10,3,,2,1,NO,88220,16040,16040,56140,Chevrolet,Malibu,2008,3815,64.55436850578077,0.1818181818181818,0.1818181818181818,0.6363636363636364,0,1
910,0.02223529776589108,2.22,Low,Low,Monitor,0,137,34,IN,250/500,1000,1333.35,0,MALE,PhD,prof-specialty,board-games,husband,0,-77000,Multi-vehicle Collision,Front Collision,Minor Damage,Police,NY,Springfield,0,3,,0,0,,78650,21450,7150,50050,Nissan,Pathfinder,2012,5336,58.986762665466685,0.2727272727272727,0.0909090909090909,0.6363636363636364,1,1
911,0.02207825015489823,2.21,Low,Low,Monitor,0,64,28,IL,500/1000,1000,1468.82,0,MALE,JD,handlers-cleaners,skydiving,other-relative,56800,-51800,Multi-vehicle Collision,Side Collision,Minor Damage,Fire,SC,Riverwood,9,3,NO,2,1,NO,60000,5000,10000,45000,Honda,Accord,1997,8497,40.849116978254656,0.0833333333333333,0.1666666666666666,0.75,0,1
912,0.021810978512496946,2.18,Low,Low,Monitor,0,271,40,IL,100/300,1000,1251.65,0,FEMALE,Associate,other-service,camping,wife,71200,0,Parked Car,,Minor Damage,,NY,Hillsdale,6,1,NO,0,0,NO,3080,560,280,2240,Audi,A3,2012,7014,2.4607518076139496,0.1818181818181818,0.0909090909090909,0.7272727272727273,0,0
913,0.021789781834988666,2.18,Low,Low,Monitor,0,398,53,IL,100/300,2000,1396.43,0,FEMALE,Associate,priv-house-serv,base-jumping,unmarried,21500,0,Single Vehicle Collision,Front Collision,Total Loss,Fire,WV,Hillsdale,16,1,YES,2,1,,47430,5270,5270,36890,Toyota,Camry,2000,8806,33.96518264431443,0.1111111111111111,0.1111111111111111,0.7777777777777778,0,0
914,0.021630493160409492,2.16,Low,Low,Monitor,0,194,34,IL,100/300,500,1429.96,0,FEMALE,JD,protective-serv,board-games,husband,67800,0,Multi-vehicle Collision,Rear Collision,Minor Damage,Ambulance,NY,Northbend,11,3,NO,1,2,YES,57200,11440,5720,40040,Toyota,Camry,2005,8611,40.00111891241713,0.2,0.1,0.7,0,1
915,0.021599434224187194,2.16,Low,Low,Monitor,0,108,29,IN,500/1000,1000,1337.92,0,FEMALE,PhD,armed-forces,bungie-jumping,not-in-family,71400,0,Multi-vehicle Collision,Side Collision,Minor Damage,Ambulance,WV,Columbus,4,3,NO,2,2,YES,61380,11160,5580,44640,Suburu,Legacy,2012,2638,45.87718249222674,0.1818181818181818,0.0909090909090909,0.7272727272727273,1,1
916,0.021465976551713402,2.15,Low,Low,Monitor,0,289,43,OH,500/1000,1000,1387.51,0,FEMALE,Associate,sales,base-jumping,not-in-family,0,0,Multi-vehicle Collision,Side Collision,Minor Damage,Fire,NY,Riverwood,19,3,YES,1,3,,68580,7620,7620,53340,Jeep,Wrangler,2010,4404,49.42667079876902,0.1111111111111111,0.1111111111111111,0.7777777777777778,0,1
917,0.021304133809098593,2.13,Low,Low,Monitor,0,57,25,IL,500/1000,2000,1143.06,0,FEMALE,Masters,tech-support,dancing,own-child,63100,-54100,Multi-vehicle Collision,Front Collision,Total Loss,Ambulance,VA,Riverwood,0,3,NO,0,1,YES,72900,14580,14580,43740,Nissan,Maxima,2010,6936,63.77617972809826,0.2,0.2,0.6,1,1
918,0.021271966741575554,2.13,Low,Low,Monitor,0,398,55,OH,250/500,500,862.19,0,MALE,High School,adm-clerical,movies,unmarried,69400,0,Vehicle Theft,,Trivial Damage,Police,SC,Northbend,7,1,,2,3,,6600,600,1200,4800,Accura,MDX,2012,9040,7.654925248495111,0.0909090909090909,0.1818181818181818,0.7272727272727273,0,0
919,0.021217541195364238,2.12,Low,Low,Monitor,0,96,27,IL,100/300,1000,1631.1,0,FEMALE,High School,priv-house-serv,exercise,wife,0,0,Parked Car,,Trivial Damage,Police,WV,Arlington,4,1,,1,2,NO,6030,670,670,4690,Nissan,Pathfinder,2007,2166,3.696891668199375,0.1111111111111111,0.1111111111111111,0.7777777777777778,1,0
920,0.02121605328395594,2.12,Low,Low,Monitor,0,230,42,IN,100/300,1000,1023.11,0,FEMALE,MD,adm-clerical,golf,own-child,0,-45300,Multi-vehicle Collision,Rear Collision,Minor Damage,Other,NY,Northbend,13,3,NO,1,2,YES,58850,10700,10700,37450,Accura,MDX,1999,3734,57.52069669927965,0.1818181818181818,0.1818181818181818,0.6363636363636364,0,1
921,0.02120237847053319,2.12,Low,Low,Monitor,0,61,25,IN,100/300,2000,988.06,0,FEMALE,Masters,other-service,dancing,not-in-family,0,0,Multi-vehicle Collision,Rear Collision,Minor Damage,Ambulance,WV,Northbend,1,3,YES,1,0,NO,32320,4040,4040,24240,Dodge,RAM,2000,6216,32.71056413578123,0.125,0.125,0.75,1,1
922,0.02078978000827623,2.08,Low,Low,Monitor,0,247,44,OH,250/500,2000,1101.51,0,FEMALE,College,farming-fishing,camping,not-in-family,64000,0,Multi-vehicle Collision,Front Collision,Minor Damage,Fire,NY,Riverwood,22,3,NO,2,2,NO,69480,11580,11580,46320,Chevrolet,Tahoe,2008,8408,63.07704877849498,0.1666666666666666,0.1666666666666666,0.6666666666666666,0,1
923,0.02055566074446724,2.06,Low,Low,Monitor,0,276,45,IL,500/1000,500,948.1,0,FEMALE,High School,machine-op-inspct,reading,wife,44500,-61400,Multi-vehicle Collision,Front Collision,Minor Damage,Fire,SC,Columbus,11,3,,0,2,,69300,13860,6930,48510,Ford,Escape,2010,5403,73.09355553211687,0.2,0.1,0.7,0,1
924,0.02043315692533834,2.04,Low,Low,Monitor,0,292,45,IL,500/1000,1000,1358.91,0,MALE,Masters,craft-repair,dancing,unmarried,0,0,Vehicle Theft,,Trivial Damage,Police,WV,Northbend,4,1,NO,0,2,,7370,670,1340,5360,Suburu,Impreza,1997,8739,5.423464394257162,0.0909090909090909,0.1818181818181818,0.7272727272727273,1,0
925,0.01936051135777095,1.94,Low,Low,Monitor,0,316,46,OH,100/300,500,1219.94,7000000,FEMALE,Masters,prof-specialty,paintball,wife,0,-51000,Single Vehicle Collision,Side Collision,Minor Damage,Ambulance,NY,Arlington,13,1,,0,1,YES,63100,6310,12620,44170,Accura,TL,2000,1343,51.72385527157073,0.1,0.2,0.7,0,0
926,0.01909123870408374,1.91,Low,Low,Monitor,0,158,33,OH,100/300,2000,1327.41,0,FEMALE,Associate,handlers-cleaners,skydiving,other-relative,0,-38600,Single Vehicle Collision,Side Collision,Total Loss,Other,SC,Hillsdale,0,1,,0,0,,35000,3500,7000,24500,Suburu,Legacy,2012,396,26.36713600168749,0.1,0.2,0.7,1,0
927,0.018653269677798675,1.87,Low,Low,Monitor,0,194,35,IL,500/1000,500,1416.24,0,FEMALE,MD,adm-clerical,golf,not-in-family,0,0,Parked Car,,Minor Damage,,WV,Northbend,7,1,YES,1,0,,5940,1080,540,4320,Nissan,Pathfinder,2003,1079,4.194204372140315,0.1818181818181818,0.0909090909090909,0.7272727272727273,0,0
928,0.0185850181888698,1.86,Low,Low,Monitor,0,130,34,OH,100/300,500,990.11,0,MALE,Masters,sales,kayaking,other-relative,0,-41200,Parked Car,,Trivial Damage,,NY,Riverwood,8,1,,1,3,YES,5830,1060,1060,3710,Dodge,RAM,2015,2119,5.888234640595489,0.1818181818181818,0.1818181818181818,0.6363636363636364,0,0
929,0.017877124289110077,1.79,Low,Low,Monitor,0,0,32,OH,500/1000,1000,1377.04,0,MALE,College,tech-support,base-jumping,wife,61400,-41100,Multi-vehicle Collision,Rear Collision,Minor Damage,Ambulance,NY,Springfield,6,4,,1,1,NO,39720,6620,6620,26480,Accura,MDX,2002,1429,28.844478010805787,0.1666666666666666,0.1666666666666666,0.6666666666666666,0,1
930,0.017771977116213953,1.78,Low,Low,Monitor,0,228,44,IL,500/1000,1000,1583.91,6000000,MALE,Associate,sales,board-games,unmarried,66000,-46000,Vehicle Theft,,Minor Damage,,NY,Arlington,20,1,NO,0,1,NO,6500,1300,650,4550,Accura,RSX,2009,256,4.103768522201388,0.2,0.1,0.7,0,0
931,0.01770754391520969,1.77,Low,Low,Monitor,0,369,55,OH,250/500,2000,1589.54,0,MALE,College,handlers-cleaners,camping,husband,55400,0,Multi-vehicle Collision,Rear Collision,Minor Damage,Police,VA,Arlington,6,3,,2,0,YES,85300,17060,8530,59710,Toyota,Highlander,2003,652,53.66332398052267,0.2,0.1,0.7,0,1
932,0.017284930774351285,1.73,Low,Low,Monitor,0,211,40,IL,500/1000,1000,1575.86,0,FEMALE,PhD,other-service,sleeping,own-child,0,0,Vehicle Theft,,Trivial Damage,Police,WV,Northbrook,3,1,NO,1,1,NO,3190,580,290,2320,Audi,A5,2004,8663,2.0242914979757085,0.1818181818181818,0.0909090909090909,0.7272727272727273,1,0
933,0.017135551059660095,1.71,Low,Low,Monitor,0,297,48,IN,100/300,1000,1538.6,0,FEMALE,MD,other-service,kayaking,wife,0,-54700,Single Vehicle Collision,Side Collision,Minor Damage,Fire,SC,Northbend,12,1,,0,0,,60600,6060,12120,42420,Ford,Fusion,2004,8005,39.38645521903029,0.1,0.2,0.7,0,0
934,0.016982419081153385,1.7,Low,Low,Monitor,0,32,38,IL,250/500,2000,566.11,5000000,MALE,Associate,armed-forces,polo,unmarried,0,0,Parked Car,,Trivial Damage,Police,NC,Springfield,22,1,YES,0,0,NO,2640,440,440,1760,Honda,CRV,2015,7594,4.663404638674463,0.1666666666666666,0.1666666666666666,0.6666666666666666,0,0
935,0.0169804220577731,1.7,Low,Low,Monitor,0,45,38,IN,100/300,1000,1197.71,0,MALE,Masters,machine-op-inspct,movies,not-in-family,29000,0,Multi-vehicle Collision,Front Collision,Total Loss,Ambulance,WV,Springfield,17,3,,2,0,,78240,13040,13040,52160,Suburu,Legacy,2013,3198,65.32466122851108,0.1666666666666666,0.1666666666666666,0.6666666666666666,0,1
936,0.016906855984653565,1.69,Low,Low,Monitor,0,5,21,IN,250/500,500,915.41,5000000,FEMALE,High School,exec-managerial,sleeping,own-child,0,0,Single Vehicle Collision,Side Collision,Total Loss,Police,NY,Northbrook,23,1,YES,0,0,NO,40500,4050,4050,32400,Nissan,Pathfinder,1998,4473,44.24247058695011,0.1,0.1,0.8,1,0
937,0.01681709208449251,1.68,Low,Low,Monitor,0,233,41,OH,500/1000,2000,1615.14,0,FEMALE,Associate,tech-support,board-games,other-relative,67100,0,Vehicle Theft,,Minor Damage,,NY,Springfield,6,1,NO,0,1,,3740,680,680,2380,Chevrolet,Malibu,2011,6352,2.315588741533241,0.1818181818181818,0.1818181818181818,0.6363636363636364,0,0
938,0.016556471900634463,1.66,Low,Low,Monitor,0,366,50,IN,500/1000,1000,1561.41,0,FEMALE,High School,handlers-cleaners,basketball,husband,21200,0,Multi-vehicle Collision,Rear Collision,Minor Damage,Police,NY,Arlington,5,3,YES,1,3,NO,70290,12780,12780,44730,Mercedes,C300,2012,8946,45.01700386189405,0.1818181818181818,0.1818181818181818,0.6363636363636364,1,1
939,0.016477109917818384,1.65,Low,Low,Monitor,0,293,45,IL,100/300,1000,1119.23,0,FEMALE,MD,exec-managerial,exercise,unmarried,51500,0,Multi-vehicle Collision,Front Collision,Total Loss,Fire,WV,Northbend,13,3,NO,1,1,NO,51210,11380,5690,34140,Jeep,Wrangler,2015,8331,45.75467062176675,0.2222222222222222,0.1111111111111111,0.6666666666666666,0,1
940,0.016455270548139743,1.65,Low,Low,Monitor,0,245,39,OH,250/500,500,964.79,8000000,FEMALE,Associate,adm-clerical,camping,husband,58000,0,Multi-vehicle Collision,Rear Collision,Minor Damage,Police,NY,Arlington,7,3,,0,1,,72820,13240,6620,52960,BMW,3 Series,2010,5053,75.47756506597291,0.1818181818181818,0.0909090909090909,0.7272727272727273,0,1
941,0.01641493200218043,1.64,Low,Low,Monitor,0,6,27,OH,250/500,500,1075.71,0,FEMALE,High School,prof-specialty,dancing,unmarried,0,-47400,Vehicle Theft,,Trivial Damage,Police,WV,Columbus,7,1,,0,1,YES,3190,580,290,2320,Saab,95,2015,8231,2.965483262217512,0.1818181818181818,0.0909090909090909,0.7272727272727273,0,0
942,0.016386814434944635,1.64,Low,Low,Monitor,0,37,31,IL,500/1000,500,1969.63,0,FEMALE,MD,sales,skydiving,own-child,0,0,Multi-vehicle Collision,Side Collision,Total Loss,Fire,WV,Northbend,21,3,NO,1,1,YES,76450,6950,13900,55600,Dodge,RAM,1995,2351,38.81439661256175,0.0909090909090909,0.1818181818181818,0.7272727272727273,0,1
943,0.01637601904323624,1.64,Low,Low,Monitor,0,338,49,IN,500/1000,1000,1279.08,0,MALE,MD,other-service,kayaking,own-child,0,-51500,Parked Car,,Minor Damage,,NC,Riverwood,13,1,NO,0,1,,4300,860,860,2580,Ford,F150,2004,7675,3.361791287487882,0.2,0.2,0.6,0,0
944,0.016344062814740403,1.63,Low,Low,Monitor,0,352,53,IL,250/500,500,1793.16,0,MALE,Associate,tech-support,exercise,wife,0,0,Single Vehicle Collision,Front Collision,Minor Damage,Fire,NC,Riverwood,23,1,YES,2,2,NO,68750,12500,6250,50000,Chevrolet,Malibu,2009,552,38.3401369649111,0.1818181818181818,0.0909090909090909,0.7272727272727273,1,0
945,0.01611966907695219,1.61,Low,Low,Monitor,0,27,33,IL,100/300,500,1442.99,0,FEMALE,PhD,other-service,golf,own-child,0,0,Single Vehicle Collision,Front Collision,Total Loss,Police,WV,Arlington,21,1,NO,1,1,YES,27700,2770,2770,22160,Toyota,Camry,2012,6568,19.196252226280155,0.1,0.1,0.8,0,0
946,0.016016220949956812,1.6,Low,Low,Monitor,0,430,59,OH,250/500,2000,1326.62,7000000,MALE,MD,other-service,bungie-jumping,own-child,0,0,Multi-vehicle Collision,Front Collision,Minor Damage,Fire,NY,Riverwood,19,3,,0,3,YES,81800,16360,8180,57260,Nissan,Pathfinder,1998,4011,61.66046041820567,0.2,0.1,0.7,0,1
947,0.015484725106003024,1.55,Low,Low,Monitor,0,32,29,OH,100/300,500,1446.98,0,MALE,MD,adm-clerical,sleeping,own-child,0,-45700,Multi-vehicle Collision,Front Collision,Minor Damage,Ambulance,NY,Arlington,11,3,YES,2,0,NO,57970,10540,5270,42160,Saab,93,2006,4569,40.06275138564458,0.1818181818181818,0.0909090909090909,0.7272727272727273,0,1
948,0.01518029127660414,1.52,Low,Low,Monitor,0,261,46,IL,500/1000,1000,1245.61,0,MALE,MD,transport-moving,base-jumping,own-child,0,0,Single Vehicle Collision,Front Collision,Total Loss,Fire,NY,Columbus,11,1,YES,1,0,,59670,9180,9180,41310,Ford,Escape,2008,8176,47.90423968979055,0.1538461538461538,0.1538461538461538,0.6923076923076923,0,0
949,0.014747246604852222,1.47,Low,Low,Monitor,0,13,21,IN,100/300,1000,1556.31,0,MALE,Associate,prof-specialty,golf,not-in-family,0,-75000,Multi-vehicle Collision,Side Collision,Total Loss,Police,NY,Hillsdale,19,3,YES,2,0,YES,94930,8630,8630,77670,Accura,RSX,2014,3015,60.99684510155432,0.0909090909090909,0.0909090909090909,0.8181818181818182,0,1
950,0.014604231110922532,1.46,Low,Low,Monitor,0,233,43,OH,250/500,1000,954.18,0,FEMALE,College,tech-support,dancing,other-relative,0,0,Multi-vehicle Collision,Side Collision,Minor Damage,Other,SC,Northbrook,17,3,,2,3,YES,42500,8500,4250,29750,Nissan,Pathfinder,2000,5385,44.54086231109434,0.2,0.1,0.7,0,1
951,0.014373567749021139,1.44,Low,Low,Monitor,0,128,35,IN,250/500,1000,1074.99,0,FEMALE,Associate,adm-clerical,bungie-jumping,husband,0,-48800,Vehicle Theft,,Trivial Damage,Police,VA,Columbus,16,1,,2,0,,7590,1380,690,5520,Accura,MDX,2012,5022,7.060530795635308,0.1818181818181818,0.0909090909090909,0.7272727272727273,0,0
952,0.013845020901023972,1.38,Low,Low,Monitor,0,437,58,IN,500/1000,2000,1192.04,0,MALE,Associate,craft-repair,dancing,own-child,66100,-31400,Single Vehicle Collision,Front Collision,Total Loss,Ambulance,SC,Northbrook,23,1,YES,0,0,NO,55800,11160,11160,33480,Dodge,RAM,2004,1632,46.81050971443912,0.2,0.2,0.6,1,0
953,0.013839410639427839,1.38,Low,Low,Monitor,0,275,45,IN,500/1000,2000,1447.77,0,FEMALE,Associate,adm-clerical,camping,wife,39400,-63900,Multi-vehicle Collision,Side Collision,Total Loss,Ambulance,VA,Northbend,8,3,YES,1,1,,64320,5360,10720,48240,Accura,MDX,1998,8444,44.4269462690897,0.0833333333333333,0.1666666666666666,0.75,0,1
954,0.01366490128495063,1.37,Low,Low,Monitor,0,404,53,IN,250/500,500,767.14,0,MALE,Associate,sales,reading,not-in-family,25500,-36700,Parked Car,,Trivial Damage,Police,WV,Columbus,8,1,NO,0,1,NO,8800,1760,880,6160,Suburu,Legacy,2002,35,11.471178663607686,0.2,0.1,0.7,0,0
955,0.013631265770722694,1.36,Low,Low,Monitor,0,222,42,IL,250/500,500,1124.6,0,MALE,Associate,armed-forces,hiking,not-in-family,0,0,Multi-vehicle Collision,Rear Collision,Minor Damage,Police,NY,Arlington,23,3,YES,0,0,,51740,11940,7960,31840,Jeep,Wrangler,2006,5731,46.00746932242576,0.2307692307692307,0.1538461538461538,0.6153846153846154,1,1
956,0.013461081579905035,1.35,Low,Low,Monitor,0,120,30,IN,250/500,500,956.69,0,FEMALE,Associate,priv-house-serv,movies,husband,39600,-64300,Single Vehicle Collision,Front Collision,Minor Damage,Other,NY,Hillsdale,20,1,,1,1,YES,87100,8710,8710,69680,Saab,92x,2000,4588,91.04307560442776,0.1,0.1,0.8,0,0
957,0.013395843838657315,1.34,Low,Low,Monitor,0,114,30,OH,250/500,1000,1173.25,0,FEMALE,Masters,protective-serv,dancing,husband,0,-34700,Vehicle Theft,,Minor Damage,,WV,Arlington,3,1,NO,0,3,YES,4680,520,520,3640,Chevrolet,Malibu,2013,2786,3.988919667590028,0.1111111111111111,0.1111111111111111,0.7777777777777778,1,0
958,0.012941554159293479,1.29,Low,Low,Monitor,0,463,57,IL,250/500,500,1063.67,0,MALE,Masters,priv-house-serv,dancing,wife,0,0,Single Vehicle Collision,Front Collision,Minor Damage,Police,NY,Springfield,14,1,NO,2,0,YES,59400,6600,6600,46200,Dodge,Neon,1995,8599,55.84438782705162,0.1111111111111111,0.1111111111111111,0.7777777777777778,0,0
959,0.012753093646655217,1.28,Low,Low,Monitor,0,213,35,OH,250/500,500,871.46,0,MALE,MD,tech-support,movies,husband,58500,-77700,Single Vehicle Collision,Side Collision,Total Loss,Fire,SC,Northbrook,13,1,YES,2,0,YES,74140,13480,6740,53920,Ford,Escape,2007,8890,85.07562022353292,0.1818181818181818,0.0909090909090909,0.7272727272727273,0,0
960,0.01248654369168995,1.25,Low,Low,Monitor,0,140,30,IL,100/300,500,1354.2,0,FEMALE,College,adm-clerical,bungie-jumping,wife,100500,0,Multi-vehicle Collision,Side Collision,Minor Damage,Other,SC,Columbus,4,4,,0,0,,60170,5470,10940,43760,Nissan,Pathfinder,2006,240,44.43213705508787,0.0909090909090909,0.1818181818181818,0.7272727272727273,1,1
961,0.012206073917260916,1.22,Low,Low,Monitor,0,178,39,IL,100/300,500,1035.99,0,FEMALE,JD,exec-managerial,sleeping,own-child,0,0,Multi-vehicle Collision,Front Collision,Minor Damage,Police,NY,Springfield,3,3,NO,2,0,,64680,11760,11760,41160,Jeep,Wrangler,2010,2141,62.43303506790606,0.1818181818181818,0.1818181818181818,0.6363636363636364,1,1
962,0.012010076553926032,1.2,Low,Low,Monitor,0,255,45,IL,500/1000,500,1192.27,0,MALE,High School,sales,base-jumping,own-child,0,-40200,Single Vehicle Collision,Front Collision,Total Loss,Other,NC,Riverwood,16,1,NO,2,0,YES,67320,12240,12240,42840,Ford,Fusion,2006,8849,56.46372046600183,0.1818181818181818,0.1818181818181818,0.6363636363636364,0,0
963,0.011684362614533487,1.17,Low,Low,Monitor,0,260,46,OH,100/300,2000,1482.57,0,MALE,MD,priv-house-serv,reading,husband,35000,0,Single Vehicle Collision,Front Collision,Minor Damage,Fire,NY,Columbus,7,1,NO,0,1,NO,64080,10680,10680,42720,Toyota,Camry,2005,9133,43.22224245735446,0.1666666666666666,0.1666666666666666,0.6666666666666666,0,0
964,0.011267451891360724,1.13,Low,Low,Monitor,0,286,41,IL,250/500,1000,999.43,0,MALE,College,prof-specialty,paintball,wife,25800,0,Vehicle Theft,,Trivial Damage,Police,WV,Northbend,3,1,YES,2,0,,4100,820,410,2870,Chevrolet,Malibu,2009,5241,4.102338332849724,0.2,0.1,0.7,1,0
965,0.010808272844715855,1.08,Low,Low,Monitor,0,185,35,IN,500/1000,2000,1421.59,0,MALE,College,other-service,sleeping,own-child,0,0,Vehicle Theft,,Trivial Damage,Police,WV,Arlington,8,1,,2,3,YES,4950,900,450,3600,Ford,F150,2011,5446,3.482016615198475,0.1818181818181818,0.0909090909090909,0.7272727272727273,0,0
966,0.010247505728711317,1.02,Low,Low,Monitor,0,446,57,IN,100/300,2000,1373.21,0,MALE,College,adm-clerical,sleeping,unmarried,42700,-64900,Multi-vehicle Collision,Front Collision,Total Loss,Police,SC,Northbrook,10,3,NO,0,0,NO,62800,6280,12560,43960,Jeep,Wrangler,2012,8102,45.73226236336758,0.1,0.2,0.7,0,1
967,0.009837963494414749,0.98,Low,Low,Monitor,0,137,35,OH,500/1000,500,1107.07,0,FEMALE,High School,protective-serv,movies,husband,0,-45300,Vehicle Theft,,Minor Damage,Police,VA,Hillsdale,21,1,NO,0,0,YES,3300,600,600,2100,Saab,92x,2008,8676,2.980841319880405,0.1818181818181818,0.1818181818181818,0.6363636363636364,0,0
968,0.009767477468639485,0.98,Low,Low,Monitor,0,284,43,IL,250/500,500,1123.84,0,MALE,PhD,prof-specialty,kayaking,other-relative,48200,0,Multi-vehicle Collision,Side Collision,Total Loss,Fire,WV,Columbus,12,3,NO,0,0,YES,36960,6720,3360,26880,Chevrolet,Tahoe,2007,8419,32.8872437357631,0.1818181818181818,0.0909090909090909,0.7272727272727273,0,1
969,0.009651252468001659,0.97,Low,Low,Monitor,0,123,34,OH,500/1000,2000,1270.21,0,FEMALE,College,sales,sleeping,husband,16100,-61200,Multi-vehicle Collision,Side Collision,Total Loss,Fire,PA,Columbus,13,3,NO,1,1,,55260,6140,0,49120,Nissan,Ultima,2000,2874,43.50461734673794,0.1111111111111111,0.0,0.8888888888888888,0,1
970,0.009326753246334234,0.93,Low,Low,Monitor,0,259,42,OH,100/300,2000,1170.53,0,FEMALE,PhD,armed-forces,sleeping,wife,65000,-49200,Multi-vehicle Collision,Rear Collision,Total Loss,Fire,WV,Northbend,17,3,NO,1,2,YES,62590,5690,11380,45520,Nissan,Pathfinder,2006,6929,53.471504361272245,0.0909090909090909,0.1818181818181818,0.7272727272727273,0,1
971,0.009315832258122169,0.93,Low,Low,Monitor,0,103,33,IN,100/300,1000,969.88,6000000,MALE,MD,armed-forces,exercise,own-child,0,0,Single Vehicle Collision,Rear Collision,Minor Damage,Ambulance,NY,Columbus,21,1,NO,1,0,YES,76920,12820,6410,57690,Chevrolet,Malibu,2002,8034,79.30878046768673,0.1666666666666666,0.0833333333333333,0.75,0,0
972,0.009181111056131827,0.92,Low,Low,Monitor,0,80,26,IL,100/300,1000,1343.0,0,MALE,Masters,handlers-cleaners,camping,other-relative,64600,0,Single Vehicle Collision,Front Collision,Minor Damage,Other,SC,Arlington,12,1,,0,0,NO,90400,9040,9040,72320,BMW,3 Series,1995,4988,67.31198808637379,0.1,0.1,0.8,0,0
973,0.00917640776512902,0.92,Low,Low,Monitor,0,228,40,IN,100/300,500,1450.98,0,MALE,Associate,exec-managerial,base-jumping,husband,43700,0,Parked Car,,Trivial Damage,Police,WV,Northbend,20,1,,0,2,NO,6050,1100,1100,3850,Toyota,Camry,2010,6532,4.169595721512357,0.1818181818181818,0.1818181818181818,0.6363636363636364,0,0
974,0.009171918316399161,0.92,Low,Low,Monitor,0,266,44,IL,250/500,500,1611.83,0,MALE,High School,handlers-cleaners,movies,husband,0,0,Single Vehicle Collision,Front Collision,Total Loss,Police,WV,Riverwood,4,1,,1,2,YES,32800,3280,3280,26240,BMW,3 Series,2012,5505,20.3495405843048,0.1,0.1,0.8,1,0
975,0.008350419917737384,0.84,Low,Low,Monitor,0,294,44,IL,100/300,1000,1226.49,0,FEMALE,PhD,farming-fishing,kayaking,unmarried,53900,0,Vehicle Theft,,Trivial Damage,,WV,Riverwood,3,1,NO,0,1,NO,6100,610,1220,4270,Ford,Fusion,2002,8940,4.973542385180474,0.1,0.2,0.7,1,0
976,0.00823739235429148,0.82,Low,Low,Monitor,0,145,34,IN,100/300,1000,1142.48,0,FEMALE,JD,priv-house-serv,sleeping,other-relative,0,0,Single Vehicle Collision,Side Collision,Total Loss,Ambulance,NC,Northbend,18,1,YES,2,0,NO,52250,9500,4750,38000,Suburu,Legacy,2012,9004,45.73384216791541,0.1818181818181818,0.0909090909090909,0.7272727272727273,0,0
977,0.008227307771938329,0.82,Low,Low,Monitor,0,194,34,IN,100/300,1000,1423.34,0,MALE,Associate,sales,camping,not-in-family,55300,-37900,Vehicle Theft,,Minor Damage,,WV,Riverwood,0,1,YES,0,3,NO,9100,1400,1400,6300,Chevrolet,Malibu,2003,7554,6.393412677223995,0.1538461538461538,0.1538461538461538,0.6923076923076923,1,0
978,0.008193634937874601,0.82,Low,Low,Monitor,0,286,47,IN,250/500,500,1386.93,0,MALE,High School,priv-house-serv,bungie-jumping,husband,54100,-77600,Multi-vehicle Collision,Rear Collision,Minor Damage,Other,NY,Springfield,15,3,YES,0,0,NO,65800,13160,6580,46060,Accura,TL,2001,4441,47.442913485179496,0.2,0.1,0.7,0,1
979,0.008040626213329087,0.8,Low,Low,Monitor,0,217,39,IL,500/1000,2000,1399.85,0,FEMALE,Masters,other-service,skydiving,other-relative,49900,-19800,Multi-vehicle Collision,Front Collision,Minor Damage,Fire,NY,Columbus,16,3,NO,0,2,,64920,10820,10820,43280,Ford,Fusion,1997,8336,46.37639747115762,0.1666666666666666,0.1666666666666666,0.6666666666666666,0,1
980,0.008040044562838257,0.8,Low,Low,Monitor,0,290,45,OH,500/1000,2000,1215.36,0,MALE,Associate,tech-support,reading,own-child,54400,0,Multi-vehicle Collision,Side Collision,Minor Damage,Fire,WV,Northbend,22,3,,0,1,NO,66200,6620,6620,52960,Suburu,Impreza,2012,7744,54.46945760926804,0.1,0.1,0.8,0,1
981,0.007985872250060377,0.8,Low,Low,Monitor,0,209,38,OH,100/300,500,1355.08,0,FEMALE,MD,other-service,golf,other-relative,58100,0,Single Vehicle Collision,Front Collision,Minor Damage,Fire,WV,Northbrook,21,1,,1,1,,47300,4730,4730,37840,Nissan,Pathfinder,2014,1898,34.905688225049445,0.1,0.1,0.8,0,0
982,0.007499272039206574,0.75,Low,Low,Monitor,0,350,54,OH,500/1000,500,1495.1,0,MALE,College,other-service,basketball,wife,50500,0,Multi-vehicle Collision,Side Collision,Total Loss,Police,SC,Northbend,15,3,NO,0,0,,93480,15580,7790,70110,Chevrolet,Malibu,2014,469,62.52424586984149,0.1666666666666666,0.0833333333333333,0.75,0,1
983,0.007229405503462168,0.72,Low,Low,Monitor,0,259,43,IL,500/1000,2000,1537.13,0,FEMALE,PhD,handlers-cleaners,kayaking,own-child,0,-58300,Multi-vehicle Collision,Side Collision,Total Loss,Other,NY,Northbend,3,3,NO,0,2,YES,57060,6340,6340,44380,Ford,Fusion,2012,8358,37.1211283365753,0.1111111111111111,0.1111111111111111,0.7777777777777778,1,1
984,0.007160887405564988,0.72,Low,Low,Monitor,0,241,43,IN,250/500,1000,935.77,0,MALE,Associate,prof-specialty,golf,own-child,0,-36000,Vehicle Theft,,Trivial Damage,Police,PA,Northbend,21,1,NO,1,0,YES,7150,1300,650,5200,Volkswagen,Jetta,2003,8106,7.6407664276478195,0.1818181818181818,0.0909090909090909,0.7272727272727273,0,0
985,0.0068031494419786955,0.68,Low,Low,Monitor,0,133,34,IN,500/1000,500,1074.07,0,FEMALE,JD,prof-specialty,bungie-jumping,husband,70900,-61100,Parked Car,,Minor Damage,,WV,Northbend,8,1,NO,2,0,YES,4200,420,840,2940,Jeep,Wrangler,2013,7414,3.9103596599849175,0.1,0.2,0.7,0,0
986,0.006776098379359197,0.68,Low,Low,Monitor,0,152,33,IN,100/300,1000,1034.27,0,FEMALE,JD,armed-forces,exercise,husband,0,0,Single Vehicle Collision,Front Collision,Minor Damage,Fire,NY,Hillsdale,18,1,NO,1,0,NO,63900,7100,7100,49700,Accura,TL,2014,4989,61.78270664333298,0.1111111111111111,0.1111111111111111,0.7777777777777778,0,0
987,0.006466886780111996,0.65,Low,Low,Monitor,0,253,43,IL,500/1000,500,1187.01,7000000,FEMALE,Associate,tech-support,exercise,unmarried,46300,-33000,Vehicle Theft,,Trivial Damage,Police,NY,Northbrook,9,1,NO,0,1,,3840,640,640,2560,Chevrolet,Tahoe,2014,8580,3.235019081557864,0.1666666666666666,0.1666666666666666,0.6666666666666666,0,0
988,0.006399969646838781,0.64,Low,Low,Monitor,0,476,61,IN,250/500,1000,1562.8,0,FEMALE,Masters,handlers-cleaners,dancing,not-in-family,42800,-68200,Single Vehicle Collision,Front Collision,Total Loss,Fire,WV,Hillsdale,10,1,,1,2,YES,49390,8980,4490,35920,Suburu,Legacy,2009,7945,31.603532121832608,0.1818181818181818,0.0909090909090909,0.7272727272727273,0,0
989,0.00639985355659997,0.64,Low,Low,Monitor,0,151,37,IN,500/1000,1000,1728.56,0,FEMALE,Masters,farming-fishing,dancing,own-child,54000,0,Single Vehicle Collision,Front Collision,Minor Damage,Fire,WV,Northbrook,0,1,YES,1,1,,38830,3530,3530,31770,Suburu,Legacy,1999,8220,22.463784884528163,0.0909090909090909,0.0909090909090909,0.8181818181818182,1,0
990,0.0052655207618317245,0.53,Low,Low,Monitor,0,399,55,IL,500/1000,2000,995.56,0,MALE,JD,tech-support,sleeping,not-in-family,0,-65400,Multi-vehicle Collision,Side Collision,Total Loss,Police,NY,Northbend,23,3,YES,1,1,YES,88400,17680,8840,61880,Nissan,Pathfinder,2010,7969,88.7942464542569,0.2,0.1,0.7,1,1
991,0.004426519055293782,0.44,Low,Low,Monitor,0,134,36,OH,250/500,1000,1497.41,0,MALE,PhD,machine-op-inspct,kayaking,husband,14100,-44500,Multi-vehicle Collision,Side Collision,Minor Damage,Ambulance,WV,Northbrook,17,3,NO,2,0,YES,77200,9650,9650,57900,Ford,Escape,1996,8960,51.555686151421455,0.125,0.125,0.75,0,1
992,0.004299351883351481,0.43,Low,Low,Monitor,0,289,49,IL,500/1000,2000,1222.48,0,FEMALE,JD,priv-house-serv,golf,unmarried,0,0,Parked Car,,Minor Damage,,WV,Arlington,16,1,NO,1,1,YES,5330,1230,820,3280,Suburu,Legacy,2001,8019,4.359989529481055,0.2307692307692307,0.1538461538461538,0.6153846153846154,0,0
993,0.004110204754205606,0.41,Low,Low,Monitor,0,285,48,IL,100/300,2000,1101.85,0,FEMALE,College,sales,dancing,wife,46100,0,Single Vehicle Collision,Side Collision,Minor Damage,Police,PA,Springfield,9,1,NO,1,2,YES,33480,3720,3720,26040,Nissan,Pathfinder,2012,753,30.385261151699417,0.1111111111111111,0.1111111111111111,0.7777777777777778,0,0
994,0.0038293616905351745,0.38,Low,Low,Monitor,0,334,47,IL,500/1000,500,1238.89,0,MALE,Masters,protective-serv,sleeping,other-relative,0,0,Vehicle Theft,,Minor Damage,,WV,Northbend,3,1,,0,3,NO,6240,960,960,4320,Ford,Fusion,2011,5000,5.036766783168804,0.1538461538461538,0.1538461538461538,0.6923076923076923,1,0
995,0.003756549410690255,0.38,Low,Low,Monitor,0,85,27,IL,500/1000,2000,1174.14,0,MALE,College,priv-house-serv,dancing,unmarried,50400,-61500,Multi-vehicle Collision,Rear Collision,Minor Damage,Fire,NY,Northbend,14,4,YES,0,0,NO,59070,10740,5370,42960,Toyota,Camry,2012,6768,50.30916245081506,0.1818181818181818,0.0909090909090909,0.7272727272727273,0,1
996,0.003702489688695385,0.37,Low,Low,Monitor,0,294,49,IN,500/1000,500,1135.43,0,MALE,Masters,farming-fishing,bungie-jumping,own-child,22700,0,Multi-vehicle Collision,Side Collision,Total Loss,Police,WV,Columbus,23,3,YES,1,1,YES,42900,3900,3900,35100,Chevrolet,Malibu,2010,6949,37.78304254775723,0.0909090909090909,0.0909090909090909,0.8181818181818182,1,1
997,0.0032516398117856038,0.33,Low,Low,Monitor,0,270,45,OH,500/1000,1000,1038.09,0,FEMALE,College,handlers-cleaners,golf,husband,0,-19700,Multi-vehicle Collision,Front Collision,Minor Damage,Fire,NY,Springfield,18,3,NO,1,1,YES,89400,14900,7450,67050,Suburu,Legacy,1998,1828,86.11970060399388,0.1666666666666666,0.0833333333333333,0.75,0,1
998,0.0024713574942411506,0.25,Low,Low,Monitor,0,193,40,IL,100/300,500,1155.38,0,FEMALE,PhD,handlers-cleaners,movies,not-in-family,34200,-32300,Single Vehicle Collision,Side Collision,Minor Damage,Fire,NY,Columbus,6,1,NO,0,0,YES,63900,6390,6390,51120,Accura,TL,2001,3683,55.30647925357891,0.1,0.1,0.8,0,0
999,0.0021014626806665814,0.21,Low,Low,Monitor,0,38,28,OH,500/1000,500,1122.95,4000000,MALE,Masters,priv-house-serv,golf,other-relative,78000,0,Multi-vehicle Collision,Side Collision,Minor Damage,Ambulance,WV,Northbrook,4,3,NO,0,3,YES,74880,12480,12480,49920,Accura,TL,2000,7495,66.68150852664856,0.1666666666666666,0.1666666666666666,0.6666666666666666,1,1
1000,0.0016734147019409082,0.17,Low,Low,Monitor,0,212,40,IL,500/1000,1000,1524.45,0,FEMALE,Masters,other-service,golf,husband,73200,0,Multi-vehicle Collision,Side Collision,Minor Damage,Other,NY,Northbrook,17,3,YES,0,2,YES,82400,8240,8240,65920,Nissan,Pathfinder,2006,4402,54.05228115057889,0.1,0.1,0.8,0,1
