model,accuracy,precision,recall,f1_score,roc_auc
Logistic Regression,0.825,0.625,0.7142857142857143,0.6666666666666666,0.8333558588998514
Gradient Boosting,0.795,0.5869565217391305,0.5510204081632653,0.5684210526315789,0.8383565346668468
Random Forest,0.78,0.6,0.30612244897959184,0.40540540540540543,0.8409244492498986
